[{"AGENCYNUM":55,"NAME":"Sunshine Travel","STREET":"134 West Street","POSTCODE":"54323","CITY":"Rochester","COUNTRY":"US","REGION":"NY","TELEPHONE":"+1 901-632-5620","URL":"http://www.sunshine-travel.sap","LANGU":"E","CURRENCY":"USD"},{"AGENCYNUM":61,"NAME":"Fly High","STREET":"Berliner Allee 11","POSTCODE":"40880","CITY":"Duesseldorf","COUNTRY":"DE","REGION":"05","TELEPHONE":"+49 2102 69555","URL":"http://www.flyhigh.sap","LANGU":"D","CURRENCY":"EUR"},{"AGENCYNUM":87,"NAME":"Happy Hopping","STREET":"Calvinstr. 36","POSTCODE":"13467","CITY":"Berlin","COUNTRY":"DE","REGION":"11","TELEPHONE":"+49 30-8853-0","URL":"http://www.haphop.sap","LANGU":"D","CURRENCY":"EUR"},{"AGENCYNUM":93,"NAME":"Pink Panther","STREET":"Auf der Schanz 54","POSTCODE":"65936","CITY":"Frankfurt","COUNTRY":"DE","REGION":"06","TELEPHONE":"+49 69-467653-0","URL":"http://www.pinkpanther.sap","LANGU":"D","CURRENCY":"EUR"},{"AGENCYNUM":100,"NAME":"Your Choice","STREET":"Gustav-Jung-Str. 425","POSTCODE":"90455","CITY":"Nuernberg","COUNTRY":"DE","REGION":"09","TELEPHONE":"+49 9256-4548-0","URL":"http://www.yc.sap","LANGU":"D","CURRENCY":"EUR"},{"AGENCYNUM":101,"NAME":"Bella Italia","STREET":"Via Marconi 123","POSTCODE":"00139","CITY":"Roma","COUNTRY":"IT","TELEPHONE":"+39 6 893546721","URL":"http://www.tours.it/Adventure/","LANGU":"I","CURRENCY":"EUR"},{"AGENCYNUM":102,"NAME":"Hot Socks Travel","STREET":"224 Balnagask Rd","POSTBOX":"15 08 69","POSTCODE":"8053","CITY":"Sydney","COUNTRY":"AU","REGION":"NSW","TELEPHONE":"+61 2 2004 5000","URL":"http://www.hst.co.au","LANGU":"E","CURRENCY":"AUD"},{"AGENCYNUM":103,"NAME":"Burns Nuclear","STREET":"14 Science Park Drive","POSTCODE":"118228","CITY":"Singapore","COUNTRY":"SG","TELEPHONE":"+65 777-5566","URL":"http://www.burns-burns-burns.sg","LANGU":"E","CURRENCY":"SGD"},{"AGENCYNUM":104,"NAME":"Honauer Reisen GmbH","STREET":"Baumgarten 8","POSTCODE":"4212","CITY":"Neumarkt","COUNTRY":"AT","TELEPHONE":"+43 7941 8903","URL":"http://www.honauer.at","LANGU":"D","CURRENCY":"EUR"},{"AGENCYNUM":105,"NAME":"Travel from Walldorf","STREET":"Altonaer Str. 24","POSTCODE":"10557","CITY":"Berlin","COUNTRY":"DE","REGION":"11","TELEPHONE":"+49 30-622860","URL":"http://www.travel-from-walldorf","LANGU":"D","CURRENCY":"EUR"},{"AGENCYNUM":106,"NAME":"Voyager Enterprises","STREET":"Gustavslundsvaegen 151","POSTCODE":"70563","CITY":"Stockholm","COUNTRY":"SE","TELEPHONE":"+46 8/ 587 70000","URL":"http://www.starfleet.ufp","LANGU":"V","CURRENCY":"SEK"},{"AGENCYNUM":107,"NAME":"Ben McCloskey Ltd.","STREET":"74 Court Oak Rd","POSTCODE":"B17 9TN","CITY":"Birmingham","COUNTRY":"GB","TELEPHONE":"+44 121 365-2251","URL":"http://www.ben-mcCloskey.co.uk","LANGU":"E","CURRENCY":"GBP"},{"AGENCYNUM":108,"NAME":"Pillepalle Trips","STREET":"Gorki Park 4","POSTCODE":"8008","CITY":"Zuerich","COUNTRY":"CH","TELEPHONE":"+41 1 345-5321","URL":"http://www.pi-pa-tri.sap","LANGU":"D","CURRENCY":"CHF"},{"AGENCYNUM":109,"NAME":"Kangeroos","STREET":"Lancaster drive 435","POSTCODE":"20001","CITY":"London","COUNTRY":"GB","REGION":"LO","TELEPHONE":"+44 171-2937638","URL":"http://www.hopp.sap","LANGU":"E","CURRENCY":"GBP"},{"AGENCYNUM":110,"NAME":"Bavarian Castle","STREET":"Pilnizerstr. 241","POSTCODE":"01069","CITY":"Dresden","COUNTRY":"DE","TELEPHONE":"+49 98-32832732","URL":"http://www.neu.schwanstein.sap","LANGU":"D","CURRENCY":"EUR"},{"AGENCYNUM":111,"NAME":"Ali's Bazar","STREET":"45, Mac Arthur Boulevard","POSTCODE":"19113","CITY":"Boston","COUNTRY":"US","REGION":"MA","TELEPHONE":"+1 508-692-5200","URL":"http://www.ali.sap","LANGU":"E","CURRENCY":"USD"},{"AGENCYNUM":112,"NAME":"Super Agency","STREET":"50 Cranworth St","POSTCODE":"G12 8AG","CITY":"Glasgow","COUNTRY":"GB","TELEPHONE":"+44 141 711-5643","URL":"http://www.super.sap","LANGU":"E","CURRENCY":"GBP"},{"AGENCYNUM":113,"NAME":"Wang Chong","STREET":"Gagarine Park","POSTCODE":"150021","CITY":"Moscow","COUNTRY":"RU","TELEPHONE":"+7 3287-213321","URL":"http://www.wang.chong.sap","LANGU":"E","CURRENCY":"USD"},{"AGENCYNUM":114,"NAME":"Around the World","STREET":"An der Breiten Wiese 122","POSTCODE":"30625","CITY":"Hannover","COUNTRY":"DE","REGION":"03","TELEPHONE":"+49 511-347589-0","URL":"http://www.atw.sap","LANGU":"D","CURRENCY":"EUR"},{"AGENCYNUM":115,"NAME":"No Return","STREET":"Wahnheider Str. 57","POSTCODE":"51105","CITY":"Koeln","COUNTRY":"DE","REGION":"05","TELEPHONE":"+49 221-5689-100","URL":"http://www.bye-bye.sap","LANGU":"D","CURRENCY":"EUR"},{"AGENCYNUM":116,"NAME":"Special Agency Peru","STREET":"Triberger Str. 42","POSTCODE":"70569","CITY":"Stuttgart","COUNTRY":"DE","REGION":"08","TELEPHONE":"+49 711-7100","URL":"http://www.sap.com","LANGU":"D","CURRENCY":"EUR"},{"AGENCYNUM":117,"NAME":"Caribian Dreams","STREET":"Deichstrasse 45","POSTCODE":"26721","CITY":"Emden","COUNTRY":"DE","REGION":"03","TELEPHONE":"+49 2670-8560-0","URL":"http://www.cuba-libre.sap","LANGU":"D","CURRENCY":"EUR"},{"AGENCYNUM":118,"NAME":"Asia By Plane","STREET":"6-9 Iidabashi 7-chome","POSTCODE":"102-0072","CITY":"Tokyo","COUNTRY":"JP","TELEPHONE":"+81 3-3239-3501","URL":"http://www.asia-by-plane.co.jp","LANGU":"E","CURRENCY":"JPY"},{"AGENCYNUM":119,"NAME":"Everywhere","STREET":"Regensburger Platz 23","POSTCODE":"81679","CITY":"Muenchen","COUNTRY":"DE","REGION":"09","TELEPHONE":"+49 89-2499239","URL":"http://www.everywhere.sap","LANGU":"D","CURRENCY":"EUR"},{"AGENCYNUM":120,"NAME":"Happy Holiday","STREET":"Rastenburger Str. 12","POSTCODE":"28779","CITY":"Bremen","COUNTRY":"DE","REGION":"04","TELEPHONE":"+49 3266-288817","URL":"http://www.haphol.sap","LANGU":"D","CURRENCY":"EUR"},{"AGENCYNUM":121,"NAME":"No Name","STREET":"Schwalbenweg 43","POSTCODE":"52078","CITY":"Aachen","COUNTRY":"DE","REGION":"05","TELEPHONE":"+49 241-77729","URL":"http://www.nn.sap","LANGU":"D","CURRENCY":"EUR"},{"AGENCYNUM":122,"NAME":"Fly Low","STREET":"Chemnitzer Str. 42","POSTCODE":"01187","CITY":"Dresden","COUNTRY":"DE","REGION":"14","TELEPHONE":"+49 351-5423-00","URL":"http://www.fly-low.sap","LANGU":"D","CURRENCY":"EUR"},{"AGENCYNUM":123,"NAME":"Aussie Travel","STREET":"Queens Road","POSTCODE":"M8 7RYP","CITY":"Manchester","COUNTRY":"GB","REGION":"GM","TELEPHONE":"+44 161 2052000","URL":"http://www.down-under.sap","LANGU":"E","CURRENCY":"GBP"},{"AGENCYNUM":124,"NAME":"Up 'n' Away","STREET":"Nackenbergerstr. 92","POSTCODE":"30625","CITY":"Hannover","COUNTRY":"DE","REGION":"03","TELEPHONE":"+49 511 403266-0","URL":"http://www.una.sap","LANGU":"D","CURRENCY":"EUR"},{"AGENCYNUM":125,"NAME":"Trans World Travel","STREET":"100 Industrial Drive","POSTCODE":"60804","CITY":"Chicago","COUNTRY":"US","REGION":"IL","TELEPHONE":"+1 708-454-8723","URL":"http://www.twt.sap","LANGU":"E","CURRENCY":"USD"},{"AGENCYNUM":130,"NAME":"Bright Side of Life","STREET":"340 State Street","POSTCODE":"30432","CITY":"San Francisco","COUNTRY":"US","REGION":"CA","TELEPHONE":"+1 415-454-9877","URL":"http://www.ruebennase.sap","LANGU":"E","CURRENCY":"USD"},{"AGENCYNUM":152,"NAME":"Sunny, Sunny, Sunny","STREET":"1300 State Street","POSTCODE":"19003","CITY":"Philadelphia","COUNTRY":"US","REGION":"PA","TELEPHONE":"+1 215-090-7659","URL":"http://www.s3.sap","LANGU":"E","CURRENCY":"USD"},{"AGENCYNUM":188,"NAME":"Fly & Smile","STREET":"Zeppelinstr. 17","POSTBOX":"16 05 29","POSTCODE":"60318","CITY":"Frankfurt","COUNTRY":"DE","REGION":"06","TELEPHONE":"+49 69-99-0","URL":"http://www.fly-and-smile.sap","LANGU":"D","CURRENCY":"EUR"},{"AGENCYNUM":222,"NAME":"Supercheap","STREET":"1400, Washington Circle","POSTCODE":"30439","CITY":"Los Angeles","COUNTRY":"US","REGION":"CA","TELEPHONE":"+1 251-369-2510","URL":"http://www.supercheap.sap","LANGU":"E","CURRENCY":"USD"},{"AGENCYNUM":224,"NAME":"Hitchhiker","STREET":"21 Rue de Moselle","POSTCODE":"92132","CITY":"Issy-les-Moulineaux","COUNTRY":"FR","REGION":"57","TELEPHONE":"+33 1-405-555-888","URL":"http://www.42.sap","LANGU":"F","CURRENCY":"EUR"},{"AGENCYNUM":229,"NAME":"Fly Now, Pay Later","STREET":"100 Madison","POSTCODE":"11012","CITY":"New York","COUNTRY":"US","REGION":"NY","TELEPHONE":"+1 512 343-8543","URL":"http://www.fn-pl.sap","LANGU":"E","CURRENCY":"USD"},{"AGENCYNUM":233,"NAME":"Real Weird Vacation","STREET":"949 5th Street","POSTCODE":"V6T 1Z4","CITY":"Vancouver","COUNTRY":"CA","TELEPHONE":"+1 604 827-8024","URL":"http://www.reweva.sap","LANGU":"E","CURRENCY":"CAD"},{"AGENCYNUM":254,"NAME":"Cap Travels Ltd.","STREET":"10 Mandela St","POSTBOX":"16 05 29","POSTCODE":"2128","CITY":"Johannesburg","COUNTRY":"ZA","REGION":"06","TELEPHONE":"+27 11 886-8981","URL":"http://www.cap-travels.co.za","LANGU":"E","CURRENCY":"ZAR"},{"AGENCYNUM":284,"NAME":"Rainy, Stormy, Cloudy","STREET":"Lindenstr. 462","POSTCODE":"70563","CITY":"Stuttgart","COUNTRY":"DE","REGION":"08","TELEPHONE":"+49 711-7992-00","URL":"http://www.windy.sap/rsc/","LANGU":"D","CURRENCY":"EUR"},{"AGENCYNUM":291,"NAME":"Women only","STREET":"Kirchstr. 53","POSTCODE":"55124","CITY":"Mainz","COUNTRY":"DE","REGION":"07","TELEPHONE":"+49 6131-543-00","URL":"http://www.women-only.sap","LANGU":"D","CURRENCY":"EUR"},{"AGENCYNUM":294,"NAME":"Maxitrip","STREET":"Flugfeld 17","POSTBOX":"11 06 68","POSTCODE":"65128","CITY":"Wiesbaden","COUNTRY":"DE","REGION":"05","TELEPHONE":"+49 611-55 66 77","URL":"http://www.maxitrip.sap","LANGU":"D","CURRENCY":"EUR"},{"AGENCYNUM":295,"NAME":"The Ultimate Answer","STREET":"Manchester Rd 20","POSTCODE":"AB1 1SA","CITY":"Avon","COUNTRY":"GB","REGION":"AV","TELEPHONE":"+44 934-66799","URL":"http://www.thulan.sap","LANGU":"E","CURRENCY":"GBP"},{"AGENCYNUM":297,"NAME":"Intertravel","STREET":"Michigan Ave","POSTCODE":"60154","CITY":"Chicago","COUNTRY":"US","REGION":"IL","TELEPHONE":"+1 788 798-6555","URL":"http://www.intertravel.sap","LANGU":"E","CURRENCY":"USD"},{"AGENCYNUM":301,"NAME":"Ultimate Goal","STREET":"300 Peach tree street Sou","POSTCODE":"01069","CITY":"Atlanta","COUNTRY":"US","REGION":"GA","TELEPHONE":"+1 874-654-6686","URL":"http://www.ultimate-goal.sap","LANGU":"E","CURRENCY":"USD"},{"AGENCYNUM":304,"NAME":"Submit and Return","STREET":"20890 East Central Ave","POSTCODE":"30987","CITY":"Palo Alto","COUNTRY":"US","REGION":"CA","TELEPHONE":"+1 652 645-5236","URL":"http://www.sar.sap","LANGU":"E","CURRENCY":"USD"},{"AGENCYNUM":310,"NAME":"Hendrik's","STREET":"1200 Industrial Drive","POSTCODE":"60153","CITY":"Chicago","COUNTRY":"US","REGION":"IL","TELEPHONE":"+1 08-924-9884","URL":"http://www.essen.sap/150596","LANGU":"E","CURRENCY":"USD"},{"AGENCYNUM":319,"NAME":"All British Air Planes","STREET":"224 Tomato Lane","POSTCODE":"08965","CITY":"Vineland","COUNTRY":"US","REGION":"NJ","TELEPHONE":"+44 609-896-Moore","URL":"http://www.abap.sap","LANGU":"E","CURRENCY":"USD"},{"AGENCYNUM":320,"NAME":"Rocky Horror Tours","STREET":"789 Santa Monica Blvd.","POSTCODE":"08934","CITY":"Santa Monica","COUNTRY":"US","REGION":"PA","TELEPHONE":"+1 64351-6455-654","URL":"http://www.frank.furter.sap","LANGU":"E","CURRENCY":"USD"},{"AGENCYNUM":323,"NAME":"Miles and More","STREET":"777 Arlington Blvd.","POSTCODE":"46515","CITY":"Elkhart","COUNTRY":"US","REGION":"IN","TELEPHONE":"+1 646 867-6888","URL":"http://www.mam.sap","LANGU":"E","CURRENCY":"USD"},{"AGENCYNUM":325,"NAME":"Not Only By Bike","STREET":"Saalburgstr. 765","POSTCODE":"60385","CITY":"Frankfurt","COUNTRY":"DE","REGION":"06","TELEPHONE":"+49 69 465789-0","URL":"http://www.nobb.sap","LANGU":"D","CURRENCY":"EUR"}]