[{"CARRID":"AA","MEALNUMBER":1},{"CARRID":"AA","MEALNUMBER":2},{"CARRID":"AA","MEALNUMBER":3},{"CARRID":"AA","MEALNUMBER":4},{"CARRID":"AA","MEALNUMBER":5},{"CARRID":"AA","MEALNUMBER":6},{"CARRID":"AA","MEALNUMBER":7},{"CARRID":"AB","MEALNUMBER":1},{"CARRID":"AB","MEALNUMBER":2},{"CARRID":"AB","MEALNUMBER":3},{"CARRID":"AB","MEALNUMBER":4},{"CARRID":"AB","MEALNUMBER":5},{"CARRID":"AB","MEALNUMBER":6},{"CARRID":"AB","MEALNUMBER":7},{"CARRID":"AC","MEALNUMBER":1},{"CARRID":"AC","MEALNUMBER":2},{"CARRID":"AC","MEALNUMBER":3},{"CARRID":"AC","MEALNUMBER":4},{"CARRID":"AC","MEALNUMBER":5},{"CARRID":"AC","MEALNUMBER":6},{"CARRID":"AC","MEALNUMBER":7},{"CARRID":"AF","MEALNUMBER":1},{"CARRID":"AF","MEALNUMBER":2},{"CARRID":"AF","MEALNUMBER":3},{"CARRID":"AF","MEALNUMBER":4},{"CARRID":"AF","MEALNUMBER":5},{"CARRID":"AF","MEALNUMBER":6},{"CARRID":"AF","MEALNUMBER":7},{"CARRID":"AZ","MEALNUMBER":1},{"CARRID":"AZ","MEALNUMBER":2},{"CARRID":"AZ","MEALNUMBER":3},{"CARRID":"AZ","MEALNUMBER":4},{"CARRID":"AZ","MEALNUMBER":5},{"CARRID":"AZ","MEALNUMBER":6},{"CARRID":"AZ","MEALNUMBER":7},{"CARRID":"BA","MEALNUMBER":1},{"CARRID":"BA","MEALNUMBER":2},{"CARRID":"BA","MEALNUMBER":3},{"CARRID":"BA","MEALNUMBER":4},{"CARRID":"BA","MEALNUMBER":5},{"CARRID":"BA","MEALNUMBER":6},{"CARRID":"BA","MEALNUMBER":7},{"CARRID":"CO","MEALNUMBER":1},{"CARRID":"CO","MEALNUMBER":2},{"CARRID":"CO","MEALNUMBER":3},{"CARRID":"CO","MEALNUMBER":4},{"CARRID":"CO","MEALNUMBER":5},{"CARRID":"CO","MEALNUMBER":6},{"CARRID":"CO","MEALNUMBER":7},{"CARRID":"DL","MEALNUMBER":1},{"CARRID":"DL","MEALNUMBER":2},{"CARRID":"DL","MEALNUMBER":3},{"CARRID":"DL","MEALNUMBER":4},{"CARRID":"DL","MEALNUMBER":5},{"CARRID":"DL","MEALNUMBER":6},{"CARRID":"DL","MEALNUMBER":7},{"CARRID":"FJ","MEALNUMBER":1},{"CARRID":"FJ","MEALNUMBER":2},{"CARRID":"FJ","MEALNUMBER":3},{"CARRID":"FJ","MEALNUMBER":4},{"CARRID":"FJ","MEALNUMBER":5},{"CARRID":"FJ","MEALNUMBER":6},{"CARRID":"FJ","MEALNUMBER":7},{"CARRID":"JL","MEALNUMBER":1},{"CARRID":"JL","MEALNUMBER":2},{"CARRID":"JL","MEALNUMBER":3},{"CARRID":"JL","MEALNUMBER":4},{"CARRID":"JL","MEALNUMBER":5},{"CARRID":"JL","MEALNUMBER":6},{"CARRID":"JL","MEALNUMBER":7},{"CARRID":"LH","MEALNUMBER":1},{"CARRID":"LH","MEALNUMBER":2},{"CARRID":"LH","MEALNUMBER":3},{"CARRID":"LH","MEALNUMBER":4},{"CARRID":"LH","MEALNUMBER":5},{"CARRID":"LH","MEALNUMBER":6},{"CARRID":"LH","MEALNUMBER":7},{"CARRID":"NG","MEALNUMBER":1},{"CARRID":"NG","MEALNUMBER":2},{"CARRID":"NG","MEALNUMBER":3},{"CARRID":"NG","MEALNUMBER":4},{"CARRID":"NG","MEALNUMBER":5},{"CARRID":"NG","MEALNUMBER":6},{"CARRID":"NG","MEALNUMBER":7},{"CARRID":"NW","MEALNUMBER":1},{"CARRID":"NW","MEALNUMBER":2},{"CARRID":"NW","MEALNUMBER":3},{"CARRID":"NW","MEALNUMBER":4},{"CARRID":"NW","MEALNUMBER":5},{"CARRID":"NW","MEALNUMBER":6},{"CARRID":"NW","MEALNUMBER":7},{"CARRID":"QF","MEALNUMBER":1},{"CARRID":"QF","MEALNUMBER":2},{"CARRID":"QF","MEALNUMBER":3},{"CARRID":"QF","MEALNUMBER":4},{"CARRID":"QF","MEALNUMBER":5},{"CARRID":"QF","MEALNUMBER":6},{"CARRID":"QF","MEALNUMBER":7},{"CARRID":"SA","MEALNUMBER":1},{"CARRID":"SA","MEALNUMBER":2},{"CARRID":"SA","MEALNUMBER":3},{"CARRID":"SA","MEALNUMBER":4},{"CARRID":"SA","MEALNUMBER":5},{"CARRID":"SA","MEALNUMBER":6},{"CARRID":"SA","MEALNUMBER":7},{"CARRID":"SQ","MEALNUMBER":1},{"CARRID":"SQ","MEALNUMBER":2},{"CARRID":"SQ","MEALNUMBER":3},{"CARRID":"SQ","MEALNUMBER":4},{"CARRID":"SQ","MEALNUMBER":5},{"CARRID":"SQ","MEALNUMBER":6},{"CARRID":"SQ","MEALNUMBER":7},{"CARRID":"SR","MEALNUMBER":1},{"CARRID":"SR","MEALNUMBER":2},{"CARRID":"SR","MEALNUMBER":3},{"CARRID":"SR","MEALNUMBER":4},{"CARRID":"SR","MEALNUMBER":5},{"CARRID":"SR","MEALNUMBER":6},{"CARRID":"SR","MEALNUMBER":7},{"CARRID":"UA","MEALNUMBER":1},{"CARRID":"UA","MEALNUMBER":2},{"CARRID":"UA","MEALNUMBER":3},{"CARRID":"UA","MEALNUMBER":4},{"CARRID":"UA","MEALNUMBER":5},{"CARRID":"UA","MEALNUMBER":6},{"CARRID":"UA","MEALNUMBER":7}]