[{"PLANETYPE":"146-200","SEATSMAX":112,"CONSUM":1.6720000000000000E+03,"CON_UNIT":"KGH","TANKCAP":14000.0000,"CAP_UNIT":"L","WEIGHT":33000.0000,"WEI_UNIT":"KG","SPAN":2.6340000000000000E+01,"SPAN_UNIT":"M","LENG":2.8550000000000001E+01,"LENG_UNIT":"M","OP_SPEED":482.0000,"SPEED_UNIT":"KT","PRODUCER":"BA","SEATSMAX_B":11,"SEATSMAX_F":11},{"PLANETYPE":"146-300","SEATSMAX":128,"CONSUM":1.7240000000000000E+03,"CON_UNIT":"KGH","TANKCAP":12901.0000,"CAP_UNIT":"L","WEIGHT":25458.0000,"WEI_UNIT":"KG","SPAN":2.6340000000000000E+01,"SPAN_UNIT":"M","LENG":3.0989999999999998E+01,"LENG_UNIT":"M","OP_SPEED":305.0000,"SPEED_UNIT":"KT","PRODUCER":"BA","SEATSMAX_B":11,"SEATSMAX_F":11},{"PLANETYPE":"727-200","SEATSMAX":189,"CONSUM":8.3000000000000000E+03,"CON_UNIT":"KGH","TANKCAP":31000.0000,"CAP_UNIT":"L","WEIGHT":46164.0000,"WEI_UNIT":"KG","SPAN":3.2899999999999999E+01,"SPAN_UNIT":"M","LENG":4.6700000000000003E+01,"LENG_UNIT":"M","OP_SPEED":467.0000,"SPEED_UNIT":"KT","PRODUCER":"BOE","SEATSMAX_B":18,"SEATSMAX_F":11},{"PLANETYPE":"737-200SF","SEATSMAX":13,"CONSUM":2.3270000000000000E+03,"CON_UNIT":"KGH","TANKCAP":22598.0000,"CAP_UNIT":"L","WEIGHT":27520.0000,"WEI_UNIT":"KG","SPAN":2.8300000000000001E+01,"SPAN_UNIT":"M","LENG":3.0530000000000001E+01,"LENG_UNIT":"M","OP_SPEED":350.0000,"SPEED_UNIT":"KT","PRODUCER":"BOE"},{"PLANETYPE":"737-400","SEATSMAX":138,"CONSUM":3.5270000000000000E+03,"CON_UNIT":"KGH","TANKCAP":23170.0000,"CAP_UNIT":"L","WEIGHT":33200.0000,"WEI_UNIT":"KG","SPAN":2.8899999999999999E+01,"SPAN_UNIT":"M","LENG":3.6500000000000000E+01,"LENG_UNIT":"M","OP_SPEED":437.0000,"SPEED_UNIT":"KT","PRODUCER":"BOE","SEATSMAX_B":11,"SEATSMAX_F":10},{"PLANETYPE":"737-800","SEATSMAX":140,"CONSUM":3.5270000000000000E+03,"CON_UNIT":"KGH","TANKCAP":26020.0000,"CAP_UNIT":"L","WEIGHT":38147.0000,"WEI_UNIT":"KG","SPAN":3.5700000000000003E+01,"SPAN_UNIT":"M","LENG":3.9500000000000000E+01,"LENG_UNIT":"M","OP_SPEED":473.0000,"SPEED_UNIT":"KT","PRODUCER":"BOE","SEATSMAX_B":12,"SEATSMAX_F":10},{"PLANETYPE":"747-200F","SEATSMAX":171,"CONSUM":1.1200000000000000E+04,"CON_UNIT":"KGH","TANKCAP":199800.0000,"CAP_UNIT":"L","WEIGHT":174000.0000,"WEI_UNIT":"KG","SPAN":5.9600000000000001E+01,"SPAN_UNIT":"M","LENG":7.0700000000000003E+01,"LENG_UNIT":"M","OP_SPEED":484.0000,"SPEED_UNIT":"KT","PRODUCER":"BOE","SEATSMAX_B":17,"SEATSMAX_F":11},{"PLANETYPE":"747-400","SEATSMAX":385,"CONSUM":1.2400000000000000E+04,"CON_UNIT":"KGH","TANKCAP":216840.0000,"CAP_UNIT":"L","WEIGHT":178750.0000,"WEI_UNIT":"KG","SPAN":6.4299999999999997E+01,"SPAN_UNIT":"M","LENG":7.0700000000000003E+01,"LENG_UNIT":"M","OP_SPEED":490.0000,"SPEED_UNIT":"KT","PRODUCER":"BOE","SEATSMAX_B":31,"SEATSMAX_F":21},{"PLANETYPE":"757F","SEATSMAX":239,"CONSUM":8.0000000000000000E+03,"CON_UNIT":"KGH","TANKCAP":68000.0000,"CAP_UNIT":"L","WEIGHT":57067.0000,"WEI_UNIT":"KG","SPAN":3.8049999999999997E+01,"SPAN_UNIT":"M","LENG":4.7320000000000000E+01,"LENG_UNIT":"M","OP_SPEED":350.0000,"SPEED_UNIT":"KT","PRODUCER":"BOE","SEATSMAX_B":21,"SEATSMAX_F":16},{"PLANETYPE":"767-200","SEATSMAX":260,"CONSUM":3.7700000000000000E+03,"CON_UNIT":"KGH","TANKCAP":78000.0000,"CAP_UNIT":"L","WEIGHT":82282.0000,"WEI_UNIT":"KG","SPAN":4.7570000000000000E+01,"SPAN_UNIT":"M","LENG":4.8509999999999998E+01,"LENG_UNIT":"M","OP_SPEED":459.0000,"SPEED_UNIT":"KT","PRODUCER":"BOE","SEATSMAX_B":21,"SEATSMAX_F":11},{"PLANETYPE":"767-300","SEATSMAX":302,"CONSUM":3.8690000000000000E+03,"CON_UNIT":"KGH","TANKCAP":81000.0000,"CAP_UNIT":"L","WEIGHT":86455.0000,"WEI_UNIT":"KG","SPAN":4.7570000000000000E+01,"SPAN_UNIT":"M","LENG":5.3670000000000002E+01,"LENG_UNIT":"M","OP_SPEED":460.0000,"SPEED_UNIT":"KT","PRODUCER":"BOE","SEATSMAX_B":31,"SEATSMAX_F":11},{"PLANETYPE":"777-300","SEATSMAX":300,"CONSUM":1.0270000000000000E+04,"CON_UNIT":"KGH","TANKCAP":171160.0000,"CAP_UNIT":"L","WEIGHT":160120.0000,"WEI_UNIT":"KG","SPAN":6.0899999999999999E+01,"SPAN_UNIT":"M","LENG":7.3900000000000006E+01,"LENG_UNIT":"M","OP_SPEED":495.0000,"SPEED_UNIT":"KT","PRODUCER":"BOE","SEATSMAX_B":35,"SEATSMAX_F":25},{"PLANETYPE":"A300-600ST","SEATSMAX":230,"CONSUM":7.5900000000000000E+03,"CON_UNIT":"KGH","TANKCAP":68150.0000,"CAP_UNIT":"L","WEIGHT":90060.0000,"WEI_UNIT":"KG","SPAN":4.4840000000000003E+01,"SPAN_UNIT":"M","LENG":5.4159999999999997E+01,"LENG_UNIT":"M","OP_SPEED":490.0000,"SPEED_UNIT":"KT","PRODUCER":"BOE","SEATSMAX_B":20,"SEATSMAX_F":10},{"PLANETYPE":"A310-200","SEATSMAX":280,"CONSUM":7.5700000000000000E+03,"CON_UNIT":"KGH","TANKCAP":55560.0000,"CAP_UNIT":"L","WEIGHT":79450.0000,"WEI_UNIT":"KG","SPAN":4.3899999999999999E+01,"SPAN_UNIT":"M","LENG":4.6659999999999997E+01,"LENG_UNIT":"M","OP_SPEED":459.0000,"SPEED_UNIT":"KT","PRODUCER":"A","SEATSMAX_B":34,"SEATSMAX_F":17},{"PLANETYPE":"A310-200F","SEATSMAX":10,"CONSUM":7.5700000000000000E+03,"CON_UNIT":"KGH","TANKCAP":55560.0000,"CAP_UNIT":"L","WEIGHT":79450.0000,"WEI_UNIT":"KG","SPAN":4.3899999999999999E+01,"SPAN_UNIT":"M","LENG":4.6659999999999997E+01,"LENG_UNIT":"M","OP_SPEED":459.0000,"SPEED_UNIT":"KT","PRODUCER":"A"},{"PLANETYPE":"A310-200ST","SEATSMAX":8,"CONSUM":1.0500000000000000E+04,"CON_UNIT":"KGH","TANKCAP":75400.0000,"CAP_UNIT":"L","WEIGHT":79450.0000,"WEI_UNIT":"KG","SPAN":4.3899999999999999E+01,"SPAN_UNIT":"M","LENG":4.6659999999999997E+01,"LENG_UNIT":"M","OP_SPEED":459.0000,"SPEED_UNIT":"KT","PRODUCER":"A"},{"PLANETYPE":"A310-300","SEATSMAX":280,"CONSUM":6.5300000000000000E+03,"CON_UNIT":"KGH","TANKCAP":75400.0000,"CAP_UNIT":"L","WEIGHT":79666.0000,"WEI_UNIT":"KG","SPAN":4.3899999999999999E+01,"SPAN_UNIT":"M","LENG":4.6659999999999997E+01,"LENG_UNIT":"M","OP_SPEED":458.0000,"SPEED_UNIT":"KT","PRODUCER":"A","SEATSMAX_B":22,"SEATSMAX_F":10},{"PLANETYPE":"A319-100","SEATSMAX":120,"CONSUM":3.1200000000000000E+03,"CON_UNIT":"KGH","TANKCAP":22340.0000,"CAP_UNIT":"L","WEIGHT":40600.0000,"WEI_UNIT":"KG","SPAN":3.4100000000000001E+01,"SPAN_UNIT":"M","LENG":3.4509999999999998E+01,"LENG_UNIT":"M","OP_SPEED":453.0000,"SPEED_UNIT":"KT","PRODUCER":"A","SEATSMAX_B":8,"SEATSMAX_F":8},{"PLANETYPE":"A320-200","SEATSMAX":130,"CONSUM":3.5780000000000000E+03,"CON_UNIT":"KGH","TANKCAP":29680.0000,"CAP_UNIT":"L","WEIGHT":42400.0000,"WEI_UNIT":"KG","SPAN":3.4100000000000001E+01,"SPAN_UNIT":"M","LENG":3.7570000000000000E+01,"LENG_UNIT":"M","OP_SPEED":453.0000,"SPEED_UNIT":"KT","PRODUCER":"A","SEATSMAX_B":10,"SEATSMAX_F":8},{"PLANETYPE":"A321-200","SEATSMAX":150,"CONSUM":3.9200000000000000E+03,"CON_UNIT":"KGH","TANKCAP":34500.0000,"CAP_UNIT":"L","WEIGHT":46600.0000,"WEI_UNIT":"KG","SPAN":3.4100000000000001E+01,"SPAN_UNIT":"M","LENG":4.4509999999999998E+01,"LENG_UNIT":"M","OP_SPEED":453.0000,"SPEED_UNIT":"KT","PRODUCER":"A","SEATSMAX_B":16,"SEATSMAX_F":12},{"PLANETYPE":"A330-300","SEATSMAX":223,"CONSUM":6.5000000000000000E+03,"CON_UNIT":"KGH","TANKCAP":97500.0000,"CAP_UNIT":"L","WEIGHT":117800.0000,"WEI_UNIT":"KG","SPAN":6.0299999999999997E+01,"SPAN_UNIT":"M","LENG":6.3700000000000003E+01,"LENG_UNIT":"M","OP_SPEED":465.0000,"SPEED_UNIT":"KT","PRODUCER":"A","SEATSMAX_B":22,"SEATSMAX_F":11},{"PLANETYPE":"A340-600","SEATSMAX":330,"CONSUM":1.0500000000000000E+04,"CON_UNIT":"KGH","TANKCAP":196000.0000,"CAP_UNIT":"L","WEIGHT":177000.0000,"WEI_UNIT":"KG","SPAN":6.3450000000000003E+01,"SPAN_UNIT":"M","LENG":7.5299999999999997E+01,"LENG_UNIT":"M","OP_SPEED":480.0000,"SPEED_UNIT":"KT","PRODUCER":"A","SEATSMAX_B":30,"SEATSMAX_F":20},{"PLANETYPE":"A380-800","SEATSMAX":475,"CONSUM":1.2070000000000000E+04,"CON_UNIT":"KGH","TANKCAP":310000.0000,"CAP_UNIT":"L","WEIGHT":276000.0000,"WEI_UNIT":"KG","SPAN":7.9799999999999997E+01,"SPAN_UNIT":"M","LENG":7.3000000000000000E+01,"LENG_UNIT":"M","OP_SPEED":487.0000,"SPEED_UNIT":"KT","PRODUCER":"A","SEATSMAX_B":30,"SEATSMAX_F":20},{"PLANETYPE":"CONCORDE","SEATSMAX":20,"CONSUM":2.2000000000000000E+04,"CON_UNIT":"KGH","TANKCAP":119500.0000,"CAP_UNIT":"L","WEIGHT":78900.0000,"WEI_UNIT":"KG","SPAN":2.5600000000000001E+01,"SPAN_UNIT":"M","LENG":6.1659999999999997E+01,"LENG_UNIT":"M","OP_SPEED":1297.0000,"SPEED_UNIT":"KT","PRODUCER":"ASP","SEATSMAX_B":20,"SEATSMAX_F":60},{"PLANETYPE":"DC-10-10","SEATSMAX":230,"CONSUM":7.9200000000000000E+03,"CON_UNIT":"KGH","TANKCAP":100561.0000,"CAP_UNIT":"L","WEIGHT":110223.0000,"WEI_UNIT":"KG","SPAN":4.7340000000000003E+01,"SPAN_UNIT":"M","LENG":5.5549999999999997E+01,"LENG_UNIT":"M","OP_SPEED":400.0000,"SPEED_UNIT":"KT","PRODUCER":"DC","SEATSMAX_B":15,"SEATSMAX_F":6},{"PLANETYPE":"DC-8-72","SEATSMAX":201,"CON_UNIT":"KGH","TANKCAP":100040.0000,"CAP_UNIT":"L","WEIGHT":68800.0000,"WEI_UNIT":"KG","SPAN":4.5299999999999997E+01,"SPAN_UNIT":"M","LENG":4.8000000000000000E+01,"LENG_UNIT":"M","OP_SPEED":300.0000,"SPEED_UNIT":"KT","PRODUCER":"DC","SEATSMAX_B":21,"SEATSMAX_F":11},{"PLANETYPE":"DO328","SEATSMAX":33,"CONSUM":1.2000000000000000E+03,"CON_UNIT":"KGH","TANKCAP":6200.0000,"CAP_UNIT":"L","WEIGHT":8920.0000,"WEI_UNIT":"KG","SPAN":2.0980000000000000E+01,"SPAN_UNIT":"M","LENG":2.1109999999999999E+01,"LENG_UNIT":"M","OP_SPEED":335.0000,"SPEED_UNIT":"KT","PRODUCER":"DO","SEATSMAX_B":4,"SEATSMAX_F":3},{"PLANETYPE":"FOKKER 100","SEATSMAX":107,"CONSUM":1.6830000000000000E+03,"CON_UNIT":"KGH","TANKCAP":74450.0000,"CAP_UNIT":"L","WEIGHT":24727.0000,"WEI_UNIT":"KG","SPAN":2.8079999999999998E+01,"SPAN_UNIT":"M","LENG":3.5530000000000001E+01,"LENG_UNIT":"M","OP_SPEED":408.0000,"SPEED_UNIT":"KT","PRODUCER":"FOK","SEATSMAX_B":11,"SEATSMAX_F":11},{"PLANETYPE":"FOKKER 70","SEATSMAX":79,"CONSUM":1.4750000000000000E+03,"CON_UNIT":"KGH","TANKCAP":55550.0000,"CAP_UNIT":"L","WEIGHT":22784.0000,"WEI_UNIT":"KG","SPAN":2.8079999999999998E+01,"SPAN_UNIT":"M","LENG":3.0910000000000000E+01,"LENG_UNIT":"M","OP_SPEED":1475.0000,"SPEED_UNIT":"KT","PRODUCER":"FOK","SEATSMAX_B":6,"SEATSMAX_F":4},{"PLANETYPE":"L-1011-100","SEATSMAX":400,"CONSUM":6.8950000000000000E+03,"CON_UNIT":"KGH","TANKCAP":100000.0000,"CAP_UNIT":"L","WEIGHT":111795.0000,"WEI_UNIT":"KG","SPAN":4.7350000000000001E+01,"SPAN_UNIT":"M","LENG":5.4200000000000003E+01,"LENG_UNIT":"M","OP_SPEED":375.0000,"SPEED_UNIT":"KT","PRODUCER":"LOC","SEATSMAX_B":41,"SEATSMAX_F":11},{"PLANETYPE":"MD11","SEATSMAX":260,"CONSUM":7.0400000000000000E+03,"CON_UNIT":"KGH","TANKCAP":130000.0000,"CAP_UNIT":"L","WEIGHT":128800.0000,"WEI_UNIT":"KG","SPAN":5.1700000000000003E+01,"SPAN_UNIT":"M","LENG":5.8700000000000003E+01,"LENG_UNIT":"M","OP_SPEED":520.0000,"SPEED_UNIT":"KT","PRODUCER":"DC","SEATSMAX_B":20,"SEATSMAX_F":10},{"PLANETYPE":"RJ115","SEATSMAX":128,"CONSUM":2.0280000000000000E+03,"CON_UNIT":"KGH","TANKCAP":74560.0000,"CAP_UNIT":"L","WEIGHT":26160.0000,"WEI_UNIT":"KG","SPAN":2.6210000000000001E+01,"SPAN_UNIT":"M","LENG":3.0989999999999998E+01,"LENG_UNIT":"M","OP_SPEED":371.0000,"SPEED_UNIT":"KT","PRODUCER":"AVR","SEATSMAX_B":11,"SEATSMAX_F":11},{"PLANETYPE":"RJ85","SEATSMAX":112,"CONSUM":1.7440000000000000E+03,"CON_UNIT":"KGH","TANKCAP":8476.0000,"CAP_UNIT":"L","WEIGHT":24378.0000,"WEI_UNIT":"KG","SPAN":2.6210000000000001E+01,"SPAN_UNIT":"M","LENG":2.8600000000000001E+01,"LENG_UNIT":"M","OP_SPEED":356.0000,"SPEED_UNIT":"KT","PRODUCER":"AVR","SEATSMAX_B":11,"SEATSMAX_F":11},{"PLANETYPE":"YAK-242","SEATSMAX":180,"CONSUM":2.1900000000000000E+03,"CON_UNIT":"KGH","TANKCAP":30100.0000,"CAP_UNIT":"L","WEIGHT":38400.0000,"WEI_UNIT":"KG","SPAN":3.6250000000000000E+01,"SPAN_UNIT":"M","LENG":3.8250000000000000E+01,"LENG_UNIT":"M","OP_SPEED":324.0000,"SPEED_UNIT":"KT","PRODUCER":"YAK","SEATSMAX_B":11,"SEATSMAX_F":11}]