[{"CARRID":"AA","MENUNUMBER":1,"STARTER":2,"MAINCOURSE":22,"DESSERT":26},{"CARRID":"AA","MENUNUMBER":2,"STARTER":5,"MAINCOURSE":8,"DESSERT":28},{"CARRID":"AA","MENUNUMBER":3,"STARTER":1,"MAINCOURSE":12,"DESSERT":23},{"CARRID":"AA","MENUNUMBER":4,"STARTER":2,"MAINCOURSE":19,"DESSERT":29},{"CARRID":"AA","MENUNUMBER":5,"STARTER":4,"MAINCOURSE":12,"DESSERT":25},{"CARRID":"AA","MENUNUMBER":6,"STARTER":1,"MAINCOURSE":16,"DESSERT":25},{"CARRID":"AA","MENUNUMBER":7,"STARTER":2,"MAINCOURSE":8,"DESSERT":27},{"CARRID":"AA","MENUNUMBER":8,"STARTER":2,"MAINCOURSE":10,"DESSERT":26},{"CARRID":"AA","MENUNUMBER":9,"STARTER":6,"MAINCOURSE":17,"DESSERT":28},{"CARRID":"AA","MENUNUMBER":10,"STARTER":2,"MAINCOURSE":9,"DESSERT":27},{"CARRID":"AB","MENUNUMBER":1,"STARTER":7,"MAINCOURSE":8,"DESSERT":25},{"CARRID":"AB","MENUNUMBER":2,"STARTER":5,"MAINCOURSE":18,"DESSERT":24},{"CARRID":"AB","MENUNUMBER":3,"STARTER":6,"MAINCOURSE":11,"DESSERT":29},{"CARRID":"AB","MENUNUMBER":4,"STARTER":5,"MAINCOURSE":16,"DESSERT":23},{"CARRID":"AB","MENUNUMBER":5,"STARTER":4,"MAINCOURSE":18,"DESSERT":26},{"CARRID":"AB","MENUNUMBER":6,"STARTER":4,"MAINCOURSE":17,"DESSERT":26},{"CARRID":"AB","MENUNUMBER":7,"STARTER":5,"MAINCOURSE":16,"DESSERT":23},{"CARRID":"AB","MENUNUMBER":8,"STARTER":3,"MAINCOURSE":8,"DESSERT":24},{"CARRID":"AB","MENUNUMBER":9,"STARTER":2,"MAINCOURSE":13,"DESSERT":28},{"CARRID":"AB","MENUNUMBER":10,"STARTER":1,"MAINCOURSE":18,"DESSERT":27},{"CARRID":"AC","MENUNUMBER":1,"STARTER":1,"MAINCOURSE":9,"DESSERT":24},{"CARRID":"AC","MENUNUMBER":2,"STARTER":5,"MAINCOURSE":13,"DESSERT":28},{"CARRID":"AC","MENUNUMBER":3,"STARTER":1,"MAINCOURSE":19,"DESSERT":24},{"CARRID":"AC","MENUNUMBER":4,"STARTER":7,"MAINCOURSE":21,"DESSERT":24},{"CARRID":"AC","MENUNUMBER":5,"STARTER":3,"MAINCOURSE":9,"DESSERT":29},{"CARRID":"AC","MENUNUMBER":6,"STARTER":3,"MAINCOURSE":17,"DESSERT":27},{"CARRID":"AC","MENUNUMBER":7,"STARTER":1,"MAINCOURSE":15,"DESSERT":29},{"CARRID":"AC","MENUNUMBER":8,"STARTER":6,"MAINCOURSE":14,"DESSERT":29},{"CARRID":"AC","MENUNUMBER":9,"STARTER":7,"MAINCOURSE":19,"DESSERT":29},{"CARRID":"AC","MENUNUMBER":10,"STARTER":3,"MAINCOURSE":9,"DESSERT":28},{"CARRID":"AF","MENUNUMBER":1,"STARTER":2,"MAINCOURSE":18,"DESSERT":25},{"CARRID":"AF","MENUNUMBER":2,"STARTER":7,"MAINCOURSE":20,"DESSERT":26},{"CARRID":"AF","MENUNUMBER":3,"STARTER":5,"MAINCOURSE":9,"DESSERT":27},{"CARRID":"AF","MENUNUMBER":4,"STARTER":6,"MAINCOURSE":16,"DESSERT":23},{"CARRID":"AF","MENUNUMBER":5,"STARTER":1,"MAINCOURSE":17,"DESSERT":23},{"CARRID":"AF","MENUNUMBER":6,"STARTER":5,"MAINCOURSE":12,"DESSERT":29},{"CARRID":"AF","MENUNUMBER":7,"STARTER":1,"MAINCOURSE":19,"DESSERT":29},{"CARRID":"AF","MENUNUMBER":8,"STARTER":6,"MAINCOURSE":16,"DESSERT":29},{"CARRID":"AF","MENUNUMBER":9,"STARTER":3,"MAINCOURSE":9,"DESSERT":24},{"CARRID":"AF","MENUNUMBER":10,"STARTER":2,"MAINCOURSE":17,"DESSERT":27},{"CARRID":"AZ","MENUNUMBER":1,"STARTER":5,"MAINCOURSE":10,"DESSERT":29},{"CARRID":"AZ","MENUNUMBER":2,"STARTER":6,"MAINCOURSE":20,"DESSERT":29},{"CARRID":"AZ","MENUNUMBER":3,"STARTER":1,"MAINCOURSE":19,"DESSERT":24},{"CARRID":"AZ","MENUNUMBER":4,"STARTER":5,"MAINCOURSE":20,"DESSERT":26},{"CARRID":"AZ","MENUNUMBER":5,"STARTER":5,"MAINCOURSE":20,"DESSERT":29},{"CARRID":"AZ","MENUNUMBER":6,"STARTER":5,"MAINCOURSE":15,"DESSERT":26},{"CARRID":"AZ","MENUNUMBER":7,"STARTER":7,"MAINCOURSE":22,"DESSERT":27},{"CARRID":"AZ","MENUNUMBER":8,"STARTER":1,"MAINCOURSE":10,"DESSERT":26},{"CARRID":"AZ","MENUNUMBER":9,"STARTER":2,"MAINCOURSE":19,"DESSERT":29},{"CARRID":"AZ","MENUNUMBER":10,"STARTER":6,"MAINCOURSE":12,"DESSERT":25},{"CARRID":"BA","MENUNUMBER":1,"STARTER":7,"MAINCOURSE":11,"DESSERT":26},{"CARRID":"BA","MENUNUMBER":2,"STARTER":2,"MAINCOURSE":17,"DESSERT":25},{"CARRID":"BA","MENUNUMBER":3,"STARTER":3,"MAINCOURSE":19,"DESSERT":24},{"CARRID":"BA","MENUNUMBER":4,"STARTER":6,"MAINCOURSE":16,"DESSERT":26},{"CARRID":"BA","MENUNUMBER":5,"STARTER":7,"MAINCOURSE":12,"DESSERT":28},{"CARRID":"BA","MENUNUMBER":6,"STARTER":3,"MAINCOURSE":22,"DESSERT":26},{"CARRID":"BA","MENUNUMBER":7,"STARTER":7,"MAINCOURSE":20,"DESSERT":26},{"CARRID":"BA","MENUNUMBER":8,"STARTER":2,"MAINCOURSE":19,"DESSERT":29},{"CARRID":"BA","MENUNUMBER":9,"STARTER":2,"MAINCOURSE":17,"DESSERT":28},{"CARRID":"BA","MENUNUMBER":10,"STARTER":5,"MAINCOURSE":20,"DESSERT":28},{"CARRID":"CO","MENUNUMBER":1,"STARTER":3,"MAINCOURSE":16,"DESSERT":26},{"CARRID":"CO","MENUNUMBER":2,"STARTER":3,"MAINCOURSE":13,"DESSERT":23},{"CARRID":"CO","MENUNUMBER":3,"STARTER":5,"MAINCOURSE":13,"DESSERT":29},{"CARRID":"CO","MENUNUMBER":4,"STARTER":4,"MAINCOURSE":15,"DESSERT":28},{"CARRID":"CO","MENUNUMBER":5,"STARTER":1,"MAINCOURSE":17,"DESSERT":25},{"CARRID":"CO","MENUNUMBER":6,"STARTER":7,"MAINCOURSE":10,"DESSERT":27},{"CARRID":"CO","MENUNUMBER":7,"STARTER":6,"MAINCOURSE":22,"DESSERT":28},{"CARRID":"CO","MENUNUMBER":8,"STARTER":4,"MAINCOURSE":8,"DESSERT":23},{"CARRID":"CO","MENUNUMBER":9,"STARTER":3,"MAINCOURSE":14,"DESSERT":24},{"CARRID":"CO","MENUNUMBER":10,"STARTER":3,"MAINCOURSE":10,"DESSERT":29},{"CARRID":"DL","MENUNUMBER":1,"STARTER":5,"MAINCOURSE":20,"DESSERT":23},{"CARRID":"DL","MENUNUMBER":2,"STARTER":4,"MAINCOURSE":8,"DESSERT":27},{"CARRID":"DL","MENUNUMBER":3,"STARTER":3,"MAINCOURSE":11,"DESSERT":24},{"CARRID":"DL","MENUNUMBER":4,"STARTER":6,"MAINCOURSE":21,"DESSERT":23},{"CARRID":"DL","MENUNUMBER":5,"STARTER":1,"MAINCOURSE":13,"DESSERT":29},{"CARRID":"DL","MENUNUMBER":6,"STARTER":6,"MAINCOURSE":22,"DESSERT":26},{"CARRID":"DL","MENUNUMBER":7,"STARTER":2,"MAINCOURSE":17,"DESSERT":27},{"CARRID":"DL","MENUNUMBER":8,"STARTER":7,"MAINCOURSE":21,"DESSERT":26},{"CARRID":"DL","MENUNUMBER":9,"STARTER":1,"MAINCOURSE":12,"DESSERT":28},{"CARRID":"DL","MENUNUMBER":10,"STARTER":1,"MAINCOURSE":12,"DESSERT":24},{"CARRID":"FJ","MENUNUMBER":1,"STARTER":6,"MAINCOURSE":16,"DESSERT":25},{"CARRID":"FJ","MENUNUMBER":2,"STARTER":3,"MAINCOURSE":11,"DESSERT":26},{"CARRID":"FJ","MENUNUMBER":3,"STARTER":4,"MAINCOURSE":18,"DESSERT":27},{"CARRID":"FJ","MENUNUMBER":4,"STARTER":4,"MAINCOURSE":15,"DESSERT":29},{"CARRID":"FJ","MENUNUMBER":5,"STARTER":6,"MAINCOURSE":16,"DESSERT":24},{"CARRID":"FJ","MENUNUMBER":6,"STARTER":6,"MAINCOURSE":21,"DESSERT":28},{"CARRID":"FJ","MENUNUMBER":7,"STARTER":7,"MAINCOURSE":18,"DESSERT":23},{"CARRID":"FJ","MENUNUMBER":8,"STARTER":4,"MAINCOURSE":12,"DESSERT":23},{"CARRID":"FJ","MENUNUMBER":9,"STARTER":2,"MAINCOURSE":19,"DESSERT":24},{"CARRID":"FJ","MENUNUMBER":10,"STARTER":1,"MAINCOURSE":18,"DESSERT":29},{"CARRID":"JL","MENUNUMBER":1,"STARTER":4,"MAINCOURSE":8,"DESSERT":23},{"CARRID":"JL","MENUNUMBER":2,"STARTER":5,"MAINCOURSE":10,"DESSERT":25},{"CARRID":"JL","MENUNUMBER":3,"STARTER":2,"MAINCOURSE":13,"DESSERT":24},{"CARRID":"JL","MENUNUMBER":4,"STARTER":3,"MAINCOURSE":19,"DESSERT":25},{"CARRID":"JL","MENUNUMBER":5,"STARTER":2,"MAINCOURSE":8,"DESSERT":23},{"CARRID":"JL","MENUNUMBER":6,"STARTER":4,"MAINCOURSE":20,"DESSERT":29},{"CARRID":"JL","MENUNUMBER":7,"STARTER":2,"MAINCOURSE":14,"DESSERT":23},{"CARRID":"JL","MENUNUMBER":8,"STARTER":4,"MAINCOURSE":9,"DESSERT":25},{"CARRID":"JL","MENUNUMBER":9,"STARTER":7,"MAINCOURSE":20,"DESSERT":29},{"CARRID":"JL","MENUNUMBER":10,"STARTER":1,"MAINCOURSE":13,"DESSERT":24},{"CARRID":"LH","MENUNUMBER":1,"STARTER":4,"MAINCOURSE":20,"DESSERT":26},{"CARRID":"LH","MENUNUMBER":2,"STARTER":6,"MAINCOURSE":14,"DESSERT":24},{"CARRID":"LH","MENUNUMBER":3,"STARTER":5,"MAINCOURSE":22,"DESSERT":25},{"CARRID":"LH","MENUNUMBER":4,"STARTER":5,"MAINCOURSE":16,"DESSERT":28},{"CARRID":"LH","MENUNUMBER":5,"STARTER":4,"MAINCOURSE":13,"DESSERT":24},{"CARRID":"LH","MENUNUMBER":6,"STARTER":5,"MAINCOURSE":17,"DESSERT":24},{"CARRID":"LH","MENUNUMBER":7,"STARTER":3,"MAINCOURSE":19,"DESSERT":26},{"CARRID":"LH","MENUNUMBER":8,"STARTER":7,"MAINCOURSE":9,"DESSERT":29},{"CARRID":"LH","MENUNUMBER":9,"STARTER":6,"MAINCOURSE":19,"DESSERT":24},{"CARRID":"LH","MENUNUMBER":10,"STARTER":2,"MAINCOURSE":11,"DESSERT":28},{"CARRID":"NG","MENUNUMBER":1,"STARTER":5,"MAINCOURSE":10,"DESSERT":26},{"CARRID":"NG","MENUNUMBER":2,"STARTER":5,"MAINCOURSE":12,"DESSERT":28},{"CARRID":"NG","MENUNUMBER":3,"STARTER":2,"MAINCOURSE":18,"DESSERT":24},{"CARRID":"NG","MENUNUMBER":4,"STARTER":4,"MAINCOURSE":21,"DESSERT":27},{"CARRID":"NG","MENUNUMBER":5,"STARTER":1,"MAINCOURSE":19,"DESSERT":28},{"CARRID":"NG","MENUNUMBER":6,"STARTER":4,"MAINCOURSE":19,"DESSERT":27},{"CARRID":"NG","MENUNUMBER":7,"STARTER":2,"MAINCOURSE":12,"DESSERT":28},{"CARRID":"NG","MENUNUMBER":8,"STARTER":2,"MAINCOURSE":9,"DESSERT":27},{"CARRID":"NG","MENUNUMBER":9,"STARTER":6,"MAINCOURSE":18,"DESSERT":29},{"CARRID":"NG","MENUNUMBER":10,"STARTER":3,"MAINCOURSE":15,"DESSERT":27},{"CARRID":"NW","MENUNUMBER":1,"STARTER":1,"MAINCOURSE":22,"DESSERT":27},{"CARRID":"NW","MENUNUMBER":2,"STARTER":5,"MAINCOURSE":9,"DESSERT":27},{"CARRID":"NW","MENUNUMBER":3,"STARTER":6,"MAINCOURSE":15,"DESSERT":29},{"CARRID":"NW","MENUNUMBER":4,"STARTER":4,"MAINCOURSE":17,"DESSERT":25},{"CARRID":"NW","MENUNUMBER":5,"STARTER":2,"MAINCOURSE":11,"DESSERT":28},{"CARRID":"NW","MENUNUMBER":6,"STARTER":1,"MAINCOURSE":18,"DESSERT":28},{"CARRID":"NW","MENUNUMBER":7,"STARTER":7,"MAINCOURSE":8,"DESSERT":28},{"CARRID":"NW","MENUNUMBER":8,"STARTER":5,"MAINCOURSE":20,"DESSERT":26},{"CARRID":"NW","MENUNUMBER":9,"STARTER":3,"MAINCOURSE":10,"DESSERT":23},{"CARRID":"NW","MENUNUMBER":10,"STARTER":7,"MAINCOURSE":20,"DESSERT":25},{"CARRID":"QF","MENUNUMBER":1,"STARTER":7,"MAINCOURSE":16,"DESSERT":28},{"CARRID":"QF","MENUNUMBER":2,"STARTER":4,"MAINCOURSE":13,"DESSERT":26},{"CARRID":"QF","MENUNUMBER":3,"STARTER":4,"MAINCOURSE":18,"DESSERT":25},{"CARRID":"QF","MENUNUMBER":4,"STARTER":5,"MAINCOURSE":17,"DESSERT":29},{"CARRID":"QF","MENUNUMBER":5,"STARTER":3,"MAINCOURSE":9,"DESSERT":28},{"CARRID":"QF","MENUNUMBER":6,"STARTER":7,"MAINCOURSE":16,"DESSERT":27},{"CARRID":"QF","MENUNUMBER":7,"STARTER":5,"MAINCOURSE":12,"DESSERT":27},{"CARRID":"QF","MENUNUMBER":8,"STARTER":1,"MAINCOURSE":8,"DESSERT":23},{"CARRID":"QF","MENUNUMBER":9,"STARTER":4,"MAINCOURSE":22,"DESSERT":28},{"CARRID":"QF","MENUNUMBER":10,"STARTER":2,"MAINCOURSE":9,"DESSERT":28},{"CARRID":"SA","MENUNUMBER":1,"STARTER":6,"MAINCOURSE":20,"DESSERT":25},{"CARRID":"SA","MENUNUMBER":2,"STARTER":5,"MAINCOURSE":22,"DESSERT":27},{"CARRID":"SA","MENUNUMBER":3,"STARTER":6,"MAINCOURSE":17,"DESSERT":26},{"CARRID":"SA","MENUNUMBER":4,"STARTER":6,"MAINCOURSE":11,"DESSERT":24},{"CARRID":"SA","MENUNUMBER":5,"STARTER":7,"MAINCOURSE":20,"DESSERT":28},{"CARRID":"SA","MENUNUMBER":6,"STARTER":4,"MAINCOURSE":16,"DESSERT":29},{"CARRID":"SA","MENUNUMBER":7,"STARTER":1,"MAINCOURSE":12,"DESSERT":25},{"CARRID":"SA","MENUNUMBER":8,"STARTER":5,"MAINCOURSE":9,"DESSERT":24},{"CARRID":"SA","MENUNUMBER":9,"STARTER":3,"MAINCOURSE":8,"DESSERT":27},{"CARRID":"SA","MENUNUMBER":10,"STARTER":6,"MAINCOURSE":19,"DESSERT":24},{"CARRID":"SQ","MENUNUMBER":1,"STARTER":1,"MAINCOURSE":18,"DESSERT":27},{"CARRID":"SQ","MENUNUMBER":2,"STARTER":3,"MAINCOURSE":13,"DESSERT":27},{"CARRID":"SQ","MENUNUMBER":3,"STARTER":7,"MAINCOURSE":22,"DESSERT":28},{"CARRID":"SQ","MENUNUMBER":4,"STARTER":1,"MAINCOURSE":22,"DESSERT":24},{"CARRID":"SQ","MENUNUMBER":5,"STARTER":2,"MAINCOURSE":21,"DESSERT":23},{"CARRID":"SQ","MENUNUMBER":6,"STARTER":7,"MAINCOURSE":16,"DESSERT":29},{"CARRID":"SQ","MENUNUMBER":7,"STARTER":2,"MAINCOURSE":11,"DESSERT":25},{"CARRID":"SQ","MENUNUMBER":8,"STARTER":5,"MAINCOURSE":22,"DESSERT":23},{"CARRID":"SQ","MENUNUMBER":9,"STARTER":5,"MAINCOURSE":10,"DESSERT":27},{"CARRID":"SQ","MENUNUMBER":10,"STARTER":4,"MAINCOURSE":8,"DESSERT":25},{"CARRID":"SR","MENUNUMBER":1,"STARTER":4,"MAINCOURSE":11,"DESSERT":24},{"CARRID":"SR","MENUNUMBER":2,"STARTER":6,"MAINCOURSE":22,"DESSERT":27},{"CARRID":"SR","MENUNUMBER":3,"STARTER":1,"MAINCOURSE":13,"DESSERT":26},{"CARRID":"SR","MENUNUMBER":4,"STARTER":2,"MAINCOURSE":13,"DESSERT":23},{"CARRID":"SR","MENUNUMBER":5,"STARTER":6,"MAINCOURSE":11,"DESSERT":24},{"CARRID":"SR","MENUNUMBER":6,"STARTER":7,"MAINCOURSE":11,"DESSERT":27},{"CARRID":"SR","MENUNUMBER":7,"STARTER":5,"MAINCOURSE":18,"DESSERT":25},{"CARRID":"SR","MENUNUMBER":8,"STARTER":5,"MAINCOURSE":12,"DESSERT":29},{"CARRID":"SR","MENUNUMBER":9,"STARTER":3,"MAINCOURSE":11,"DESSERT":25},{"CARRID":"SR","MENUNUMBER":10,"STARTER":7,"MAINCOURSE":17,"DESSERT":25},{"CARRID":"UA","MENUNUMBER":1,"STARTER":5,"MAINCOURSE":13,"DESSERT":28},{"CARRID":"UA","MENUNUMBER":2,"STARTER":7,"MAINCOURSE":16,"DESSERT":26},{"CARRID":"UA","MENUNUMBER":3,"STARTER":6,"MAINCOURSE":11,"DESSERT":25},{"CARRID":"UA","MENUNUMBER":4,"STARTER":2,"MAINCOURSE":11,"DESSERT":27},{"CARRID":"UA","MENUNUMBER":5,"STARTER":3,"MAINCOURSE":17,"DESSERT":24},{"CARRID":"UA","MENUNUMBER":6,"STARTER":4,"MAINCOURSE":14,"DESSERT":28},{"CARRID":"UA","MENUNUMBER":7,"STARTER":6,"MAINCOURSE":20,"DESSERT":27},{"CARRID":"UA","MENUNUMBER":8,"STARTER":6,"MAINCOURSE":22,"DESSERT":25},{"CARRID":"UA","MENUNUMBER":9,"STARTER":5,"MAINCOURSE":21,"DESSERT":29},{"CARRID":"UA","MENUNUMBER":10,"STARTER":4,"MAINCOURSE":11,"DESSERT":25}]