[{"CARRID":"AA","COUNTNUM":1,"AIRPORT":"FRA"},{"CARRID":"AA","COUNTNUM":2,"AIRPORT":"HAM"},{"CARRID":"AA","COUNTNUM":3,"AIRPORT":"MUC"},{"CARRID":"AA","COUNTNUM":4,"AIRPORT":"MUC"},{"CARRID":"AA","COUNTNUM":5,"AIRPORT":"SXF"},{"CARRID":"AA","COUNTNUM":6,"AIRPORT":"THF"},{"CARRID":"AA","COUNTNUM":7,"AIRPORT":"THF"},{"CARRID":"AA","COUNTNUM":8,"AIRPORT":"TXL"},{"CARRID":"AA","COUNTNUM":9,"AIRPORT":"CDG"},{"CARRID":"AA","COUNTNUM":10,"AIRPORT":"ORY"},{"CARRID":"AA","COUNTNUM":11,"AIRPORT":"VIE"},{"CARRID":"AA","COUNTNUM":12,"AIRPORT":"ZRH"},{"CARRID":"AA","COUNTNUM":13,"AIRPORT":"ZRH"},{"CARRID":"AA","COUNTNUM":14,"AIRPORT":"RTM"},{"CARRID":"AA","COUNTNUM":15,"AIRPORT":"RTM"},{"CARRID":"AA","COUNTNUM":16,"AIRPORT":"RTM"},{"CARRID":"AA","COUNTNUM":17,"AIRPORT":"FCO"},{"CARRID":"AA","COUNTNUM":18,"AIRPORT":"FCO"},{"CARRID":"AA","COUNTNUM":19,"AIRPORT":"VCE"},{"CARRID":"AA","COUNTNUM":20,"AIRPORT":"LCY"},{"CARRID":"AA","COUNTNUM":21,"AIRPORT":"LGW"},{"CARRID":"AA","COUNTNUM":22,"AIRPORT":"LHR"},{"CARRID":"AA","COUNTNUM":23,"AIRPORT":"LHR"},{"CARRID":"AA","COUNTNUM":24,"AIRPORT":"MAD"},{"CARRID":"AA","COUNTNUM":25,"AIRPORT":"MAD"},{"CARRID":"AA","COUNTNUM":26,"AIRPORT":"STO"},{"CARRID":"AA","COUNTNUM":27,"AIRPORT":"VKO"},{"CARRID":"AA","COUNTNUM":28,"AIRPORT":"SVO"},{"CARRID":"AA","COUNTNUM":29,"AIRPORT":"JFK"},{"CARRID":"AA","COUNTNUM":30,"AIRPORT":"AIY"},{"CARRID":"AA","COUNTNUM":31,"AIRPORT":"AIY"},{"CARRID":"AA","COUNTNUM":32,"AIRPORT":"AIY"},{"CARRID":"AA","COUNTNUM":33,"AIRPORT":"BNA"},{"CARRID":"AA","COUNTNUM":34,"AIRPORT":"BNA"},{"CARRID":"AA","COUNTNUM":35,"AIRPORT":"BNA"},{"CARRID":"AA","COUNTNUM":36,"AIRPORT":"BOS"},{"CARRID":"AA","COUNTNUM":37,"AIRPORT":"ELP"},{"CARRID":"AA","COUNTNUM":38,"AIRPORT":"DEN"},{"CARRID":"AA","COUNTNUM":39,"AIRPORT":"HOU"},{"CARRID":"AA","COUNTNUM":40,"AIRPORT":"LAS"},{"CARRID":"AA","COUNTNUM":41,"AIRPORT":"LAX"},{"CARRID":"AA","COUNTNUM":42,"AIRPORT":"MCI"},{"CARRID":"AA","COUNTNUM":43,"AIRPORT":"MCI"},{"CARRID":"AA","COUNTNUM":44,"AIRPORT":"MCI"},{"CARRID":"AA","COUNTNUM":45,"AIRPORT":"MIA"},{"CARRID":"AA","COUNTNUM":46,"AIRPORT":"SFO"},{"CARRID":"AA","COUNTNUM":47,"AIRPORT":"PID"},{"CARRID":"AA","COUNTNUM":48,"AIRPORT":"PID"},{"CARRID":"AA","COUNTNUM":49,"AIRPORT":"EWR"},{"CARRID":"AA","COUNTNUM":50,"AIRPORT":"YEG"},{"CARRID":"AA","COUNTNUM":51,"AIRPORT":"YEG"},{"CARRID":"AA","COUNTNUM":52,"AIRPORT":"YEG"},{"CARRID":"AA","COUNTNUM":53,"AIRPORT":"YOW"},{"CARRID":"AA","COUNTNUM":54,"AIRPORT":"ACA"},{"CARRID":"AA","COUNTNUM":55,"AIRPORT":"ACA"},{"CARRID":"AA","COUNTNUM":56,"AIRPORT":"GIG"},{"CARRID":"AA","COUNTNUM":57,"AIRPORT":"ASP"},{"CARRID":"AA","COUNTNUM":58,"AIRPORT":"ACE"},{"CARRID":"AA","COUNTNUM":59,"AIRPORT":"HRE"},{"CARRID":"AA","COUNTNUM":60,"AIRPORT":"HRE"},{"CARRID":"AA","COUNTNUM":61,"AIRPORT":"HRE"},{"CARRID":"AA","COUNTNUM":62,"AIRPORT":"GCJ"},{"CARRID":"AA","COUNTNUM":63,"AIRPORT":"SEL"},{"CARRID":"AA","COUNTNUM":64,"AIRPORT":"SEL"},{"CARRID":"AA","COUNTNUM":65,"AIRPORT":"TYO"},{"CARRID":"AA","COUNTNUM":66,"AIRPORT":"TYO"},{"CARRID":"AA","COUNTNUM":67,"AIRPORT":"NRT"},{"CARRID":"AA","COUNTNUM":68,"AIRPORT":"ITM"},{"CARRID":"AA","COUNTNUM":69,"AIRPORT":"KIX"},{"CARRID":"AA","COUNTNUM":70,"AIRPORT":"KIX"},{"CARRID":"AA","COUNTNUM":71,"AIRPORT":"HIJ"},{"CARRID":"AA","COUNTNUM":72,"AIRPORT":"JKT"},{"CARRID":"AA","COUNTNUM":73,"AIRPORT":"SIN"},{"CARRID":"AA","COUNTNUM":74,"AIRPORT":"SIN"},{"CARRID":"AA","COUNTNUM":75,"AIRPORT":"KUL"},{"CARRID":"AA","COUNTNUM":76,"AIRPORT":"HKG"},{"CARRID":"AA","COUNTNUM":77,"AIRPORT":"BKK"},{"CARRID":"AB","COUNTNUM":1,"AIRPORT":"FRA"},{"CARRID":"AB","COUNTNUM":2,"AIRPORT":"HAM"},{"CARRID":"AB","COUNTNUM":3,"AIRPORT":"MUC"},{"CARRID":"AB","COUNTNUM":4,"AIRPORT":"SXF"},{"CARRID":"AB","COUNTNUM":5,"AIRPORT":"SXF"},{"CARRID":"AB","COUNTNUM":6,"AIRPORT":"THF"},{"CARRID":"AB","COUNTNUM":7,"AIRPORT":"TXL"},{"CARRID":"AB","COUNTNUM":8,"AIRPORT":"CDG"},{"CARRID":"AB","COUNTNUM":9,"AIRPORT":"ORY"},{"CARRID":"AB","COUNTNUM":10,"AIRPORT":"ORY"},{"CARRID":"AB","COUNTNUM":11,"AIRPORT":"ORY"},{"CARRID":"AB","COUNTNUM":12,"AIRPORT":"VIE"},{"CARRID":"AB","COUNTNUM":13,"AIRPORT":"ZRH"},{"CARRID":"AB","COUNTNUM":14,"AIRPORT":"ZRH"},{"CARRID":"AB","COUNTNUM":15,"AIRPORT":"ZRH"},{"CARRID":"AB","COUNTNUM":16,"AIRPORT":"RTM"},{"CARRID":"AB","COUNTNUM":17,"AIRPORT":"FCO"},{"CARRID":"AB","COUNTNUM":18,"AIRPORT":"VCE"},{"CARRID":"AB","COUNTNUM":19,"AIRPORT":"LCY"},{"CARRID":"AB","COUNTNUM":20,"AIRPORT":"LGW"},{"CARRID":"AB","COUNTNUM":21,"AIRPORT":"LHR"},{"CARRID":"AB","COUNTNUM":22,"AIRPORT":"MAD"},{"CARRID":"AB","COUNTNUM":23,"AIRPORT":"MAD"},{"CARRID":"AB","COUNTNUM":24,"AIRPORT":"MAD"},{"CARRID":"AB","COUNTNUM":25,"AIRPORT":"STO"},{"CARRID":"AB","COUNTNUM":26,"AIRPORT":"VKO"},{"CARRID":"AB","COUNTNUM":27,"AIRPORT":"SVO"},{"CARRID":"AB","COUNTNUM":28,"AIRPORT":"JFK"},{"CARRID":"AB","COUNTNUM":29,"AIRPORT":"AIY"},{"CARRID":"AB","COUNTNUM":30,"AIRPORT":"AIY"},{"CARRID":"AB","COUNTNUM":31,"AIRPORT":"BNA"},{"CARRID":"AB","COUNTNUM":32,"AIRPORT":"BOS"},{"CARRID":"AB","COUNTNUM":33,"AIRPORT":"ELP"},{"CARRID":"AB","COUNTNUM":34,"AIRPORT":"DEN"},{"CARRID":"AB","COUNTNUM":35,"AIRPORT":"DEN"},{"CARRID":"AB","COUNTNUM":36,"AIRPORT":"HOU"},{"CARRID":"AB","COUNTNUM":37,"AIRPORT":"LAS"},{"CARRID":"AB","COUNTNUM":38,"AIRPORT":"LAX"},{"CARRID":"AB","COUNTNUM":39,"AIRPORT":"MCI"},{"CARRID":"AB","COUNTNUM":40,"AIRPORT":"MCI"},{"CARRID":"AB","COUNTNUM":41,"AIRPORT":"MCI"},{"CARRID":"AB","COUNTNUM":42,"AIRPORT":"MIA"},{"CARRID":"AB","COUNTNUM":43,"AIRPORT":"SFO"},{"CARRID":"AB","COUNTNUM":44,"AIRPORT":"PID"},{"CARRID":"AB","COUNTNUM":45,"AIRPORT":"EWR"},{"CARRID":"AB","COUNTNUM":46,"AIRPORT":"YEG"},{"CARRID":"AB","COUNTNUM":47,"AIRPORT":"YOW"},{"CARRID":"AB","COUNTNUM":48,"AIRPORT":"ACA"},{"CARRID":"AB","COUNTNUM":49,"AIRPORT":"GIG"},{"CARRID":"AB","COUNTNUM":50,"AIRPORT":"ASP"},{"CARRID":"AB","COUNTNUM":51,"AIRPORT":"ACE"},{"CARRID":"AB","COUNTNUM":52,"AIRPORT":"ACE"},{"CARRID":"AB","COUNTNUM":53,"AIRPORT":"HRE"},{"CARRID":"AB","COUNTNUM":54,"AIRPORT":"GCJ"},{"CARRID":"AB","COUNTNUM":55,"AIRPORT":"GCJ"},{"CARRID":"AB","COUNTNUM":56,"AIRPORT":"GCJ"},{"CARRID":"AB","COUNTNUM":57,"AIRPORT":"SEL"},{"CARRID":"AB","COUNTNUM":58,"AIRPORT":"SEL"},{"CARRID":"AB","COUNTNUM":59,"AIRPORT":"TYO"},{"CARRID":"AB","COUNTNUM":60,"AIRPORT":"TYO"},{"CARRID":"AB","COUNTNUM":61,"AIRPORT":"TYO"},{"CARRID":"AB","COUNTNUM":62,"AIRPORT":"NRT"},{"CARRID":"AB","COUNTNUM":63,"AIRPORT":"NRT"},{"CARRID":"AB","COUNTNUM":64,"AIRPORT":"NRT"},{"CARRID":"AB","COUNTNUM":65,"AIRPORT":"ITM"},{"CARRID":"AB","COUNTNUM":66,"AIRPORT":"ITM"},{"CARRID":"AB","COUNTNUM":67,"AIRPORT":"KIX"},{"CARRID":"AB","COUNTNUM":68,"AIRPORT":"HIJ"},{"CARRID":"AB","COUNTNUM":69,"AIRPORT":"HIJ"},{"CARRID":"AB","COUNTNUM":70,"AIRPORT":"HIJ"},{"CARRID":"AB","COUNTNUM":71,"AIRPORT":"JKT"},{"CARRID":"AB","COUNTNUM":72,"AIRPORT":"SIN"},{"CARRID":"AB","COUNTNUM":73,"AIRPORT":"SIN"},{"CARRID":"AB","COUNTNUM":74,"AIRPORT":"SIN"},{"CARRID":"AB","COUNTNUM":75,"AIRPORT":"KUL"},{"CARRID":"AB","COUNTNUM":76,"AIRPORT":"HKG"},{"CARRID":"AB","COUNTNUM":77,"AIRPORT":"BKK"},{"CARRID":"AC","COUNTNUM":1,"AIRPORT":"FRA"},{"CARRID":"AC","COUNTNUM":2,"AIRPORT":"HAM"},{"CARRID":"AC","COUNTNUM":3,"AIRPORT":"MUC"},{"CARRID":"AC","COUNTNUM":4,"AIRPORT":"MUC"},{"CARRID":"AC","COUNTNUM":5,"AIRPORT":"SXF"},{"CARRID":"AC","COUNTNUM":6,"AIRPORT":"THF"},{"CARRID":"AC","COUNTNUM":7,"AIRPORT":"TXL"},{"CARRID":"AC","COUNTNUM":8,"AIRPORT":"CDG"},{"CARRID":"AC","COUNTNUM":9,"AIRPORT":"CDG"},{"CARRID":"AC","COUNTNUM":10,"AIRPORT":"CDG"},{"CARRID":"AC","COUNTNUM":11,"AIRPORT":"ORY"},{"CARRID":"AC","COUNTNUM":12,"AIRPORT":"VIE"},{"CARRID":"AC","COUNTNUM":13,"AIRPORT":"VIE"},{"CARRID":"AC","COUNTNUM":14,"AIRPORT":"VIE"},{"CARRID":"AC","COUNTNUM":15,"AIRPORT":"ZRH"},{"CARRID":"AC","COUNTNUM":16,"AIRPORT":"RTM"},{"CARRID":"AC","COUNTNUM":17,"AIRPORT":"FCO"},{"CARRID":"AC","COUNTNUM":18,"AIRPORT":"VCE"},{"CARRID":"AC","COUNTNUM":19,"AIRPORT":"LCY"},{"CARRID":"AC","COUNTNUM":20,"AIRPORT":"LGW"},{"CARRID":"AC","COUNTNUM":21,"AIRPORT":"LHR"},{"CARRID":"AC","COUNTNUM":22,"AIRPORT":"LHR"},{"CARRID":"AC","COUNTNUM":23,"AIRPORT":"LHR"},{"CARRID":"AC","COUNTNUM":24,"AIRPORT":"MAD"},{"CARRID":"AC","COUNTNUM":25,"AIRPORT":"STO"},{"CARRID":"AC","COUNTNUM":26,"AIRPORT":"VKO"},{"CARRID":"AC","COUNTNUM":27,"AIRPORT":"SVO"},{"CARRID":"AC","COUNTNUM":28,"AIRPORT":"JFK"},{"CARRID":"AC","COUNTNUM":29,"AIRPORT":"JFK"},{"CARRID":"AC","COUNTNUM":30,"AIRPORT":"AIY"},{"CARRID":"AC","COUNTNUM":31,"AIRPORT":"BNA"},{"CARRID":"AC","COUNTNUM":32,"AIRPORT":"BOS"},{"CARRID":"AC","COUNTNUM":33,"AIRPORT":"ELP"},{"CARRID":"AC","COUNTNUM":34,"AIRPORT":"ELP"},{"CARRID":"AC","COUNTNUM":35,"AIRPORT":"DEN"},{"CARRID":"AC","COUNTNUM":36,"AIRPORT":"HOU"},{"CARRID":"AC","COUNTNUM":37,"AIRPORT":"LAS"},{"CARRID":"AC","COUNTNUM":38,"AIRPORT":"LAX"},{"CARRID":"AC","COUNTNUM":39,"AIRPORT":"LAX"},{"CARRID":"AC","COUNTNUM":40,"AIRPORT":"LAX"},{"CARRID":"AC","COUNTNUM":41,"AIRPORT":"MCI"},{"CARRID":"AC","COUNTNUM":42,"AIRPORT":"MIA"},{"CARRID":"AC","COUNTNUM":43,"AIRPORT":"SFO"},{"CARRID":"AC","COUNTNUM":44,"AIRPORT":"PID"},{"CARRID":"AC","COUNTNUM":45,"AIRPORT":"EWR"},{"CARRID":"AC","COUNTNUM":46,"AIRPORT":"YEG"},{"CARRID":"AC","COUNTNUM":47,"AIRPORT":"YOW"},{"CARRID":"AC","COUNTNUM":48,"AIRPORT":"ACA"},{"CARRID":"AC","COUNTNUM":49,"AIRPORT":"GIG"},{"CARRID":"AC","COUNTNUM":50,"AIRPORT":"ASP"},{"CARRID":"AC","COUNTNUM":51,"AIRPORT":"ASP"},{"CARRID":"AC","COUNTNUM":52,"AIRPORT":"ACE"},{"CARRID":"AC","COUNTNUM":53,"AIRPORT":"HRE"},{"CARRID":"AC","COUNTNUM":54,"AIRPORT":"HRE"},{"CARRID":"AC","COUNTNUM":55,"AIRPORT":"HRE"},{"CARRID":"AC","COUNTNUM":56,"AIRPORT":"GCJ"},{"CARRID":"AC","COUNTNUM":57,"AIRPORT":"GCJ"},{"CARRID":"AC","COUNTNUM":58,"AIRPORT":"SEL"},{"CARRID":"AC","COUNTNUM":59,"AIRPORT":"SEL"},{"CARRID":"AC","COUNTNUM":60,"AIRPORT":"SEL"},{"CARRID":"AC","COUNTNUM":61,"AIRPORT":"TYO"},{"CARRID":"AC","COUNTNUM":62,"AIRPORT":"TYO"},{"CARRID":"AC","COUNTNUM":63,"AIRPORT":"TYO"},{"CARRID":"AC","COUNTNUM":64,"AIRPORT":"NRT"},{"CARRID":"AC","COUNTNUM":65,"AIRPORT":"NRT"},{"CARRID":"AC","COUNTNUM":66,"AIRPORT":"ITM"},{"CARRID":"AC","COUNTNUM":67,"AIRPORT":"KIX"},{"CARRID":"AC","COUNTNUM":68,"AIRPORT":"KIX"},{"CARRID":"AC","COUNTNUM":69,"AIRPORT":"KIX"},{"CARRID":"AC","COUNTNUM":70,"AIRPORT":"HIJ"},{"CARRID":"AC","COUNTNUM":71,"AIRPORT":"JKT"},{"CARRID":"AC","COUNTNUM":72,"AIRPORT":"JKT"},{"CARRID":"AC","COUNTNUM":73,"AIRPORT":"JKT"},{"CARRID":"AC","COUNTNUM":74,"AIRPORT":"SIN"},{"CARRID":"AC","COUNTNUM":75,"AIRPORT":"KUL"},{"CARRID":"AC","COUNTNUM":76,"AIRPORT":"HKG"},{"CARRID":"AC","COUNTNUM":77,"AIRPORT":"BKK"},{"CARRID":"AF","COUNTNUM":1,"AIRPORT":"FRA"},{"CARRID":"AF","COUNTNUM":2,"AIRPORT":"HAM"},{"CARRID":"AF","COUNTNUM":3,"AIRPORT":"HAM"},{"CARRID":"AF","COUNTNUM":4,"AIRPORT":"HAM"},{"CARRID":"AF","COUNTNUM":5,"AIRPORT":"MUC"},{"CARRID":"AF","COUNTNUM":6,"AIRPORT":"MUC"},{"CARRID":"AF","COUNTNUM":7,"AIRPORT":"SXF"},{"CARRID":"AF","COUNTNUM":8,"AIRPORT":"THF"},{"CARRID":"AF","COUNTNUM":9,"AIRPORT":"TXL"},{"CARRID":"AF","COUNTNUM":10,"AIRPORT":"CDG"},{"CARRID":"AF","COUNTNUM":11,"AIRPORT":"ORY"},{"CARRID":"AF","COUNTNUM":12,"AIRPORT":"VIE"},{"CARRID":"AF","COUNTNUM":13,"AIRPORT":"VIE"},{"CARRID":"AF","COUNTNUM":14,"AIRPORT":"ZRH"},{"CARRID":"AF","COUNTNUM":15,"AIRPORT":"RTM"},{"CARRID":"AF","COUNTNUM":16,"AIRPORT":"RTM"},{"CARRID":"AF","COUNTNUM":17,"AIRPORT":"FCO"},{"CARRID":"AF","COUNTNUM":18,"AIRPORT":"FCO"},{"CARRID":"AF","COUNTNUM":19,"AIRPORT":"VCE"},{"CARRID":"AF","COUNTNUM":20,"AIRPORT":"LCY"},{"CARRID":"AF","COUNTNUM":21,"AIRPORT":"LCY"},{"CARRID":"AF","COUNTNUM":22,"AIRPORT":"LCY"},{"CARRID":"AF","COUNTNUM":23,"AIRPORT":"LGW"},{"CARRID":"AF","COUNTNUM":24,"AIRPORT":"LHR"},{"CARRID":"AF","COUNTNUM":25,"AIRPORT":"MAD"},{"CARRID":"AF","COUNTNUM":26,"AIRPORT":"MAD"},{"CARRID":"AF","COUNTNUM":27,"AIRPORT":"MAD"},{"CARRID":"AF","COUNTNUM":28,"AIRPORT":"STO"},{"CARRID":"AF","COUNTNUM":29,"AIRPORT":"VKO"},{"CARRID":"AF","COUNTNUM":30,"AIRPORT":"SVO"},{"CARRID":"AF","COUNTNUM":31,"AIRPORT":"JFK"},{"CARRID":"AF","COUNTNUM":32,"AIRPORT":"AIY"},{"CARRID":"AF","COUNTNUM":33,"AIRPORT":"BNA"},{"CARRID":"AF","COUNTNUM":34,"AIRPORT":"BOS"},{"CARRID":"AF","COUNTNUM":35,"AIRPORT":"BOS"},{"CARRID":"AF","COUNTNUM":36,"AIRPORT":"ELP"},{"CARRID":"AF","COUNTNUM":37,"AIRPORT":"DEN"},{"CARRID":"AF","COUNTNUM":38,"AIRPORT":"DEN"},{"CARRID":"AF","COUNTNUM":39,"AIRPORT":"DEN"},{"CARRID":"AF","COUNTNUM":40,"AIRPORT":"HOU"},{"CARRID":"AF","COUNTNUM":41,"AIRPORT":"HOU"},{"CARRID":"AF","COUNTNUM":42,"AIRPORT":"HOU"},{"CARRID":"AF","COUNTNUM":43,"AIRPORT":"LAS"},{"CARRID":"AF","COUNTNUM":44,"AIRPORT":"LAX"},{"CARRID":"AF","COUNTNUM":45,"AIRPORT":"MCI"},{"CARRID":"AF","COUNTNUM":46,"AIRPORT":"MIA"},{"CARRID":"AF","COUNTNUM":47,"AIRPORT":"SFO"},{"CARRID":"AF","COUNTNUM":48,"AIRPORT":"SFO"},{"CARRID":"AF","COUNTNUM":49,"AIRPORT":"PID"},{"CARRID":"AF","COUNTNUM":50,"AIRPORT":"PID"},{"CARRID":"AF","COUNTNUM":51,"AIRPORT":"EWR"},{"CARRID":"AF","COUNTNUM":52,"AIRPORT":"EWR"},{"CARRID":"AF","COUNTNUM":53,"AIRPORT":"YEG"},{"CARRID":"AF","COUNTNUM":54,"AIRPORT":"YOW"},{"CARRID":"AF","COUNTNUM":55,"AIRPORT":"YOW"},{"CARRID":"AF","COUNTNUM":56,"AIRPORT":"ACA"},{"CARRID":"AF","COUNTNUM":57,"AIRPORT":"GIG"},{"CARRID":"AF","COUNTNUM":58,"AIRPORT":"ASP"},{"CARRID":"AF","COUNTNUM":59,"AIRPORT":"ASP"},{"CARRID":"AF","COUNTNUM":60,"AIRPORT":"ACE"},{"CARRID":"AF","COUNTNUM":61,"AIRPORT":"HRE"},{"CARRID":"AF","COUNTNUM":62,"AIRPORT":"GCJ"},{"CARRID":"AF","COUNTNUM":63,"AIRPORT":"SEL"},{"CARRID":"AF","COUNTNUM":64,"AIRPORT":"SEL"},{"CARRID":"AF","COUNTNUM":65,"AIRPORT":"TYO"},{"CARRID":"AF","COUNTNUM":66,"AIRPORT":"NRT"},{"CARRID":"AF","COUNTNUM":67,"AIRPORT":"NRT"},{"CARRID":"AF","COUNTNUM":68,"AIRPORT":"ITM"},{"CARRID":"AF","COUNTNUM":69,"AIRPORT":"KIX"},{"CARRID":"AF","COUNTNUM":70,"AIRPORT":"KIX"},{"CARRID":"AF","COUNTNUM":71,"AIRPORT":"HIJ"},{"CARRID":"AF","COUNTNUM":72,"AIRPORT":"JKT"},{"CARRID":"AF","COUNTNUM":73,"AIRPORT":"SIN"},{"CARRID":"AF","COUNTNUM":74,"AIRPORT":"SIN"},{"CARRID":"AF","COUNTNUM":75,"AIRPORT":"KUL"},{"CARRID":"AF","COUNTNUM":76,"AIRPORT":"KUL"},{"CARRID":"AF","COUNTNUM":77,"AIRPORT":"KUL"},{"CARRID":"AF","COUNTNUM":78,"AIRPORT":"HKG"},{"CARRID":"AF","COUNTNUM":79,"AIRPORT":"BKK"},{"CARRID":"AZ","COUNTNUM":1,"AIRPORT":"FRA"},{"CARRID":"AZ","COUNTNUM":2,"AIRPORT":"FRA"},{"CARRID":"AZ","COUNTNUM":3,"AIRPORT":"FRA"},{"CARRID":"AZ","COUNTNUM":4,"AIRPORT":"HAM"},{"CARRID":"AZ","COUNTNUM":5,"AIRPORT":"HAM"},{"CARRID":"AZ","COUNTNUM":6,"AIRPORT":"HAM"},{"CARRID":"AZ","COUNTNUM":7,"AIRPORT":"MUC"},{"CARRID":"AZ","COUNTNUM":8,"AIRPORT":"SXF"},{"CARRID":"AZ","COUNTNUM":9,"AIRPORT":"THF"},{"CARRID":"AZ","COUNTNUM":10,"AIRPORT":"THF"},{"CARRID":"AZ","COUNTNUM":11,"AIRPORT":"TXL"},{"CARRID":"AZ","COUNTNUM":12,"AIRPORT":"CDG"},{"CARRID":"AZ","COUNTNUM":13,"AIRPORT":"ORY"},{"CARRID":"AZ","COUNTNUM":14,"AIRPORT":"ORY"},{"CARRID":"AZ","COUNTNUM":15,"AIRPORT":"VIE"},{"CARRID":"AZ","COUNTNUM":16,"AIRPORT":"VIE"},{"CARRID":"AZ","COUNTNUM":17,"AIRPORT":"VIE"},{"CARRID":"AZ","COUNTNUM":18,"AIRPORT":"ZRH"},{"CARRID":"AZ","COUNTNUM":19,"AIRPORT":"ZRH"},{"CARRID":"AZ","COUNTNUM":20,"AIRPORT":"RTM"},{"CARRID":"AZ","COUNTNUM":21,"AIRPORT":"FCO"},{"CARRID":"AZ","COUNTNUM":22,"AIRPORT":"VCE"},{"CARRID":"AZ","COUNTNUM":23,"AIRPORT":"VCE"},{"CARRID":"AZ","COUNTNUM":24,"AIRPORT":"LCY"},{"CARRID":"AZ","COUNTNUM":25,"AIRPORT":"LGW"},{"CARRID":"AZ","COUNTNUM":26,"AIRPORT":"LHR"},{"CARRID":"AZ","COUNTNUM":27,"AIRPORT":"MAD"},{"CARRID":"AZ","COUNTNUM":28,"AIRPORT":"STO"},{"CARRID":"AZ","COUNTNUM":29,"AIRPORT":"STO"},{"CARRID":"AZ","COUNTNUM":30,"AIRPORT":"STO"},{"CARRID":"AZ","COUNTNUM":31,"AIRPORT":"VKO"},{"CARRID":"AZ","COUNTNUM":32,"AIRPORT":"VKO"},{"CARRID":"AZ","COUNTNUM":33,"AIRPORT":"VKO"},{"CARRID":"AZ","COUNTNUM":34,"AIRPORT":"SVO"},{"CARRID":"AZ","COUNTNUM":35,"AIRPORT":"JFK"},{"CARRID":"AZ","COUNTNUM":36,"AIRPORT":"AIY"},{"CARRID":"AZ","COUNTNUM":37,"AIRPORT":"AIY"},{"CARRID":"AZ","COUNTNUM":38,"AIRPORT":"BNA"},{"CARRID":"AZ","COUNTNUM":39,"AIRPORT":"BNA"},{"CARRID":"AZ","COUNTNUM":40,"AIRPORT":"BNA"},{"CARRID":"AZ","COUNTNUM":41,"AIRPORT":"BOS"},{"CARRID":"AZ","COUNTNUM":42,"AIRPORT":"BOS"},{"CARRID":"AZ","COUNTNUM":43,"AIRPORT":"ELP"},{"CARRID":"AZ","COUNTNUM":44,"AIRPORT":"DEN"},{"CARRID":"AZ","COUNTNUM":45,"AIRPORT":"DEN"},{"CARRID":"AZ","COUNTNUM":46,"AIRPORT":"DEN"},{"CARRID":"AZ","COUNTNUM":47,"AIRPORT":"HOU"},{"CARRID":"AZ","COUNTNUM":48,"AIRPORT":"LAS"},{"CARRID":"AZ","COUNTNUM":49,"AIRPORT":"LAS"},{"CARRID":"AZ","COUNTNUM":50,"AIRPORT":"LAX"},{"CARRID":"AZ","COUNTNUM":51,"AIRPORT":"MCI"},{"CARRID":"AZ","COUNTNUM":52,"AIRPORT":"MCI"},{"CARRID":"AZ","COUNTNUM":53,"AIRPORT":"MIA"},{"CARRID":"AZ","COUNTNUM":54,"AIRPORT":"SFO"},{"CARRID":"AZ","COUNTNUM":55,"AIRPORT":"SFO"},{"CARRID":"AZ","COUNTNUM":56,"AIRPORT":"PID"},{"CARRID":"AZ","COUNTNUM":57,"AIRPORT":"EWR"},{"CARRID":"AZ","COUNTNUM":58,"AIRPORT":"YEG"},{"CARRID":"AZ","COUNTNUM":59,"AIRPORT":"YOW"},{"CARRID":"AZ","COUNTNUM":60,"AIRPORT":"ACA"},{"CARRID":"AZ","COUNTNUM":61,"AIRPORT":"ACA"},{"CARRID":"AZ","COUNTNUM":62,"AIRPORT":"GIG"},{"CARRID":"AZ","COUNTNUM":63,"AIRPORT":"GIG"},{"CARRID":"AZ","COUNTNUM":64,"AIRPORT":"GIG"},{"CARRID":"AZ","COUNTNUM":65,"AIRPORT":"ASP"},{"CARRID":"AZ","COUNTNUM":66,"AIRPORT":"ASP"},{"CARRID":"AZ","COUNTNUM":67,"AIRPORT":"ACE"},{"CARRID":"AZ","COUNTNUM":68,"AIRPORT":"HRE"},{"CARRID":"AZ","COUNTNUM":69,"AIRPORT":"GCJ"},{"CARRID":"AZ","COUNTNUM":70,"AIRPORT":"SEL"},{"CARRID":"AZ","COUNTNUM":71,"AIRPORT":"SEL"},{"CARRID":"AZ","COUNTNUM":72,"AIRPORT":"TYO"},{"CARRID":"AZ","COUNTNUM":73,"AIRPORT":"TYO"},{"CARRID":"AZ","COUNTNUM":74,"AIRPORT":"NRT"},{"CARRID":"AZ","COUNTNUM":75,"AIRPORT":"ITM"},{"CARRID":"AZ","COUNTNUM":76,"AIRPORT":"KIX"},{"CARRID":"AZ","COUNTNUM":77,"AIRPORT":"HIJ"},{"CARRID":"AZ","COUNTNUM":78,"AIRPORT":"JKT"},{"CARRID":"AZ","COUNTNUM":79,"AIRPORT":"JKT"},{"CARRID":"AZ","COUNTNUM":80,"AIRPORT":"JKT"},{"CARRID":"AZ","COUNTNUM":81,"AIRPORT":"SIN"},{"CARRID":"AZ","COUNTNUM":82,"AIRPORT":"SIN"},{"CARRID":"AZ","COUNTNUM":83,"AIRPORT":"SIN"},{"CARRID":"AZ","COUNTNUM":84,"AIRPORT":"KUL"},{"CARRID":"AZ","COUNTNUM":85,"AIRPORT":"HKG"},{"CARRID":"AZ","COUNTNUM":86,"AIRPORT":"BKK"},{"CARRID":"BA","COUNTNUM":1,"AIRPORT":"FRA"},{"CARRID":"BA","COUNTNUM":2,"AIRPORT":"HAM"},{"CARRID":"BA","COUNTNUM":3,"AIRPORT":"MUC"},{"CARRID":"BA","COUNTNUM":4,"AIRPORT":"SXF"},{"CARRID":"BA","COUNTNUM":5,"AIRPORT":"SXF"},{"CARRID":"BA","COUNTNUM":6,"AIRPORT":"SXF"},{"CARRID":"BA","COUNTNUM":7,"AIRPORT":"THF"},{"CARRID":"BA","COUNTNUM":8,"AIRPORT":"TXL"},{"CARRID":"BA","COUNTNUM":9,"AIRPORT":"CDG"},{"CARRID":"BA","COUNTNUM":10,"AIRPORT":"CDG"},{"CARRID":"BA","COUNTNUM":11,"AIRPORT":"ORY"},{"CARRID":"BA","COUNTNUM":12,"AIRPORT":"VIE"},{"CARRID":"BA","COUNTNUM":13,"AIRPORT":"VIE"},{"CARRID":"BA","COUNTNUM":14,"AIRPORT":"VIE"},{"CARRID":"BA","COUNTNUM":15,"AIRPORT":"ZRH"},{"CARRID":"BA","COUNTNUM":16,"AIRPORT":"RTM"},{"CARRID":"BA","COUNTNUM":17,"AIRPORT":"RTM"},{"CARRID":"BA","COUNTNUM":18,"AIRPORT":"FCO"},{"CARRID":"BA","COUNTNUM":19,"AIRPORT":"VCE"},{"CARRID":"BA","COUNTNUM":20,"AIRPORT":"LCY"},{"CARRID":"BA","COUNTNUM":21,"AIRPORT":"LGW"},{"CARRID":"BA","COUNTNUM":22,"AIRPORT":"LGW"},{"CARRID":"BA","COUNTNUM":23,"AIRPORT":"LGW"},{"CARRID":"BA","COUNTNUM":24,"AIRPORT":"LHR"},{"CARRID":"BA","COUNTNUM":25,"AIRPORT":"MAD"},{"CARRID":"BA","COUNTNUM":26,"AIRPORT":"MAD"},{"CARRID":"BA","COUNTNUM":27,"AIRPORT":"STO"},{"CARRID":"BA","COUNTNUM":28,"AIRPORT":"STO"},{"CARRID":"BA","COUNTNUM":29,"AIRPORT":"VKO"},{"CARRID":"BA","COUNTNUM":30,"AIRPORT":"SVO"},{"CARRID":"BA","COUNTNUM":31,"AIRPORT":"JFK"},{"CARRID":"BA","COUNTNUM":32,"AIRPORT":"JFK"},{"CARRID":"BA","COUNTNUM":33,"AIRPORT":"AIY"},{"CARRID":"BA","COUNTNUM":34,"AIRPORT":"BNA"},{"CARRID":"BA","COUNTNUM":35,"AIRPORT":"BOS"},{"CARRID":"BA","COUNTNUM":36,"AIRPORT":"BOS"},{"CARRID":"BA","COUNTNUM":37,"AIRPORT":"ELP"},{"CARRID":"BA","COUNTNUM":38,"AIRPORT":"DEN"},{"CARRID":"BA","COUNTNUM":39,"AIRPORT":"HOU"},{"CARRID":"BA","COUNTNUM":40,"AIRPORT":"LAS"},{"CARRID":"BA","COUNTNUM":41,"AIRPORT":"LAX"},{"CARRID":"BA","COUNTNUM":42,"AIRPORT":"MCI"},{"CARRID":"BA","COUNTNUM":43,"AIRPORT":"MCI"},{"CARRID":"BA","COUNTNUM":44,"AIRPORT":"MIA"},{"CARRID":"BA","COUNTNUM":45,"AIRPORT":"SFO"},{"CARRID":"BA","COUNTNUM":46,"AIRPORT":"PID"},{"CARRID":"BA","COUNTNUM":47,"AIRPORT":"EWR"},{"CARRID":"BA","COUNTNUM":48,"AIRPORT":"EWR"},{"CARRID":"BA","COUNTNUM":49,"AIRPORT":"EWR"},{"CARRID":"BA","COUNTNUM":50,"AIRPORT":"YEG"},{"CARRID":"BA","COUNTNUM":51,"AIRPORT":"YOW"},{"CARRID":"BA","COUNTNUM":52,"AIRPORT":"YOW"},{"CARRID":"BA","COUNTNUM":53,"AIRPORT":"YOW"},{"CARRID":"BA","COUNTNUM":54,"AIRPORT":"ACA"},{"CARRID":"BA","COUNTNUM":55,"AIRPORT":"GIG"},{"CARRID":"BA","COUNTNUM":56,"AIRPORT":"ASP"},{"CARRID":"BA","COUNTNUM":57,"AIRPORT":"ACE"},{"CARRID":"BA","COUNTNUM":58,"AIRPORT":"HRE"},{"CARRID":"BA","COUNTNUM":59,"AIRPORT":"GCJ"},{"CARRID":"BA","COUNTNUM":60,"AIRPORT":"SEL"},{"CARRID":"BA","COUNTNUM":61,"AIRPORT":"SEL"},{"CARRID":"BA","COUNTNUM":62,"AIRPORT":"SEL"},{"CARRID":"BA","COUNTNUM":63,"AIRPORT":"TYO"},{"CARRID":"BA","COUNTNUM":64,"AIRPORT":"NRT"},{"CARRID":"BA","COUNTNUM":65,"AIRPORT":"ITM"},{"CARRID":"BA","COUNTNUM":66,"AIRPORT":"KIX"},{"CARRID":"BA","COUNTNUM":67,"AIRPORT":"HIJ"},{"CARRID":"BA","COUNTNUM":68,"AIRPORT":"HIJ"},{"CARRID":"BA","COUNTNUM":69,"AIRPORT":"JKT"},{"CARRID":"BA","COUNTNUM":70,"AIRPORT":"SIN"},{"CARRID":"BA","COUNTNUM":71,"AIRPORT":"KUL"},{"CARRID":"BA","COUNTNUM":72,"AIRPORT":"HKG"},{"CARRID":"BA","COUNTNUM":73,"AIRPORT":"HKG"},{"CARRID":"BA","COUNTNUM":74,"AIRPORT":"BKK"},{"CARRID":"CO","COUNTNUM":1,"AIRPORT":"FRA"},{"CARRID":"CO","COUNTNUM":2,"AIRPORT":"FRA"},{"CARRID":"CO","COUNTNUM":3,"AIRPORT":"FRA"},{"CARRID":"CO","COUNTNUM":4,"AIRPORT":"HAM"},{"CARRID":"CO","COUNTNUM":5,"AIRPORT":"MUC"},{"CARRID":"CO","COUNTNUM":6,"AIRPORT":"SXF"},{"CARRID":"CO","COUNTNUM":7,"AIRPORT":"THF"},{"CARRID":"CO","COUNTNUM":8,"AIRPORT":"TXL"},{"CARRID":"CO","COUNTNUM":9,"AIRPORT":"TXL"},{"CARRID":"CO","COUNTNUM":10,"AIRPORT":"CDG"},{"CARRID":"CO","COUNTNUM":11,"AIRPORT":"CDG"},{"CARRID":"CO","COUNTNUM":12,"AIRPORT":"ORY"},{"CARRID":"CO","COUNTNUM":13,"AIRPORT":"ORY"},{"CARRID":"CO","COUNTNUM":14,"AIRPORT":"VIE"},{"CARRID":"CO","COUNTNUM":15,"AIRPORT":"ZRH"},{"CARRID":"CO","COUNTNUM":16,"AIRPORT":"ZRH"},{"CARRID":"CO","COUNTNUM":17,"AIRPORT":"RTM"},{"CARRID":"CO","COUNTNUM":18,"AIRPORT":"FCO"},{"CARRID":"CO","COUNTNUM":19,"AIRPORT":"VCE"},{"CARRID":"CO","COUNTNUM":20,"AIRPORT":"VCE"},{"CARRID":"CO","COUNTNUM":21,"AIRPORT":"LCY"},{"CARRID":"CO","COUNTNUM":22,"AIRPORT":"LGW"},{"CARRID":"CO","COUNTNUM":23,"AIRPORT":"LHR"},{"CARRID":"CO","COUNTNUM":24,"AIRPORT":"MAD"},{"CARRID":"CO","COUNTNUM":25,"AIRPORT":"MAD"},{"CARRID":"CO","COUNTNUM":26,"AIRPORT":"STO"},{"CARRID":"CO","COUNTNUM":27,"AIRPORT":"VKO"},{"CARRID":"CO","COUNTNUM":28,"AIRPORT":"VKO"},{"CARRID":"CO","COUNTNUM":29,"AIRPORT":"SVO"},{"CARRID":"CO","COUNTNUM":30,"AIRPORT":"JFK"},{"CARRID":"CO","COUNTNUM":31,"AIRPORT":"JFK"},{"CARRID":"CO","COUNTNUM":32,"AIRPORT":"AIY"},{"CARRID":"CO","COUNTNUM":33,"AIRPORT":"BNA"},{"CARRID":"CO","COUNTNUM":34,"AIRPORT":"BOS"},{"CARRID":"CO","COUNTNUM":35,"AIRPORT":"BOS"},{"CARRID":"CO","COUNTNUM":36,"AIRPORT":"ELP"},{"CARRID":"CO","COUNTNUM":37,"AIRPORT":"ELP"},{"CARRID":"CO","COUNTNUM":38,"AIRPORT":"ELP"},{"CARRID":"CO","COUNTNUM":39,"AIRPORT":"DEN"},{"CARRID":"CO","COUNTNUM":40,"AIRPORT":"HOU"},{"CARRID":"CO","COUNTNUM":41,"AIRPORT":"LAS"},{"CARRID":"CO","COUNTNUM":42,"AIRPORT":"LAS"},{"CARRID":"CO","COUNTNUM":43,"AIRPORT":"LAS"},{"CARRID":"CO","COUNTNUM":44,"AIRPORT":"LAX"},{"CARRID":"CO","COUNTNUM":45,"AIRPORT":"LAX"},{"CARRID":"CO","COUNTNUM":46,"AIRPORT":"LAX"},{"CARRID":"CO","COUNTNUM":47,"AIRPORT":"MCI"},{"CARRID":"CO","COUNTNUM":48,"AIRPORT":"MIA"},{"CARRID":"CO","COUNTNUM":49,"AIRPORT":"SFO"},{"CARRID":"CO","COUNTNUM":50,"AIRPORT":"SFO"},{"CARRID":"CO","COUNTNUM":51,"AIRPORT":"PID"},{"CARRID":"CO","COUNTNUM":52,"AIRPORT":"EWR"},{"CARRID":"CO","COUNTNUM":53,"AIRPORT":"YEG"},{"CARRID":"CO","COUNTNUM":54,"AIRPORT":"YEG"},{"CARRID":"CO","COUNTNUM":55,"AIRPORT":"YOW"},{"CARRID":"CO","COUNTNUM":56,"AIRPORT":"YOW"},{"CARRID":"CO","COUNTNUM":57,"AIRPORT":"YOW"},{"CARRID":"CO","COUNTNUM":58,"AIRPORT":"ACA"},{"CARRID":"CO","COUNTNUM":59,"AIRPORT":"ACA"},{"CARRID":"CO","COUNTNUM":60,"AIRPORT":"GIG"},{"CARRID":"CO","COUNTNUM":61,"AIRPORT":"ASP"},{"CARRID":"CO","COUNTNUM":62,"AIRPORT":"ACE"},{"CARRID":"CO","COUNTNUM":63,"AIRPORT":"ACE"},{"CARRID":"CO","COUNTNUM":64,"AIRPORT":"HRE"},{"CARRID":"CO","COUNTNUM":65,"AIRPORT":"GCJ"},{"CARRID":"CO","COUNTNUM":66,"AIRPORT":"SEL"},{"CARRID":"CO","COUNTNUM":67,"AIRPORT":"TYO"},{"CARRID":"CO","COUNTNUM":68,"AIRPORT":"NRT"},{"CARRID":"CO","COUNTNUM":69,"AIRPORT":"NRT"},{"CARRID":"CO","COUNTNUM":70,"AIRPORT":"NRT"},{"CARRID":"CO","COUNTNUM":71,"AIRPORT":"ITM"},{"CARRID":"CO","COUNTNUM":72,"AIRPORT":"ITM"},{"CARRID":"CO","COUNTNUM":73,"AIRPORT":"ITM"},{"CARRID":"CO","COUNTNUM":74,"AIRPORT":"KIX"},{"CARRID":"CO","COUNTNUM":75,"AIRPORT":"HIJ"},{"CARRID":"CO","COUNTNUM":76,"AIRPORT":"JKT"},{"CARRID":"CO","COUNTNUM":77,"AIRPORT":"JKT"},{"CARRID":"CO","COUNTNUM":78,"AIRPORT":"SIN"},{"CARRID":"CO","COUNTNUM":79,"AIRPORT":"SIN"},{"CARRID":"CO","COUNTNUM":80,"AIRPORT":"SIN"},{"CARRID":"CO","COUNTNUM":81,"AIRPORT":"KUL"},{"CARRID":"CO","COUNTNUM":82,"AIRPORT":"KUL"},{"CARRID":"CO","COUNTNUM":83,"AIRPORT":"HKG"},{"CARRID":"CO","COUNTNUM":84,"AIRPORT":"BKK"},{"CARRID":"CO","COUNTNUM":85,"AIRPORT":"BKK"},{"CARRID":"CO","COUNTNUM":86,"AIRPORT":"BKK"},{"CARRID":"DL","COUNTNUM":1,"AIRPORT":"FRA"},{"CARRID":"DL","COUNTNUM":2,"AIRPORT":"HAM"},{"CARRID":"DL","COUNTNUM":3,"AIRPORT":"HAM"},{"CARRID":"DL","COUNTNUM":4,"AIRPORT":"MUC"},{"CARRID":"DL","COUNTNUM":5,"AIRPORT":"SXF"},{"CARRID":"DL","COUNTNUM":6,"AIRPORT":"SXF"},{"CARRID":"DL","COUNTNUM":7,"AIRPORT":"THF"},{"CARRID":"DL","COUNTNUM":8,"AIRPORT":"TXL"},{"CARRID":"DL","COUNTNUM":9,"AIRPORT":"TXL"},{"CARRID":"DL","COUNTNUM":10,"AIRPORT":"CDG"},{"CARRID":"DL","COUNTNUM":11,"AIRPORT":"ORY"},{"CARRID":"DL","COUNTNUM":12,"AIRPORT":"VIE"},{"CARRID":"DL","COUNTNUM":13,"AIRPORT":"ZRH"},{"CARRID":"DL","COUNTNUM":14,"AIRPORT":"RTM"},{"CARRID":"DL","COUNTNUM":15,"AIRPORT":"RTM"},{"CARRID":"DL","COUNTNUM":16,"AIRPORT":"FCO"},{"CARRID":"DL","COUNTNUM":17,"AIRPORT":"FCO"},{"CARRID":"DL","COUNTNUM":18,"AIRPORT":"FCO"},{"CARRID":"DL","COUNTNUM":19,"AIRPORT":"VCE"},{"CARRID":"DL","COUNTNUM":20,"AIRPORT":"VCE"},{"CARRID":"DL","COUNTNUM":21,"AIRPORT":"LCY"},{"CARRID":"DL","COUNTNUM":22,"AIRPORT":"LGW"},{"CARRID":"DL","COUNTNUM":23,"AIRPORT":"LHR"},{"CARRID":"DL","COUNTNUM":24,"AIRPORT":"MAD"},{"CARRID":"DL","COUNTNUM":25,"AIRPORT":"MAD"},{"CARRID":"DL","COUNTNUM":26,"AIRPORT":"STO"},{"CARRID":"DL","COUNTNUM":27,"AIRPORT":"STO"},{"CARRID":"DL","COUNTNUM":28,"AIRPORT":"VKO"},{"CARRID":"DL","COUNTNUM":29,"AIRPORT":"SVO"},{"CARRID":"DL","COUNTNUM":30,"AIRPORT":"JFK"},{"CARRID":"DL","COUNTNUM":31,"AIRPORT":"AIY"},{"CARRID":"DL","COUNTNUM":32,"AIRPORT":"BNA"},{"CARRID":"DL","COUNTNUM":33,"AIRPORT":"BNA"},{"CARRID":"DL","COUNTNUM":34,"AIRPORT":"BNA"},{"CARRID":"DL","COUNTNUM":35,"AIRPORT":"BOS"},{"CARRID":"DL","COUNTNUM":36,"AIRPORT":"BOS"},{"CARRID":"DL","COUNTNUM":37,"AIRPORT":"BOS"},{"CARRID":"DL","COUNTNUM":38,"AIRPORT":"ELP"},{"CARRID":"DL","COUNTNUM":39,"AIRPORT":"DEN"},{"CARRID":"DL","COUNTNUM":40,"AIRPORT":"HOU"},{"CARRID":"DL","COUNTNUM":41,"AIRPORT":"LAS"},{"CARRID":"DL","COUNTNUM":42,"AIRPORT":"LAX"},{"CARRID":"DL","COUNTNUM":43,"AIRPORT":"MCI"},{"CARRID":"DL","COUNTNUM":44,"AIRPORT":"MIA"},{"CARRID":"DL","COUNTNUM":45,"AIRPORT":"MIA"},{"CARRID":"DL","COUNTNUM":46,"AIRPORT":"MIA"},{"CARRID":"DL","COUNTNUM":47,"AIRPORT":"SFO"},{"CARRID":"DL","COUNTNUM":48,"AIRPORT":"PID"},{"CARRID":"DL","COUNTNUM":49,"AIRPORT":"EWR"},{"CARRID":"DL","COUNTNUM":50,"AIRPORT":"EWR"},{"CARRID":"DL","COUNTNUM":51,"AIRPORT":"YEG"},{"CARRID":"DL","COUNTNUM":52,"AIRPORT":"YOW"},{"CARRID":"DL","COUNTNUM":53,"AIRPORT":"YOW"},{"CARRID":"DL","COUNTNUM":54,"AIRPORT":"YOW"},{"CARRID":"DL","COUNTNUM":55,"AIRPORT":"ACA"},{"CARRID":"DL","COUNTNUM":56,"AIRPORT":"GIG"},{"CARRID":"DL","COUNTNUM":57,"AIRPORT":"GIG"},{"CARRID":"DL","COUNTNUM":58,"AIRPORT":"ASP"},{"CARRID":"DL","COUNTNUM":59,"AIRPORT":"ACE"},{"CARRID":"DL","COUNTNUM":60,"AIRPORT":"HRE"},{"CARRID":"DL","COUNTNUM":61,"AIRPORT":"GCJ"},{"CARRID":"DL","COUNTNUM":62,"AIRPORT":"GCJ"},{"CARRID":"DL","COUNTNUM":63,"AIRPORT":"GCJ"},{"CARRID":"DL","COUNTNUM":64,"AIRPORT":"SEL"},{"CARRID":"DL","COUNTNUM":65,"AIRPORT":"TYO"},{"CARRID":"DL","COUNTNUM":66,"AIRPORT":"TYO"},{"CARRID":"DL","COUNTNUM":67,"AIRPORT":"NRT"},{"CARRID":"DL","COUNTNUM":68,"AIRPORT":"NRT"},{"CARRID":"DL","COUNTNUM":69,"AIRPORT":"ITM"},{"CARRID":"DL","COUNTNUM":70,"AIRPORT":"KIX"},{"CARRID":"DL","COUNTNUM":71,"AIRPORT":"HIJ"},{"CARRID":"DL","COUNTNUM":72,"AIRPORT":"HIJ"},{"CARRID":"DL","COUNTNUM":73,"AIRPORT":"JKT"},{"CARRID":"DL","COUNTNUM":74,"AIRPORT":"SIN"},{"CARRID":"DL","COUNTNUM":75,"AIRPORT":"KUL"},{"CARRID":"DL","COUNTNUM":76,"AIRPORT":"KUL"},{"CARRID":"DL","COUNTNUM":77,"AIRPORT":"HKG"},{"CARRID":"DL","COUNTNUM":78,"AIRPORT":"BKK"},{"CARRID":"FJ","COUNTNUM":1,"AIRPORT":"FRA"},{"CARRID":"FJ","COUNTNUM":2,"AIRPORT":"HAM"},{"CARRID":"FJ","COUNTNUM":3,"AIRPORT":"MUC"},{"CARRID":"FJ","COUNTNUM":4,"AIRPORT":"MUC"},{"CARRID":"FJ","COUNTNUM":5,"AIRPORT":"MUC"},{"CARRID":"FJ","COUNTNUM":6,"AIRPORT":"SXF"},{"CARRID":"FJ","COUNTNUM":7,"AIRPORT":"THF"},{"CARRID":"FJ","COUNTNUM":8,"AIRPORT":"TXL"},{"CARRID":"FJ","COUNTNUM":9,"AIRPORT":"CDG"},{"CARRID":"FJ","COUNTNUM":10,"AIRPORT":"ORY"},{"CARRID":"FJ","COUNTNUM":11,"AIRPORT":"VIE"},{"CARRID":"FJ","COUNTNUM":12,"AIRPORT":"ZRH"},{"CARRID":"FJ","COUNTNUM":13,"AIRPORT":"RTM"},{"CARRID":"FJ","COUNTNUM":14,"AIRPORT":"FCO"},{"CARRID":"FJ","COUNTNUM":15,"AIRPORT":"VCE"},{"CARRID":"FJ","COUNTNUM":16,"AIRPORT":"VCE"},{"CARRID":"FJ","COUNTNUM":17,"AIRPORT":"LCY"},{"CARRID":"FJ","COUNTNUM":18,"AIRPORT":"LGW"},{"CARRID":"FJ","COUNTNUM":19,"AIRPORT":"LGW"},{"CARRID":"FJ","COUNTNUM":20,"AIRPORT":"LGW"},{"CARRID":"FJ","COUNTNUM":21,"AIRPORT":"LHR"},{"CARRID":"FJ","COUNTNUM":22,"AIRPORT":"LHR"},{"CARRID":"FJ","COUNTNUM":23,"AIRPORT":"MAD"},{"CARRID":"FJ","COUNTNUM":24,"AIRPORT":"MAD"},{"CARRID":"FJ","COUNTNUM":25,"AIRPORT":"MAD"},{"CARRID":"FJ","COUNTNUM":26,"AIRPORT":"STO"},{"CARRID":"FJ","COUNTNUM":27,"AIRPORT":"STO"},{"CARRID":"FJ","COUNTNUM":28,"AIRPORT":"STO"},{"CARRID":"FJ","COUNTNUM":29,"AIRPORT":"VKO"},{"CARRID":"FJ","COUNTNUM":30,"AIRPORT":"VKO"},{"CARRID":"FJ","COUNTNUM":31,"AIRPORT":"SVO"},{"CARRID":"FJ","COUNTNUM":32,"AIRPORT":"JFK"},{"CARRID":"FJ","COUNTNUM":33,"AIRPORT":"JFK"},{"CARRID":"FJ","COUNTNUM":34,"AIRPORT":"JFK"},{"CARRID":"FJ","COUNTNUM":35,"AIRPORT":"AIY"},{"CARRID":"FJ","COUNTNUM":36,"AIRPORT":"BNA"},{"CARRID":"FJ","COUNTNUM":37,"AIRPORT":"BNA"},{"CARRID":"FJ","COUNTNUM":38,"AIRPORT":"BNA"},{"CARRID":"FJ","COUNTNUM":39,"AIRPORT":"BOS"},{"CARRID":"FJ","COUNTNUM":40,"AIRPORT":"ELP"},{"CARRID":"FJ","COUNTNUM":41,"AIRPORT":"DEN"},{"CARRID":"FJ","COUNTNUM":42,"AIRPORT":"HOU"},{"CARRID":"FJ","COUNTNUM":43,"AIRPORT":"LAS"},{"CARRID":"FJ","COUNTNUM":44,"AIRPORT":"LAX"},{"CARRID":"FJ","COUNTNUM":45,"AIRPORT":"LAX"},{"CARRID":"FJ","COUNTNUM":46,"AIRPORT":"LAX"},{"CARRID":"FJ","COUNTNUM":47,"AIRPORT":"MCI"},{"CARRID":"FJ","COUNTNUM":48,"AIRPORT":"MCI"},{"CARRID":"FJ","COUNTNUM":49,"AIRPORT":"MIA"},{"CARRID":"FJ","COUNTNUM":50,"AIRPORT":"SFO"},{"CARRID":"FJ","COUNTNUM":51,"AIRPORT":"PID"},{"CARRID":"FJ","COUNTNUM":52,"AIRPORT":"EWR"},{"CARRID":"FJ","COUNTNUM":53,"AIRPORT":"YEG"},{"CARRID":"FJ","COUNTNUM":54,"AIRPORT":"YOW"},{"CARRID":"FJ","COUNTNUM":55,"AIRPORT":"YOW"},{"CARRID":"FJ","COUNTNUM":56,"AIRPORT":"ACA"},{"CARRID":"FJ","COUNTNUM":57,"AIRPORT":"GIG"},{"CARRID":"FJ","COUNTNUM":58,"AIRPORT":"GIG"},{"CARRID":"FJ","COUNTNUM":59,"AIRPORT":"ASP"},{"CARRID":"FJ","COUNTNUM":60,"AIRPORT":"ASP"},{"CARRID":"FJ","COUNTNUM":61,"AIRPORT":"ACE"},{"CARRID":"FJ","COUNTNUM":62,"AIRPORT":"HRE"},{"CARRID":"FJ","COUNTNUM":63,"AIRPORT":"HRE"},{"CARRID":"FJ","COUNTNUM":64,"AIRPORT":"HRE"},{"CARRID":"FJ","COUNTNUM":65,"AIRPORT":"GCJ"},{"CARRID":"FJ","COUNTNUM":66,"AIRPORT":"SEL"},{"CARRID":"FJ","COUNTNUM":67,"AIRPORT":"TYO"},{"CARRID":"FJ","COUNTNUM":68,"AIRPORT":"TYO"},{"CARRID":"FJ","COUNTNUM":69,"AIRPORT":"TYO"},{"CARRID":"FJ","COUNTNUM":70,"AIRPORT":"NRT"},{"CARRID":"FJ","COUNTNUM":71,"AIRPORT":"ITM"},{"CARRID":"FJ","COUNTNUM":72,"AIRPORT":"KIX"},{"CARRID":"FJ","COUNTNUM":73,"AIRPORT":"HIJ"},{"CARRID":"FJ","COUNTNUM":74,"AIRPORT":"JKT"},{"CARRID":"FJ","COUNTNUM":75,"AIRPORT":"SIN"},{"CARRID":"FJ","COUNTNUM":76,"AIRPORT":"KUL"},{"CARRID":"FJ","COUNTNUM":77,"AIRPORT":"KUL"},{"CARRID":"FJ","COUNTNUM":78,"AIRPORT":"HKG"},{"CARRID":"FJ","COUNTNUM":79,"AIRPORT":"BKK"},{"CARRID":"FJ","COUNTNUM":80,"AIRPORT":"BKK"},{"CARRID":"FJ","COUNTNUM":81,"AIRPORT":"BKK"},{"CARRID":"JL","COUNTNUM":1,"AIRPORT":"FRA"},{"CARRID":"JL","COUNTNUM":2,"AIRPORT":"HAM"},{"CARRID":"JL","COUNTNUM":3,"AIRPORT":"MUC"},{"CARRID":"JL","COUNTNUM":4,"AIRPORT":"SXF"},{"CARRID":"JL","COUNTNUM":5,"AIRPORT":"THF"},{"CARRID":"JL","COUNTNUM":6,"AIRPORT":"THF"},{"CARRID":"JL","COUNTNUM":7,"AIRPORT":"THF"},{"CARRID":"JL","COUNTNUM":8,"AIRPORT":"TXL"},{"CARRID":"JL","COUNTNUM":9,"AIRPORT":"CDG"},{"CARRID":"JL","COUNTNUM":10,"AIRPORT":"ORY"},{"CARRID":"JL","COUNTNUM":11,"AIRPORT":"ORY"},{"CARRID":"JL","COUNTNUM":12,"AIRPORT":"VIE"},{"CARRID":"JL","COUNTNUM":13,"AIRPORT":"ZRH"},{"CARRID":"JL","COUNTNUM":14,"AIRPORT":"ZRH"},{"CARRID":"JL","COUNTNUM":15,"AIRPORT":"ZRH"},{"CARRID":"JL","COUNTNUM":16,"AIRPORT":"RTM"},{"CARRID":"JL","COUNTNUM":17,"AIRPORT":"FCO"},{"CARRID":"JL","COUNTNUM":18,"AIRPORT":"FCO"},{"CARRID":"JL","COUNTNUM":19,"AIRPORT":"VCE"},{"CARRID":"JL","COUNTNUM":20,"AIRPORT":"LCY"},{"CARRID":"JL","COUNTNUM":21,"AIRPORT":"LGW"},{"CARRID":"JL","COUNTNUM":22,"AIRPORT":"LHR"},{"CARRID":"JL","COUNTNUM":23,"AIRPORT":"LHR"},{"CARRID":"JL","COUNTNUM":24,"AIRPORT":"LHR"},{"CARRID":"JL","COUNTNUM":25,"AIRPORT":"MAD"},{"CARRID":"JL","COUNTNUM":26,"AIRPORT":"STO"},{"CARRID":"JL","COUNTNUM":27,"AIRPORT":"STO"},{"CARRID":"JL","COUNTNUM":28,"AIRPORT":"VKO"},{"CARRID":"JL","COUNTNUM":29,"AIRPORT":"VKO"},{"CARRID":"JL","COUNTNUM":30,"AIRPORT":"SVO"},{"CARRID":"JL","COUNTNUM":31,"AIRPORT":"JFK"},{"CARRID":"JL","COUNTNUM":32,"AIRPORT":"AIY"},{"CARRID":"JL","COUNTNUM":33,"AIRPORT":"AIY"},{"CARRID":"JL","COUNTNUM":34,"AIRPORT":"BNA"},{"CARRID":"JL","COUNTNUM":35,"AIRPORT":"BOS"},{"CARRID":"JL","COUNTNUM":36,"AIRPORT":"ELP"},{"CARRID":"JL","COUNTNUM":37,"AIRPORT":"ELP"},{"CARRID":"JL","COUNTNUM":38,"AIRPORT":"DEN"},{"CARRID":"JL","COUNTNUM":39,"AIRPORT":"HOU"},{"CARRID":"JL","COUNTNUM":40,"AIRPORT":"LAS"},{"CARRID":"JL","COUNTNUM":41,"AIRPORT":"LAX"},{"CARRID":"JL","COUNTNUM":42,"AIRPORT":"MCI"},{"CARRID":"JL","COUNTNUM":43,"AIRPORT":"MIA"},{"CARRID":"JL","COUNTNUM":44,"AIRPORT":"MIA"},{"CARRID":"JL","COUNTNUM":45,"AIRPORT":"SFO"},{"CARRID":"JL","COUNTNUM":46,"AIRPORT":"PID"},{"CARRID":"JL","COUNTNUM":47,"AIRPORT":"EWR"},{"CARRID":"JL","COUNTNUM":48,"AIRPORT":"YEG"},{"CARRID":"JL","COUNTNUM":49,"AIRPORT":"YEG"},{"CARRID":"JL","COUNTNUM":50,"AIRPORT":"YEG"},{"CARRID":"JL","COUNTNUM":51,"AIRPORT":"YOW"},{"CARRID":"JL","COUNTNUM":52,"AIRPORT":"ACA"},{"CARRID":"JL","COUNTNUM":53,"AIRPORT":"ACA"},{"CARRID":"JL","COUNTNUM":54,"AIRPORT":"ACA"},{"CARRID":"JL","COUNTNUM":55,"AIRPORT":"GIG"},{"CARRID":"JL","COUNTNUM":56,"AIRPORT":"ASP"},{"CARRID":"JL","COUNTNUM":57,"AIRPORT":"ACE"},{"CARRID":"JL","COUNTNUM":58,"AIRPORT":"HRE"},{"CARRID":"JL","COUNTNUM":59,"AIRPORT":"GCJ"},{"CARRID":"JL","COUNTNUM":60,"AIRPORT":"SEL"},{"CARRID":"JL","COUNTNUM":61,"AIRPORT":"TYO"},{"CARRID":"JL","COUNTNUM":62,"AIRPORT":"TYO"},{"CARRID":"JL","COUNTNUM":63,"AIRPORT":"TYO"},{"CARRID":"JL","COUNTNUM":64,"AIRPORT":"NRT"},{"CARRID":"JL","COUNTNUM":65,"AIRPORT":"ITM"},{"CARRID":"JL","COUNTNUM":66,"AIRPORT":"KIX"},{"CARRID":"JL","COUNTNUM":67,"AIRPORT":"HIJ"},{"CARRID":"JL","COUNTNUM":68,"AIRPORT":"JKT"},{"CARRID":"JL","COUNTNUM":69,"AIRPORT":"JKT"},{"CARRID":"JL","COUNTNUM":70,"AIRPORT":"SIN"},{"CARRID":"JL","COUNTNUM":71,"AIRPORT":"KUL"},{"CARRID":"JL","COUNTNUM":72,"AIRPORT":"HKG"},{"CARRID":"JL","COUNTNUM":73,"AIRPORT":"BKK"},{"CARRID":"JL","COUNTNUM":74,"AIRPORT":"BKK"},{"CARRID":"LH","COUNTNUM":1,"AIRPORT":"FRA"},{"CARRID":"LH","COUNTNUM":2,"AIRPORT":"HAM"},{"CARRID":"LH","COUNTNUM":3,"AIRPORT":"MUC"},{"CARRID":"LH","COUNTNUM":4,"AIRPORT":"MUC"},{"CARRID":"LH","COUNTNUM":5,"AIRPORT":"MUC"},{"CARRID":"LH","COUNTNUM":6,"AIRPORT":"SXF"},{"CARRID":"LH","COUNTNUM":7,"AIRPORT":"SXF"},{"CARRID":"LH","COUNTNUM":8,"AIRPORT":"THF"},{"CARRID":"LH","COUNTNUM":9,"AIRPORT":"TXL"},{"CARRID":"LH","COUNTNUM":10,"AIRPORT":"CDG"},{"CARRID":"LH","COUNTNUM":11,"AIRPORT":"ORY"},{"CARRID":"LH","COUNTNUM":12,"AIRPORT":"VIE"},{"CARRID":"LH","COUNTNUM":13,"AIRPORT":"ZRH"},{"CARRID":"LH","COUNTNUM":14,"AIRPORT":"ZRH"},{"CARRID":"LH","COUNTNUM":15,"AIRPORT":"RTM"},{"CARRID":"LH","COUNTNUM":16,"AIRPORT":"FCO"},{"CARRID":"LH","COUNTNUM":17,"AIRPORT":"FCO"},{"CARRID":"LH","COUNTNUM":18,"AIRPORT":"VCE"},{"CARRID":"LH","COUNTNUM":19,"AIRPORT":"VCE"},{"CARRID":"LH","COUNTNUM":20,"AIRPORT":"LCY"},{"CARRID":"LH","COUNTNUM":21,"AIRPORT":"LGW"},{"CARRID":"LH","COUNTNUM":22,"AIRPORT":"LGW"},{"CARRID":"LH","COUNTNUM":23,"AIRPORT":"LGW"},{"CARRID":"LH","COUNTNUM":24,"AIRPORT":"LHR"},{"CARRID":"LH","COUNTNUM":25,"AIRPORT":"MAD"},{"CARRID":"LH","COUNTNUM":26,"AIRPORT":"STO"},{"CARRID":"LH","COUNTNUM":27,"AIRPORT":"STO"},{"CARRID":"LH","COUNTNUM":28,"AIRPORT":"STO"},{"CARRID":"LH","COUNTNUM":29,"AIRPORT":"VKO"},{"CARRID":"LH","COUNTNUM":30,"AIRPORT":"SVO"},{"CARRID":"LH","COUNTNUM":31,"AIRPORT":"JFK"},{"CARRID":"LH","COUNTNUM":32,"AIRPORT":"AIY"},{"CARRID":"LH","COUNTNUM":33,"AIRPORT":"BNA"},{"CARRID":"LH","COUNTNUM":34,"AIRPORT":"BOS"},{"CARRID":"LH","COUNTNUM":35,"AIRPORT":"ELP"},{"CARRID":"LH","COUNTNUM":36,"AIRPORT":"ELP"},{"CARRID":"LH","COUNTNUM":37,"AIRPORT":"DEN"},{"CARRID":"LH","COUNTNUM":38,"AIRPORT":"HOU"},{"CARRID":"LH","COUNTNUM":39,"AIRPORT":"HOU"},{"CARRID":"LH","COUNTNUM":40,"AIRPORT":"HOU"},{"CARRID":"LH","COUNTNUM":41,"AIRPORT":"LAS"},{"CARRID":"LH","COUNTNUM":42,"AIRPORT":"LAS"},{"CARRID":"LH","COUNTNUM":43,"AIRPORT":"LAS"},{"CARRID":"LH","COUNTNUM":44,"AIRPORT":"LAX"},{"CARRID":"LH","COUNTNUM":45,"AIRPORT":"MCI"},{"CARRID":"LH","COUNTNUM":46,"AIRPORT":"MIA"},{"CARRID":"LH","COUNTNUM":47,"AIRPORT":"SFO"},{"CARRID":"LH","COUNTNUM":48,"AIRPORT":"PID"},{"CARRID":"LH","COUNTNUM":49,"AIRPORT":"PID"},{"CARRID":"LH","COUNTNUM":50,"AIRPORT":"EWR"},{"CARRID":"LH","COUNTNUM":51,"AIRPORT":"EWR"},{"CARRID":"LH","COUNTNUM":52,"AIRPORT":"YEG"},{"CARRID":"LH","COUNTNUM":53,"AIRPORT":"YEG"},{"CARRID":"LH","COUNTNUM":54,"AIRPORT":"YOW"},{"CARRID":"LH","COUNTNUM":55,"AIRPORT":"ACA"},{"CARRID":"LH","COUNTNUM":56,"AIRPORT":"ACA"},{"CARRID":"LH","COUNTNUM":57,"AIRPORT":"GIG"},{"CARRID":"LH","COUNTNUM":58,"AIRPORT":"ASP"},{"CARRID":"LH","COUNTNUM":59,"AIRPORT":"ACE"},{"CARRID":"LH","COUNTNUM":60,"AIRPORT":"ACE"},{"CARRID":"LH","COUNTNUM":61,"AIRPORT":"HRE"},{"CARRID":"LH","COUNTNUM":62,"AIRPORT":"GCJ"},{"CARRID":"LH","COUNTNUM":63,"AIRPORT":"SEL"},{"CARRID":"LH","COUNTNUM":64,"AIRPORT":"TYO"},{"CARRID":"LH","COUNTNUM":65,"AIRPORT":"TYO"},{"CARRID":"LH","COUNTNUM":66,"AIRPORT":"NRT"},{"CARRID":"LH","COUNTNUM":67,"AIRPORT":"ITM"},{"CARRID":"LH","COUNTNUM":68,"AIRPORT":"ITM"},{"CARRID":"LH","COUNTNUM":69,"AIRPORT":"KIX"},{"CARRID":"LH","COUNTNUM":70,"AIRPORT":"HIJ"},{"CARRID":"LH","COUNTNUM":71,"AIRPORT":"HIJ"},{"CARRID":"LH","COUNTNUM":72,"AIRPORT":"JKT"},{"CARRID":"LH","COUNTNUM":73,"AIRPORT":"SIN"},{"CARRID":"LH","COUNTNUM":74,"AIRPORT":"KUL"},{"CARRID":"LH","COUNTNUM":75,"AIRPORT":"KUL"},{"CARRID":"LH","COUNTNUM":76,"AIRPORT":"HKG"},{"CARRID":"LH","COUNTNUM":77,"AIRPORT":"HKG"},{"CARRID":"LH","COUNTNUM":78,"AIRPORT":"HKG"},{"CARRID":"LH","COUNTNUM":79,"AIRPORT":"BKK"},{"CARRID":"NG","COUNTNUM":1,"AIRPORT":"FRA"},{"CARRID":"NG","COUNTNUM":2,"AIRPORT":"HAM"},{"CARRID":"NG","COUNTNUM":3,"AIRPORT":"HAM"},{"CARRID":"NG","COUNTNUM":4,"AIRPORT":"HAM"},{"CARRID":"NG","COUNTNUM":5,"AIRPORT":"MUC"},{"CARRID":"NG","COUNTNUM":6,"AIRPORT":"MUC"},{"CARRID":"NG","COUNTNUM":7,"AIRPORT":"MUC"},{"CARRID":"NG","COUNTNUM":8,"AIRPORT":"SXF"},{"CARRID":"NG","COUNTNUM":9,"AIRPORT":"THF"},{"CARRID":"NG","COUNTNUM":10,"AIRPORT":"TXL"},{"CARRID":"NG","COUNTNUM":11,"AIRPORT":"TXL"},{"CARRID":"NG","COUNTNUM":12,"AIRPORT":"CDG"},{"CARRID":"NG","COUNTNUM":13,"AIRPORT":"ORY"},{"CARRID":"NG","COUNTNUM":14,"AIRPORT":"VIE"},{"CARRID":"NG","COUNTNUM":15,"AIRPORT":"VIE"},{"CARRID":"NG","COUNTNUM":16,"AIRPORT":"ZRH"},{"CARRID":"NG","COUNTNUM":17,"AIRPORT":"ZRH"},{"CARRID":"NG","COUNTNUM":18,"AIRPORT":"ZRH"},{"CARRID":"NG","COUNTNUM":19,"AIRPORT":"RTM"},{"CARRID":"NG","COUNTNUM":20,"AIRPORT":"RTM"},{"CARRID":"NG","COUNTNUM":21,"AIRPORT":"FCO"},{"CARRID":"NG","COUNTNUM":22,"AIRPORT":"VCE"},{"CARRID":"NG","COUNTNUM":23,"AIRPORT":"LCY"},{"CARRID":"NG","COUNTNUM":24,"AIRPORT":"LCY"},{"CARRID":"NG","COUNTNUM":25,"AIRPORT":"LGW"},{"CARRID":"NG","COUNTNUM":26,"AIRPORT":"LHR"},{"CARRID":"NG","COUNTNUM":27,"AIRPORT":"MAD"},{"CARRID":"NG","COUNTNUM":28,"AIRPORT":"STO"},{"CARRID":"NG","COUNTNUM":29,"AIRPORT":"VKO"},{"CARRID":"NG","COUNTNUM":30,"AIRPORT":"VKO"},{"CARRID":"NG","COUNTNUM":31,"AIRPORT":"VKO"},{"CARRID":"NG","COUNTNUM":32,"AIRPORT":"SVO"},{"CARRID":"NG","COUNTNUM":33,"AIRPORT":"SVO"},{"CARRID":"NG","COUNTNUM":34,"AIRPORT":"SVO"},{"CARRID":"NG","COUNTNUM":35,"AIRPORT":"JFK"},{"CARRID":"NG","COUNTNUM":36,"AIRPORT":"AIY"},{"CARRID":"NG","COUNTNUM":37,"AIRPORT":"BNA"},{"CARRID":"NG","COUNTNUM":38,"AIRPORT":"BNA"},{"CARRID":"NG","COUNTNUM":39,"AIRPORT":"BOS"},{"CARRID":"NG","COUNTNUM":40,"AIRPORT":"BOS"},{"CARRID":"NG","COUNTNUM":41,"AIRPORT":"BOS"},{"CARRID":"NG","COUNTNUM":42,"AIRPORT":"ELP"},{"CARRID":"NG","COUNTNUM":43,"AIRPORT":"ELP"},{"CARRID":"NG","COUNTNUM":44,"AIRPORT":"DEN"},{"CARRID":"NG","COUNTNUM":45,"AIRPORT":"HOU"},{"CARRID":"NG","COUNTNUM":46,"AIRPORT":"HOU"},{"CARRID":"NG","COUNTNUM":47,"AIRPORT":"HOU"},{"CARRID":"NG","COUNTNUM":48,"AIRPORT":"LAS"},{"CARRID":"NG","COUNTNUM":49,"AIRPORT":"LAX"},{"CARRID":"NG","COUNTNUM":50,"AIRPORT":"LAX"},{"CARRID":"NG","COUNTNUM":51,"AIRPORT":"MCI"},{"CARRID":"NG","COUNTNUM":52,"AIRPORT":"MIA"},{"CARRID":"NG","COUNTNUM":53,"AIRPORT":"MIA"},{"CARRID":"NG","COUNTNUM":54,"AIRPORT":"SFO"},{"CARRID":"NG","COUNTNUM":55,"AIRPORT":"PID"},{"CARRID":"NG","COUNTNUM":56,"AIRPORT":"PID"},{"CARRID":"NG","COUNTNUM":57,"AIRPORT":"EWR"},{"CARRID":"NG","COUNTNUM":58,"AIRPORT":"YEG"},{"CARRID":"NG","COUNTNUM":59,"AIRPORT":"YOW"},{"CARRID":"NG","COUNTNUM":60,"AIRPORT":"ACA"},{"CARRID":"NG","COUNTNUM":61,"AIRPORT":"GIG"},{"CARRID":"NG","COUNTNUM":62,"AIRPORT":"GIG"},{"CARRID":"NG","COUNTNUM":63,"AIRPORT":"ASP"},{"CARRID":"NG","COUNTNUM":64,"AIRPORT":"ASP"},{"CARRID":"NG","COUNTNUM":65,"AIRPORT":"ASP"},{"CARRID":"NG","COUNTNUM":66,"AIRPORT":"ACE"},{"CARRID":"NG","COUNTNUM":67,"AIRPORT":"ACE"},{"CARRID":"NG","COUNTNUM":68,"AIRPORT":"HRE"},{"CARRID":"NG","COUNTNUM":69,"AIRPORT":"GCJ"},{"CARRID":"NG","COUNTNUM":70,"AIRPORT":"SEL"},{"CARRID":"NG","COUNTNUM":71,"AIRPORT":"TYO"},{"CARRID":"NG","COUNTNUM":72,"AIRPORT":"TYO"},{"CARRID":"NG","COUNTNUM":73,"AIRPORT":"NRT"},{"CARRID":"NG","COUNTNUM":74,"AIRPORT":"NRT"},{"CARRID":"NG","COUNTNUM":75,"AIRPORT":"ITM"},{"CARRID":"NG","COUNTNUM":76,"AIRPORT":"KIX"},{"CARRID":"NG","COUNTNUM":77,"AIRPORT":"HIJ"},{"CARRID":"NG","COUNTNUM":78,"AIRPORT":"JKT"},{"CARRID":"NG","COUNTNUM":79,"AIRPORT":"SIN"},{"CARRID":"NG","COUNTNUM":80,"AIRPORT":"SIN"},{"CARRID":"NG","COUNTNUM":81,"AIRPORT":"SIN"},{"CARRID":"NG","COUNTNUM":82,"AIRPORT":"KUL"},{"CARRID":"NG","COUNTNUM":83,"AIRPORT":"KUL"},{"CARRID":"NG","COUNTNUM":84,"AIRPORT":"KUL"},{"CARRID":"NG","COUNTNUM":85,"AIRPORT":"HKG"},{"CARRID":"NG","COUNTNUM":86,"AIRPORT":"BKK"},{"CARRID":"NW","COUNTNUM":1,"AIRPORT":"FRA"},{"CARRID":"NW","COUNTNUM":2,"AIRPORT":"HAM"},{"CARRID":"NW","COUNTNUM":3,"AIRPORT":"MUC"},{"CARRID":"NW","COUNTNUM":4,"AIRPORT":"SXF"},{"CARRID":"NW","COUNTNUM":5,"AIRPORT":"SXF"},{"CARRID":"NW","COUNTNUM":6,"AIRPORT":"SXF"},{"CARRID":"NW","COUNTNUM":7,"AIRPORT":"THF"},{"CARRID":"NW","COUNTNUM":8,"AIRPORT":"TXL"},{"CARRID":"NW","COUNTNUM":9,"AIRPORT":"CDG"},{"CARRID":"NW","COUNTNUM":10,"AIRPORT":"ORY"},{"CARRID":"NW","COUNTNUM":11,"AIRPORT":"VIE"},{"CARRID":"NW","COUNTNUM":12,"AIRPORT":"ZRH"},{"CARRID":"NW","COUNTNUM":13,"AIRPORT":"RTM"},{"CARRID":"NW","COUNTNUM":14,"AIRPORT":"FCO"},{"CARRID":"NW","COUNTNUM":15,"AIRPORT":"VCE"},{"CARRID":"NW","COUNTNUM":16,"AIRPORT":"LCY"},{"CARRID":"NW","COUNTNUM":17,"AIRPORT":"LCY"},{"CARRID":"NW","COUNTNUM":18,"AIRPORT":"LGW"},{"CARRID":"NW","COUNTNUM":19,"AIRPORT":"LHR"},{"CARRID":"NW","COUNTNUM":20,"AIRPORT":"LHR"},{"CARRID":"NW","COUNTNUM":21,"AIRPORT":"LHR"},{"CARRID":"NW","COUNTNUM":22,"AIRPORT":"MAD"},{"CARRID":"NW","COUNTNUM":23,"AIRPORT":"MAD"},{"CARRID":"NW","COUNTNUM":24,"AIRPORT":"STO"},{"CARRID":"NW","COUNTNUM":25,"AIRPORT":"STO"},{"CARRID":"NW","COUNTNUM":26,"AIRPORT":"STO"},{"CARRID":"NW","COUNTNUM":27,"AIRPORT":"VKO"},{"CARRID":"NW","COUNTNUM":28,"AIRPORT":"VKO"},{"CARRID":"NW","COUNTNUM":29,"AIRPORT":"VKO"},{"CARRID":"NW","COUNTNUM":30,"AIRPORT":"SVO"},{"CARRID":"NW","COUNTNUM":31,"AIRPORT":"SVO"},{"CARRID":"NW","COUNTNUM":32,"AIRPORT":"JFK"},{"CARRID":"NW","COUNTNUM":33,"AIRPORT":"AIY"},{"CARRID":"NW","COUNTNUM":34,"AIRPORT":"AIY"},{"CARRID":"NW","COUNTNUM":35,"AIRPORT":"AIY"},{"CARRID":"NW","COUNTNUM":36,"AIRPORT":"BNA"},{"CARRID":"NW","COUNTNUM":37,"AIRPORT":"BOS"},{"CARRID":"NW","COUNTNUM":38,"AIRPORT":"BOS"},{"CARRID":"NW","COUNTNUM":39,"AIRPORT":"BOS"},{"CARRID":"NW","COUNTNUM":40,"AIRPORT":"ELP"},{"CARRID":"NW","COUNTNUM":41,"AIRPORT":"DEN"},{"CARRID":"NW","COUNTNUM":42,"AIRPORT":"HOU"},{"CARRID":"NW","COUNTNUM":43,"AIRPORT":"LAS"},{"CARRID":"NW","COUNTNUM":44,"AIRPORT":"LAX"},{"CARRID":"NW","COUNTNUM":45,"AIRPORT":"MCI"},{"CARRID":"NW","COUNTNUM":46,"AIRPORT":"MCI"},{"CARRID":"NW","COUNTNUM":47,"AIRPORT":"MCI"},{"CARRID":"NW","COUNTNUM":48,"AIRPORT":"MIA"},{"CARRID":"NW","COUNTNUM":49,"AIRPORT":"MIA"},{"CARRID":"NW","COUNTNUM":50,"AIRPORT":"SFO"},{"CARRID":"NW","COUNTNUM":51,"AIRPORT":"PID"},{"CARRID":"NW","COUNTNUM":52,"AIRPORT":"EWR"},{"CARRID":"NW","COUNTNUM":53,"AIRPORT":"YEG"},{"CARRID":"NW","COUNTNUM":54,"AIRPORT":"YOW"},{"CARRID":"NW","COUNTNUM":55,"AIRPORT":"ACA"},{"CARRID":"NW","COUNTNUM":56,"AIRPORT":"ACA"},{"CARRID":"NW","COUNTNUM":57,"AIRPORT":"GIG"},{"CARRID":"NW","COUNTNUM":58,"AIRPORT":"ASP"},{"CARRID":"NW","COUNTNUM":59,"AIRPORT":"ASP"},{"CARRID":"NW","COUNTNUM":60,"AIRPORT":"ACE"},{"CARRID":"NW","COUNTNUM":61,"AIRPORT":"ACE"},{"CARRID":"NW","COUNTNUM":62,"AIRPORT":"HRE"},{"CARRID":"NW","COUNTNUM":63,"AIRPORT":"GCJ"},{"CARRID":"NW","COUNTNUM":64,"AIRPORT":"GCJ"},{"CARRID":"NW","COUNTNUM":65,"AIRPORT":"GCJ"},{"CARRID":"NW","COUNTNUM":66,"AIRPORT":"SEL"},{"CARRID":"NW","COUNTNUM":67,"AIRPORT":"TYO"},{"CARRID":"NW","COUNTNUM":68,"AIRPORT":"NRT"},{"CARRID":"NW","COUNTNUM":69,"AIRPORT":"NRT"},{"CARRID":"NW","COUNTNUM":70,"AIRPORT":"NRT"},{"CARRID":"NW","COUNTNUM":71,"AIRPORT":"ITM"},{"CARRID":"NW","COUNTNUM":72,"AIRPORT":"KIX"},{"CARRID":"NW","COUNTNUM":73,"AIRPORT":"HIJ"},{"CARRID":"NW","COUNTNUM":74,"AIRPORT":"JKT"},{"CARRID":"NW","COUNTNUM":75,"AIRPORT":"SIN"},{"CARRID":"NW","COUNTNUM":76,"AIRPORT":"KUL"},{"CARRID":"NW","COUNTNUM":77,"AIRPORT":"HKG"},{"CARRID":"NW","COUNTNUM":78,"AIRPORT":"HKG"},{"CARRID":"NW","COUNTNUM":79,"AIRPORT":"BKK"},{"CARRID":"QF","COUNTNUM":1,"AIRPORT":"FRA"},{"CARRID":"QF","COUNTNUM":2,"AIRPORT":"FRA"},{"CARRID":"QF","COUNTNUM":3,"AIRPORT":"FRA"},{"CARRID":"QF","COUNTNUM":4,"AIRPORT":"HAM"},{"CARRID":"QF","COUNTNUM":5,"AIRPORT":"HAM"},{"CARRID":"QF","COUNTNUM":6,"AIRPORT":"HAM"},{"CARRID":"QF","COUNTNUM":7,"AIRPORT":"MUC"},{"CARRID":"QF","COUNTNUM":8,"AIRPORT":"SXF"},{"CARRID":"QF","COUNTNUM":9,"AIRPORT":"THF"},{"CARRID":"QF","COUNTNUM":10,"AIRPORT":"TXL"},{"CARRID":"QF","COUNTNUM":11,"AIRPORT":"CDG"},{"CARRID":"QF","COUNTNUM":12,"AIRPORT":"CDG"},{"CARRID":"QF","COUNTNUM":13,"AIRPORT":"ORY"},{"CARRID":"QF","COUNTNUM":14,"AIRPORT":"ORY"},{"CARRID":"QF","COUNTNUM":15,"AIRPORT":"VIE"},{"CARRID":"QF","COUNTNUM":16,"AIRPORT":"VIE"},{"CARRID":"QF","COUNTNUM":17,"AIRPORT":"ZRH"},{"CARRID":"QF","COUNTNUM":18,"AIRPORT":"RTM"},{"CARRID":"QF","COUNTNUM":19,"AIRPORT":"RTM"},{"CARRID":"QF","COUNTNUM":20,"AIRPORT":"FCO"},{"CARRID":"QF","COUNTNUM":21,"AIRPORT":"VCE"},{"CARRID":"QF","COUNTNUM":22,"AIRPORT":"LCY"},{"CARRID":"QF","COUNTNUM":23,"AIRPORT":"LCY"},{"CARRID":"QF","COUNTNUM":24,"AIRPORT":"LGW"},{"CARRID":"QF","COUNTNUM":25,"AIRPORT":"LHR"},{"CARRID":"QF","COUNTNUM":26,"AIRPORT":"MAD"},{"CARRID":"QF","COUNTNUM":27,"AIRPORT":"STO"},{"CARRID":"QF","COUNTNUM":28,"AIRPORT":"STO"},{"CARRID":"QF","COUNTNUM":29,"AIRPORT":"VKO"},{"CARRID":"QF","COUNTNUM":30,"AIRPORT":"SVO"},{"CARRID":"QF","COUNTNUM":31,"AIRPORT":"SVO"},{"CARRID":"QF","COUNTNUM":32,"AIRPORT":"JFK"},{"CARRID":"QF","COUNTNUM":33,"AIRPORT":"AIY"},{"CARRID":"QF","COUNTNUM":34,"AIRPORT":"AIY"},{"CARRID":"QF","COUNTNUM":35,"AIRPORT":"BNA"},{"CARRID":"QF","COUNTNUM":36,"AIRPORT":"BOS"},{"CARRID":"QF","COUNTNUM":37,"AIRPORT":"ELP"},{"CARRID":"QF","COUNTNUM":38,"AIRPORT":"ELP"},{"CARRID":"QF","COUNTNUM":39,"AIRPORT":"DEN"},{"CARRID":"QF","COUNTNUM":40,"AIRPORT":"DEN"},{"CARRID":"QF","COUNTNUM":41,"AIRPORT":"DEN"},{"CARRID":"QF","COUNTNUM":42,"AIRPORT":"HOU"},{"CARRID":"QF","COUNTNUM":43,"AIRPORT":"LAS"},{"CARRID":"QF","COUNTNUM":44,"AIRPORT":"LAX"},{"CARRID":"QF","COUNTNUM":45,"AIRPORT":"LAX"},{"CARRID":"QF","COUNTNUM":46,"AIRPORT":"LAX"},{"CARRID":"QF","COUNTNUM":47,"AIRPORT":"MCI"},{"CARRID":"QF","COUNTNUM":48,"AIRPORT":"MCI"},{"CARRID":"QF","COUNTNUM":49,"AIRPORT":"MCI"},{"CARRID":"QF","COUNTNUM":50,"AIRPORT":"MIA"},{"CARRID":"QF","COUNTNUM":51,"AIRPORT":"SFO"},{"CARRID":"QF","COUNTNUM":52,"AIRPORT":"PID"},{"CARRID":"QF","COUNTNUM":53,"AIRPORT":"PID"},{"CARRID":"QF","COUNTNUM":54,"AIRPORT":"EWR"},{"CARRID":"QF","COUNTNUM":55,"AIRPORT":"YEG"},{"CARRID":"QF","COUNTNUM":56,"AIRPORT":"YOW"},{"CARRID":"QF","COUNTNUM":57,"AIRPORT":"YOW"},{"CARRID":"QF","COUNTNUM":58,"AIRPORT":"ACA"},{"CARRID":"QF","COUNTNUM":59,"AIRPORT":"ACA"},{"CARRID":"QF","COUNTNUM":60,"AIRPORT":"ACA"},{"CARRID":"QF","COUNTNUM":61,"AIRPORT":"GIG"},{"CARRID":"QF","COUNTNUM":62,"AIRPORT":"GIG"},{"CARRID":"QF","COUNTNUM":63,"AIRPORT":"ASP"},{"CARRID":"QF","COUNTNUM":64,"AIRPORT":"ACE"},{"CARRID":"QF","COUNTNUM":65,"AIRPORT":"HRE"},{"CARRID":"QF","COUNTNUM":66,"AIRPORT":"HRE"},{"CARRID":"QF","COUNTNUM":67,"AIRPORT":"GCJ"},{"CARRID":"QF","COUNTNUM":68,"AIRPORT":"SEL"},{"CARRID":"QF","COUNTNUM":69,"AIRPORT":"TYO"},{"CARRID":"QF","COUNTNUM":70,"AIRPORT":"NRT"},{"CARRID":"QF","COUNTNUM":71,"AIRPORT":"ITM"},{"CARRID":"QF","COUNTNUM":72,"AIRPORT":"ITM"},{"CARRID":"QF","COUNTNUM":73,"AIRPORT":"ITM"},{"CARRID":"QF","COUNTNUM":74,"AIRPORT":"KIX"},{"CARRID":"QF","COUNTNUM":75,"AIRPORT":"KIX"},{"CARRID":"QF","COUNTNUM":76,"AIRPORT":"KIX"},{"CARRID":"QF","COUNTNUM":77,"AIRPORT":"HIJ"},{"CARRID":"QF","COUNTNUM":78,"AIRPORT":"JKT"},{"CARRID":"QF","COUNTNUM":79,"AIRPORT":"SIN"},{"CARRID":"QF","COUNTNUM":80,"AIRPORT":"SIN"},{"CARRID":"QF","COUNTNUM":81,"AIRPORT":"KUL"},{"CARRID":"QF","COUNTNUM":82,"AIRPORT":"KUL"},{"CARRID":"QF","COUNTNUM":83,"AIRPORT":"KUL"},{"CARRID":"QF","COUNTNUM":84,"AIRPORT":"HKG"},{"CARRID":"QF","COUNTNUM":85,"AIRPORT":"HKG"},{"CARRID":"QF","COUNTNUM":86,"AIRPORT":"BKK"},{"CARRID":"SA","COUNTNUM":1,"AIRPORT":"FRA"},{"CARRID":"SA","COUNTNUM":2,"AIRPORT":"FRA"},{"CARRID":"SA","COUNTNUM":3,"AIRPORT":"FRA"},{"CARRID":"SA","COUNTNUM":4,"AIRPORT":"HAM"},{"CARRID":"SA","COUNTNUM":5,"AIRPORT":"MUC"},{"CARRID":"SA","COUNTNUM":6,"AIRPORT":"MUC"},{"CARRID":"SA","COUNTNUM":7,"AIRPORT":"SXF"},{"CARRID":"SA","COUNTNUM":8,"AIRPORT":"THF"},{"CARRID":"SA","COUNTNUM":9,"AIRPORT":"THF"},{"CARRID":"SA","COUNTNUM":10,"AIRPORT":"TXL"},{"CARRID":"SA","COUNTNUM":11,"AIRPORT":"CDG"},{"CARRID":"SA","COUNTNUM":12,"AIRPORT":"CDG"},{"CARRID":"SA","COUNTNUM":13,"AIRPORT":"ORY"},{"CARRID":"SA","COUNTNUM":14,"AIRPORT":"VIE"},{"CARRID":"SA","COUNTNUM":15,"AIRPORT":"ZRH"},{"CARRID":"SA","COUNTNUM":16,"AIRPORT":"RTM"},{"CARRID":"SA","COUNTNUM":17,"AIRPORT":"FCO"},{"CARRID":"SA","COUNTNUM":18,"AIRPORT":"FCO"},{"CARRID":"SA","COUNTNUM":19,"AIRPORT":"VCE"},{"CARRID":"SA","COUNTNUM":20,"AIRPORT":"VCE"},{"CARRID":"SA","COUNTNUM":21,"AIRPORT":"VCE"},{"CARRID":"SA","COUNTNUM":22,"AIRPORT":"LCY"},{"CARRID":"SA","COUNTNUM":23,"AIRPORT":"LCY"},{"CARRID":"SA","COUNTNUM":24,"AIRPORT":"LGW"},{"CARRID":"SA","COUNTNUM":25,"AIRPORT":"LHR"},{"CARRID":"SA","COUNTNUM":26,"AIRPORT":"MAD"},{"CARRID":"SA","COUNTNUM":27,"AIRPORT":"STO"},{"CARRID":"SA","COUNTNUM":28,"AIRPORT":"STO"},{"CARRID":"SA","COUNTNUM":29,"AIRPORT":"VKO"},{"CARRID":"SA","COUNTNUM":30,"AIRPORT":"VKO"},{"CARRID":"SA","COUNTNUM":31,"AIRPORT":"SVO"},{"CARRID":"SA","COUNTNUM":32,"AIRPORT":"JFK"},{"CARRID":"SA","COUNTNUM":33,"AIRPORT":"AIY"},{"CARRID":"SA","COUNTNUM":34,"AIRPORT":"BNA"},{"CARRID":"SA","COUNTNUM":35,"AIRPORT":"BOS"},{"CARRID":"SA","COUNTNUM":36,"AIRPORT":"BOS"},{"CARRID":"SA","COUNTNUM":37,"AIRPORT":"BOS"},{"CARRID":"SA","COUNTNUM":38,"AIRPORT":"ELP"},{"CARRID":"SA","COUNTNUM":39,"AIRPORT":"ELP"},{"CARRID":"SA","COUNTNUM":40,"AIRPORT":"ELP"},{"CARRID":"SA","COUNTNUM":41,"AIRPORT":"DEN"},{"CARRID":"SA","COUNTNUM":42,"AIRPORT":"HOU"},{"CARRID":"SA","COUNTNUM":43,"AIRPORT":"LAS"},{"CARRID":"SA","COUNTNUM":44,"AIRPORT":"LAX"},{"CARRID":"SA","COUNTNUM":45,"AIRPORT":"MCI"},{"CARRID":"SA","COUNTNUM":46,"AIRPORT":"MIA"},{"CARRID":"SA","COUNTNUM":47,"AIRPORT":"SFO"},{"CARRID":"SA","COUNTNUM":48,"AIRPORT":"SFO"},{"CARRID":"SA","COUNTNUM":49,"AIRPORT":"SFO"},{"CARRID":"SA","COUNTNUM":50,"AIRPORT":"PID"},{"CARRID":"SA","COUNTNUM":51,"AIRPORT":"EWR"},{"CARRID":"SA","COUNTNUM":52,"AIRPORT":"YEG"},{"CARRID":"SA","COUNTNUM":53,"AIRPORT":"YEG"},{"CARRID":"SA","COUNTNUM":54,"AIRPORT":"YOW"},{"CARRID":"SA","COUNTNUM":55,"AIRPORT":"ACA"},{"CARRID":"SA","COUNTNUM":56,"AIRPORT":"ACA"},{"CARRID":"SA","COUNTNUM":57,"AIRPORT":"ACA"},{"CARRID":"SA","COUNTNUM":58,"AIRPORT":"GIG"},{"CARRID":"SA","COUNTNUM":59,"AIRPORT":"ASP"},{"CARRID":"SA","COUNTNUM":60,"AIRPORT":"ASP"},{"CARRID":"SA","COUNTNUM":61,"AIRPORT":"ACE"},{"CARRID":"SA","COUNTNUM":62,"AIRPORT":"HRE"},{"CARRID":"SA","COUNTNUM":63,"AIRPORT":"GCJ"},{"CARRID":"SA","COUNTNUM":64,"AIRPORT":"SEL"},{"CARRID":"SA","COUNTNUM":65,"AIRPORT":"SEL"},{"CARRID":"SA","COUNTNUM":66,"AIRPORT":"SEL"},{"CARRID":"SA","COUNTNUM":67,"AIRPORT":"TYO"},{"CARRID":"SA","COUNTNUM":68,"AIRPORT":"NRT"},{"CARRID":"SA","COUNTNUM":69,"AIRPORT":"NRT"},{"CARRID":"SA","COUNTNUM":70,"AIRPORT":"ITM"},{"CARRID":"SA","COUNTNUM":71,"AIRPORT":"ITM"},{"CARRID":"SA","COUNTNUM":72,"AIRPORT":"KIX"},{"CARRID":"SA","COUNTNUM":73,"AIRPORT":"HIJ"},{"CARRID":"SA","COUNTNUM":74,"AIRPORT":"JKT"},{"CARRID":"SA","COUNTNUM":75,"AIRPORT":"JKT"},{"CARRID":"SA","COUNTNUM":76,"AIRPORT":"SIN"},{"CARRID":"SA","COUNTNUM":77,"AIRPORT":"KUL"},{"CARRID":"SA","COUNTNUM":78,"AIRPORT":"HKG"},{"CARRID":"SA","COUNTNUM":79,"AIRPORT":"HKG"},{"CARRID":"SA","COUNTNUM":80,"AIRPORT":"BKK"},{"CARRID":"SQ","COUNTNUM":1,"AIRPORT":"FRA"},{"CARRID":"SQ","COUNTNUM":2,"AIRPORT":"HAM"},{"CARRID":"SQ","COUNTNUM":3,"AIRPORT":"MUC"},{"CARRID":"SQ","COUNTNUM":4,"AIRPORT":"SXF"},{"CARRID":"SQ","COUNTNUM":5,"AIRPORT":"THF"},{"CARRID":"SQ","COUNTNUM":6,"AIRPORT":"THF"},{"CARRID":"SQ","COUNTNUM":7,"AIRPORT":"TXL"},{"CARRID":"SQ","COUNTNUM":8,"AIRPORT":"CDG"},{"CARRID":"SQ","COUNTNUM":9,"AIRPORT":"ORY"},{"CARRID":"SQ","COUNTNUM":10,"AIRPORT":"VIE"},{"CARRID":"SQ","COUNTNUM":11,"AIRPORT":"VIE"},{"CARRID":"SQ","COUNTNUM":12,"AIRPORT":"VIE"},{"CARRID":"SQ","COUNTNUM":13,"AIRPORT":"ZRH"},{"CARRID":"SQ","COUNTNUM":14,"AIRPORT":"RTM"},{"CARRID":"SQ","COUNTNUM":15,"AIRPORT":"RTM"},{"CARRID":"SQ","COUNTNUM":16,"AIRPORT":"RTM"},{"CARRID":"SQ","COUNTNUM":17,"AIRPORT":"FCO"},{"CARRID":"SQ","COUNTNUM":18,"AIRPORT":"VCE"},{"CARRID":"SQ","COUNTNUM":19,"AIRPORT":"LCY"},{"CARRID":"SQ","COUNTNUM":20,"AIRPORT":"LGW"},{"CARRID":"SQ","COUNTNUM":21,"AIRPORT":"LHR"},{"CARRID":"SQ","COUNTNUM":22,"AIRPORT":"MAD"},{"CARRID":"SQ","COUNTNUM":23,"AIRPORT":"STO"},{"CARRID":"SQ","COUNTNUM":24,"AIRPORT":"STO"},{"CARRID":"SQ","COUNTNUM":25,"AIRPORT":"STO"},{"CARRID":"SQ","COUNTNUM":26,"AIRPORT":"VKO"},{"CARRID":"SQ","COUNTNUM":27,"AIRPORT":"SVO"},{"CARRID":"SQ","COUNTNUM":28,"AIRPORT":"JFK"},{"CARRID":"SQ","COUNTNUM":29,"AIRPORT":"AIY"},{"CARRID":"SQ","COUNTNUM":30,"AIRPORT":"BNA"},{"CARRID":"SQ","COUNTNUM":31,"AIRPORT":"BNA"},{"CARRID":"SQ","COUNTNUM":32,"AIRPORT":"BOS"},{"CARRID":"SQ","COUNTNUM":33,"AIRPORT":"ELP"},{"CARRID":"SQ","COUNTNUM":34,"AIRPORT":"DEN"},{"CARRID":"SQ","COUNTNUM":35,"AIRPORT":"HOU"},{"CARRID":"SQ","COUNTNUM":36,"AIRPORT":"HOU"},{"CARRID":"SQ","COUNTNUM":37,"AIRPORT":"LAS"},{"CARRID":"SQ","COUNTNUM":38,"AIRPORT":"LAX"},{"CARRID":"SQ","COUNTNUM":39,"AIRPORT":"MCI"},{"CARRID":"SQ","COUNTNUM":40,"AIRPORT":"MIA"},{"CARRID":"SQ","COUNTNUM":41,"AIRPORT":"MIA"},{"CARRID":"SQ","COUNTNUM":42,"AIRPORT":"MIA"},{"CARRID":"SQ","COUNTNUM":43,"AIRPORT":"SFO"},{"CARRID":"SQ","COUNTNUM":44,"AIRPORT":"PID"},{"CARRID":"SQ","COUNTNUM":45,"AIRPORT":"EWR"},{"CARRID":"SQ","COUNTNUM":46,"AIRPORT":"YEG"},{"CARRID":"SQ","COUNTNUM":47,"AIRPORT":"YOW"},{"CARRID":"SQ","COUNTNUM":48,"AIRPORT":"ACA"},{"CARRID":"SQ","COUNTNUM":49,"AIRPORT":"GIG"},{"CARRID":"SQ","COUNTNUM":50,"AIRPORT":"ASP"},{"CARRID":"SQ","COUNTNUM":51,"AIRPORT":"ACE"},{"CARRID":"SQ","COUNTNUM":52,"AIRPORT":"HRE"},{"CARRID":"SQ","COUNTNUM":53,"AIRPORT":"HRE"},{"CARRID":"SQ","COUNTNUM":54,"AIRPORT":"GCJ"},{"CARRID":"SQ","COUNTNUM":55,"AIRPORT":"SEL"},{"CARRID":"SQ","COUNTNUM":56,"AIRPORT":"SEL"},{"CARRID":"SQ","COUNTNUM":57,"AIRPORT":"SEL"},{"CARRID":"SQ","COUNTNUM":58,"AIRPORT":"TYO"},{"CARRID":"SQ","COUNTNUM":59,"AIRPORT":"TYO"},{"CARRID":"SQ","COUNTNUM":60,"AIRPORT":"NRT"},{"CARRID":"SQ","COUNTNUM":61,"AIRPORT":"NRT"},{"CARRID":"SQ","COUNTNUM":62,"AIRPORT":"NRT"},{"CARRID":"SQ","COUNTNUM":63,"AIRPORT":"ITM"},{"CARRID":"SQ","COUNTNUM":64,"AIRPORT":"ITM"},{"CARRID":"SQ","COUNTNUM":65,"AIRPORT":"ITM"},{"CARRID":"SQ","COUNTNUM":66,"AIRPORT":"KIX"},{"CARRID":"SQ","COUNTNUM":67,"AIRPORT":"KIX"},{"CARRID":"SQ","COUNTNUM":68,"AIRPORT":"HIJ"},{"CARRID":"SQ","COUNTNUM":69,"AIRPORT":"JKT"},{"CARRID":"SQ","COUNTNUM":70,"AIRPORT":"JKT"},{"CARRID":"SQ","COUNTNUM":71,"AIRPORT":"JKT"},{"CARRID":"SQ","COUNTNUM":72,"AIRPORT":"SIN"},{"CARRID":"SQ","COUNTNUM":73,"AIRPORT":"KUL"},{"CARRID":"SQ","COUNTNUM":74,"AIRPORT":"KUL"},{"CARRID":"SQ","COUNTNUM":75,"AIRPORT":"KUL"},{"CARRID":"SQ","COUNTNUM":76,"AIRPORT":"HKG"},{"CARRID":"SQ","COUNTNUM":77,"AIRPORT":"BKK"},{"CARRID":"SR","COUNTNUM":1,"AIRPORT":"FRA"},{"CARRID":"SR","COUNTNUM":2,"AIRPORT":"HAM"},{"CARRID":"SR","COUNTNUM":3,"AIRPORT":"MUC"},{"CARRID":"SR","COUNTNUM":4,"AIRPORT":"SXF"},{"CARRID":"SR","COUNTNUM":5,"AIRPORT":"SXF"},{"CARRID":"SR","COUNTNUM":6,"AIRPORT":"SXF"},{"CARRID":"SR","COUNTNUM":7,"AIRPORT":"THF"},{"CARRID":"SR","COUNTNUM":8,"AIRPORT":"THF"},{"CARRID":"SR","COUNTNUM":9,"AIRPORT":"TXL"},{"CARRID":"SR","COUNTNUM":10,"AIRPORT":"CDG"},{"CARRID":"SR","COUNTNUM":11,"AIRPORT":"ORY"},{"CARRID":"SR","COUNTNUM":12,"AIRPORT":"VIE"},{"CARRID":"SR","COUNTNUM":13,"AIRPORT":"ZRH"},{"CARRID":"SR","COUNTNUM":14,"AIRPORT":"RTM"},{"CARRID":"SR","COUNTNUM":15,"AIRPORT":"RTM"},{"CARRID":"SR","COUNTNUM":16,"AIRPORT":"FCO"},{"CARRID":"SR","COUNTNUM":17,"AIRPORT":"VCE"},{"CARRID":"SR","COUNTNUM":18,"AIRPORT":"VCE"},{"CARRID":"SR","COUNTNUM":19,"AIRPORT":"LCY"},{"CARRID":"SR","COUNTNUM":20,"AIRPORT":"LCY"},{"CARRID":"SR","COUNTNUM":21,"AIRPORT":"LGW"},{"CARRID":"SR","COUNTNUM":22,"AIRPORT":"LHR"},{"CARRID":"SR","COUNTNUM":23,"AIRPORT":"LHR"},{"CARRID":"SR","COUNTNUM":24,"AIRPORT":"LHR"},{"CARRID":"SR","COUNTNUM":25,"AIRPORT":"MAD"},{"CARRID":"SR","COUNTNUM":26,"AIRPORT":"STO"},{"CARRID":"SR","COUNTNUM":27,"AIRPORT":"VKO"},{"CARRID":"SR","COUNTNUM":28,"AIRPORT":"VKO"},{"CARRID":"SR","COUNTNUM":29,"AIRPORT":"VKO"},{"CARRID":"SR","COUNTNUM":30,"AIRPORT":"SVO"},{"CARRID":"SR","COUNTNUM":31,"AIRPORT":"JFK"},{"CARRID":"SR","COUNTNUM":32,"AIRPORT":"AIY"},{"CARRID":"SR","COUNTNUM":33,"AIRPORT":"BNA"},{"CARRID":"SR","COUNTNUM":34,"AIRPORT":"BOS"},{"CARRID":"SR","COUNTNUM":35,"AIRPORT":"ELP"},{"CARRID":"SR","COUNTNUM":36,"AIRPORT":"DEN"},{"CARRID":"SR","COUNTNUM":37,"AIRPORT":"DEN"},{"CARRID":"SR","COUNTNUM":38,"AIRPORT":"HOU"},{"CARRID":"SR","COUNTNUM":39,"AIRPORT":"LAS"},{"CARRID":"SR","COUNTNUM":40,"AIRPORT":"LAS"},{"CARRID":"SR","COUNTNUM":41,"AIRPORT":"LAS"},{"CARRID":"SR","COUNTNUM":42,"AIRPORT":"LAX"},{"CARRID":"SR","COUNTNUM":43,"AIRPORT":"LAX"},{"CARRID":"SR","COUNTNUM":44,"AIRPORT":"LAX"},{"CARRID":"SR","COUNTNUM":45,"AIRPORT":"MCI"},{"CARRID":"SR","COUNTNUM":46,"AIRPORT":"MIA"},{"CARRID":"SR","COUNTNUM":47,"AIRPORT":"SFO"},{"CARRID":"SR","COUNTNUM":48,"AIRPORT":"PID"},{"CARRID":"SR","COUNTNUM":49,"AIRPORT":"EWR"},{"CARRID":"SR","COUNTNUM":50,"AIRPORT":"EWR"},{"CARRID":"SR","COUNTNUM":51,"AIRPORT":"YEG"},{"CARRID":"SR","COUNTNUM":52,"AIRPORT":"YEG"},{"CARRID":"SR","COUNTNUM":53,"AIRPORT":"YOW"},{"CARRID":"SR","COUNTNUM":54,"AIRPORT":"YOW"},{"CARRID":"SR","COUNTNUM":55,"AIRPORT":"ACA"},{"CARRID":"SR","COUNTNUM":56,"AIRPORT":"GIG"},{"CARRID":"SR","COUNTNUM":57,"AIRPORT":"GIG"},{"CARRID":"SR","COUNTNUM":58,"AIRPORT":"ASP"},{"CARRID":"SR","COUNTNUM":59,"AIRPORT":"ACE"},{"CARRID":"SR","COUNTNUM":60,"AIRPORT":"HRE"},{"CARRID":"SR","COUNTNUM":61,"AIRPORT":"HRE"},{"CARRID":"SR","COUNTNUM":62,"AIRPORT":"GCJ"},{"CARRID":"SR","COUNTNUM":63,"AIRPORT":"SEL"},{"CARRID":"SR","COUNTNUM":64,"AIRPORT":"TYO"},{"CARRID":"SR","COUNTNUM":65,"AIRPORT":"NRT"},{"CARRID":"SR","COUNTNUM":66,"AIRPORT":"NRT"},{"CARRID":"SR","COUNTNUM":67,"AIRPORT":"ITM"},{"CARRID":"SR","COUNTNUM":68,"AIRPORT":"KIX"},{"CARRID":"SR","COUNTNUM":69,"AIRPORT":"KIX"},{"CARRID":"SR","COUNTNUM":70,"AIRPORT":"HIJ"},{"CARRID":"SR","COUNTNUM":71,"AIRPORT":"JKT"},{"CARRID":"SR","COUNTNUM":72,"AIRPORT":"JKT"},{"CARRID":"SR","COUNTNUM":73,"AIRPORT":"SIN"},{"CARRID":"SR","COUNTNUM":74,"AIRPORT":"KUL"},{"CARRID":"SR","COUNTNUM":75,"AIRPORT":"HKG"},{"CARRID":"SR","COUNTNUM":76,"AIRPORT":"HKG"},{"CARRID":"SR","COUNTNUM":77,"AIRPORT":"BKK"},{"CARRID":"SR","COUNTNUM":78,"AIRPORT":"BKK"},{"CARRID":"SR","COUNTNUM":79,"AIRPORT":"BKK"},{"CARRID":"UA","COUNTNUM":1,"AIRPORT":"FRA"},{"CARRID":"UA","COUNTNUM":2,"AIRPORT":"HAM"},{"CARRID":"UA","COUNTNUM":3,"AIRPORT":"MUC"},{"CARRID":"UA","COUNTNUM":4,"AIRPORT":"MUC"},{"CARRID":"UA","COUNTNUM":5,"AIRPORT":"MUC"},{"CARRID":"UA","COUNTNUM":6,"AIRPORT":"SXF"},{"CARRID":"UA","COUNTNUM":7,"AIRPORT":"SXF"},{"CARRID":"UA","COUNTNUM":8,"AIRPORT":"SXF"},{"CARRID":"UA","COUNTNUM":9,"AIRPORT":"THF"},{"CARRID":"UA","COUNTNUM":10,"AIRPORT":"TXL"},{"CARRID":"UA","COUNTNUM":11,"AIRPORT":"CDG"},{"CARRID":"UA","COUNTNUM":12,"AIRPORT":"CDG"},{"CARRID":"UA","COUNTNUM":13,"AIRPORT":"ORY"},{"CARRID":"UA","COUNTNUM":14,"AIRPORT":"VIE"},{"CARRID":"UA","COUNTNUM":15,"AIRPORT":"ZRH"},{"CARRID":"UA","COUNTNUM":16,"AIRPORT":"ZRH"},{"CARRID":"UA","COUNTNUM":17,"AIRPORT":"RTM"},{"CARRID":"UA","COUNTNUM":18,"AIRPORT":"RTM"},{"CARRID":"UA","COUNTNUM":19,"AIRPORT":"RTM"},{"CARRID":"UA","COUNTNUM":20,"AIRPORT":"FCO"},{"CARRID":"UA","COUNTNUM":21,"AIRPORT":"FCO"},{"CARRID":"UA","COUNTNUM":22,"AIRPORT":"VCE"},{"CARRID":"UA","COUNTNUM":23,"AIRPORT":"LCY"},{"CARRID":"UA","COUNTNUM":24,"AIRPORT":"LGW"},{"CARRID":"UA","COUNTNUM":25,"AIRPORT":"LGW"},{"CARRID":"UA","COUNTNUM":26,"AIRPORT":"LHR"},{"CARRID":"UA","COUNTNUM":27,"AIRPORT":"MAD"},{"CARRID":"UA","COUNTNUM":28,"AIRPORT":"STO"},{"CARRID":"UA","COUNTNUM":29,"AIRPORT":"VKO"},{"CARRID":"UA","COUNTNUM":30,"AIRPORT":"SVO"},{"CARRID":"UA","COUNTNUM":31,"AIRPORT":"SVO"},{"CARRID":"UA","COUNTNUM":32,"AIRPORT":"SVO"},{"CARRID":"UA","COUNTNUM":33,"AIRPORT":"JFK"},{"CARRID":"UA","COUNTNUM":34,"AIRPORT":"JFK"},{"CARRID":"UA","COUNTNUM":35,"AIRPORT":"JFK"},{"CARRID":"UA","COUNTNUM":36,"AIRPORT":"AIY"},{"CARRID":"UA","COUNTNUM":37,"AIRPORT":"BNA"},{"CARRID":"UA","COUNTNUM":38,"AIRPORT":"BOS"},{"CARRID":"UA","COUNTNUM":39,"AIRPORT":"BOS"},{"CARRID":"UA","COUNTNUM":40,"AIRPORT":"ELP"},{"CARRID":"UA","COUNTNUM":41,"AIRPORT":"ELP"},{"CARRID":"UA","COUNTNUM":42,"AIRPORT":"ELP"},{"CARRID":"UA","COUNTNUM":43,"AIRPORT":"DEN"},{"CARRID":"UA","COUNTNUM":44,"AIRPORT":"DEN"},{"CARRID":"UA","COUNTNUM":45,"AIRPORT":"HOU"},{"CARRID":"UA","COUNTNUM":46,"AIRPORT":"LAS"},{"CARRID":"UA","COUNTNUM":47,"AIRPORT":"LAS"},{"CARRID":"UA","COUNTNUM":48,"AIRPORT":"LAS"},{"CARRID":"UA","COUNTNUM":49,"AIRPORT":"LAX"},{"CARRID":"UA","COUNTNUM":50,"AIRPORT":"MCI"},{"CARRID":"UA","COUNTNUM":51,"AIRPORT":"MCI"},{"CARRID":"UA","COUNTNUM":52,"AIRPORT":"MIA"},{"CARRID":"UA","COUNTNUM":53,"AIRPORT":"SFO"},{"CARRID":"UA","COUNTNUM":54,"AIRPORT":"SFO"},{"CARRID":"UA","COUNTNUM":55,"AIRPORT":"PID"},{"CARRID":"UA","COUNTNUM":56,"AIRPORT":"EWR"},{"CARRID":"UA","COUNTNUM":57,"AIRPORT":"EWR"},{"CARRID":"UA","COUNTNUM":58,"AIRPORT":"YEG"},{"CARRID":"UA","COUNTNUM":59,"AIRPORT":"YOW"},{"CARRID":"UA","COUNTNUM":60,"AIRPORT":"ACA"},{"CARRID":"UA","COUNTNUM":61,"AIRPORT":"GIG"},{"CARRID":"UA","COUNTNUM":62,"AIRPORT":"ASP"},{"CARRID":"UA","COUNTNUM":63,"AIRPORT":"ASP"},{"CARRID":"UA","COUNTNUM":64,"AIRPORT":"ACE"},{"CARRID":"UA","COUNTNUM":65,"AIRPORT":"ACE"},{"CARRID":"UA","COUNTNUM":66,"AIRPORT":"ACE"},{"CARRID":"UA","COUNTNUM":67,"AIRPORT":"HRE"},{"CARRID":"UA","COUNTNUM":68,"AIRPORT":"HRE"},{"CARRID":"UA","COUNTNUM":69,"AIRPORT":"GCJ"},{"CARRID":"UA","COUNTNUM":70,"AIRPORT":"SEL"},{"CARRID":"UA","COUNTNUM":71,"AIRPORT":"TYO"},{"CARRID":"UA","COUNTNUM":72,"AIRPORT":"NRT"},{"CARRID":"UA","COUNTNUM":73,"AIRPORT":"NRT"},{"CARRID":"UA","COUNTNUM":74,"AIRPORT":"ITM"},{"CARRID":"UA","COUNTNUM":75,"AIRPORT":"ITM"},{"CARRID":"UA","COUNTNUM":76,"AIRPORT":"KIX"},{"CARRID":"UA","COUNTNUM":77,"AIRPORT":"HIJ"},{"CARRID":"UA","COUNTNUM":78,"AIRPORT":"JKT"},{"CARRID":"UA","COUNTNUM":79,"AIRPORT":"SIN"},{"CARRID":"UA","COUNTNUM":80,"AIRPORT":"KUL"},{"CARRID":"UA","COUNTNUM":81,"AIRPORT":"KUL"},{"CARRID":"UA","COUNTNUM":82,"AIRPORT":"KUL"},{"CARRID":"UA","COUNTNUM":83,"AIRPORT":"HKG"},{"CARRID":"UA","COUNTNUM":84,"AIRPORT":"HKG"},{"CARRID":"UA","COUNTNUM":85,"AIRPORT":"HKG"},{"CARRID":"UA","COUNTNUM":86,"AIRPORT":"BKK"}]