[{"CARRID":"AA","CONNID":17,"COUNTRYFR":"US","CITYFROM":"NEW YORK","AIRPFROM":"JFK","COUNTRYTO":"US","CITYTO":"SAN FRANCISCO","AIRPTO":"SFO","FLTIME":361,"DEPTIME":"11:00:00","ARRTIME":"14:01:00","DISTANCE":2572.0000,"DISTID":"MI"},{"CARRID":"AA","CONNID":64,"COUNTRYFR":"US","CITYFROM":"SAN FRANCISCO","AIRPFROM":"SFO","COUNTRYTO":"US","CITYTO":"NEW YORK","AIRPTO":"JFK","FLTIME":321,"DEPTIME":"09:00:00","ARRTIME":"17:21:00","DISTANCE":2572.0000,"DISTID":"MI"},{"CARRID":"AZ","CONNID":555,"COUNTRYFR":"IT","CITYFROM":"ROME","AIRPFROM":"FCO","COUNTRYTO":"DE","CITYTO":"FRANKFURT","AIRPTO":"FRA","FLTIME":125,"DEPTIME":"19:00:00","ARRTIME":"21:05:00","DISTANCE":845.0000,"DISTID":"MI"},{"CARRID":"AZ","CONNID":788,"COUNTRYFR":"IT","CITYFROM":"ROME","AIRPFROM":"FCO","COUNTRYTO":"JP","CITYTO":"TOKYO","AIRPTO":"TYO","FLTIME":775,"DEPTIME":"12:00:00","ARRTIME":"08:55:00","DISTANCE":6130.0000,"DISTID":"MI","PERIOD":1},{"CARRID":"AZ","CONNID":789,"COUNTRYFR":"JP","CITYFROM":"TOKYO","AIRPFROM":"TYO","COUNTRYTO":"IT","CITYTO":"ROME","AIRPTO":"FCO","FLTIME":940,"DEPTIME":"11:45:00","ARRTIME":"19:25:00","DISTANCE":6130.0000,"DISTID":"MI"},{"CARRID":"AZ","CONNID":790,"COUNTRYFR":"IT","CITYFROM":"ROME","AIRPFROM":"FCO","COUNTRYTO":"JP","CITYTO":"OSAKA","AIRPTO":"KIX","FLTIME":815,"DEPTIME":"10:35:00","ARRTIME":"08:10:00","DISTANCE":6030.0000,"DISTID":"MI","FLTYPE":"X","PERIOD":1},{"CARRID":"DL","CONNID":106,"COUNTRYFR":"US","CITYFROM":"NEW YORK","AIRPFROM":"JFK","COUNTRYTO":"DE","CITYTO":"FRANKFURT","AIRPTO":"FRA","FLTIME":475,"DEPTIME":"19:35:00","ARRTIME":"09:30:00","DISTANCE":3851.0000,"DISTID":"MI","PERIOD":1},{"CARRID":"DL","CONNID":1699,"COUNTRYFR":"US","CITYFROM":"NEW YORK","AIRPFROM":"JFK","COUNTRYTO":"US","CITYTO":"SAN FRANCISCO","AIRPTO":"SFO","FLTIME":382,"DEPTIME":"17:15:00","ARRTIME":"20:37:00","DISTANCE":2572.0000,"DISTID":"MI"},{"CARRID":"DL","CONNID":1984,"COUNTRYFR":"US","CITYFROM":"SAN FRANCISCO","AIRPFROM":"SFO","COUNTRYTO":"US","CITYTO":"NEW YORK","AIRPTO":"JFK","FLTIME":325,"DEPTIME":"10:00:00","ARRTIME":"18:25:00","DISTANCE":2572.0000,"DISTID":"MI"},{"CARRID":"JL","CONNID":407,"COUNTRYFR":"JP","CITYFROM":"TOKYO","AIRPFROM":"NRT","COUNTRYTO":"DE","CITYTO":"FRANKFURT","AIRPTO":"FRA","FLTIME":725,"DEPTIME":"13:30:00","ARRTIME":"17:35:00","DISTANCE":9100.0000,"DISTID":"KM"},{"CARRID":"JL","CONNID":408,"COUNTRYFR":"DE","CITYFROM":"FRANKFURT","AIRPFROM":"FRA","COUNTRYTO":"JP","CITYTO":"TOKYO","AIRPTO":"NRT","FLTIME":675,"DEPTIME":"20:25:00","ARRTIME":"15:40:00","DISTANCE":9100.0000,"DISTID":"KM","FLTYPE":"X","PERIOD":1},{"CARRID":"LH","CONNID":400,"COUNTRYFR":"DE","CITYFROM":"FRANKFURT","AIRPFROM":"FRA","COUNTRYTO":"US","CITYTO":"NEW YORK","AIRPTO":"JFK","FLTIME":444,"DEPTIME":"10:10:00","ARRTIME":"11:34:00","DISTANCE":6162.0000,"DISTID":"KM"},{"CARRID":"LH","CONNID":401,"COUNTRYFR":"US","CITYFROM":"NEW YORK","AIRPFROM":"JFK","COUNTRYTO":"DE","CITYTO":"FRANKFURT","AIRPTO":"FRA","FLTIME":435,"DEPTIME":"18:30:00","ARRTIME":"07:45:00","DISTANCE":6162.0000,"DISTID":"KM","PERIOD":1},{"CARRID":"LH","CONNID":402,"COUNTRYFR":"DE","CITYFROM":"FRANKFURT","AIRPFROM":"FRA","COUNTRYTO":"US","CITYTO":"NEW YORK","AIRPTO":"JFK","FLTIME":455,"DEPTIME":"13:30:00","ARRTIME":"15:05:00","DISTANCE":6162.0000,"DISTID":"KM","FLTYPE":"X"},{"CARRID":"LH","CONNID":2402,"COUNTRYFR":"DE","CITYFROM":"FRANKFURT","AIRPFROM":"FRA","COUNTRYTO":"DE","CITYTO":"BERLIN","AIRPTO":"SXF","FLTIME":65,"DEPTIME":"10:30:00","ARRTIME":"11:35:00","DISTANCE":555.0000,"DISTID":"KM"},{"CARRID":"LH","CONNID":2407,"COUNTRYFR":"DE","CITYFROM":"BERLIN","AIRPFROM":"TXL","COUNTRYTO":"DE","CITYTO":"FRANKFURT","AIRPTO":"FRA","FLTIME":65,"DEPTIME":"07:10:00","ARRTIME":"08:15:00","DISTANCE":555.0000,"DISTID":"KM"},{"CARRID":"QF","CONNID":5,"COUNTRYFR":"SG","CITYFROM":"SINGAPORE","AIRPFROM":"SIN","COUNTRYTO":"DE","CITYTO":"FRANKFURT","AIRPTO":"FRA","FLTIME":825,"DEPTIME":"22:50:00","ARRTIME":"05:35:00","DISTANCE":10000.0000,"DISTID":"KM","PERIOD":1},{"CARRID":"QF","CONNID":6,"COUNTRYFR":"DE","CITYFROM":"FRANKFURT","AIRPFROM":"FRA","COUNTRYTO":"SG","CITYTO":"SINGAPORE","AIRPTO":"SIN","FLTIME":670,"DEPTIME":"20:55:00","ARRTIME":"15:05:00","DISTANCE":10000.0000,"DISTID":"KM","PERIOD":1},{"CARRID":"SQ","CONNID":2,"COUNTRYFR":"SG","CITYFROM":"SINGAPORE","AIRPFROM":"SIN","COUNTRYTO":"US","CITYTO":"SAN FRANCISCO","AIRPTO":"SFO","FLTIME":1105,"DEPTIME":"17:00:00","ARRTIME":"19:25:00","DISTANCE":8452.0000,"DISTID":"MI"},{"CARRID":"SQ","CONNID":15,"COUNTRYFR":"US","CITYFROM":"SAN FRANCISCO","AIRPFROM":"SFO","COUNTRYTO":"SG","CITYTO":"SINGAPORE","AIRPTO":"SIN","FLTIME":1125,"DEPTIME":"16:00:00","ARRTIME":"02:45:00","DISTANCE":8452.0000,"DISTID":"MI","PERIOD":2},{"CARRID":"SQ","CONNID":158,"COUNTRYFR":"SG","CITYFROM":"SINGAPORE","AIRPFROM":"SIN","COUNTRYTO":"ID","CITYTO":"JAKARTA","AIRPTO":"JKT","FLTIME":95,"DEPTIME":"15:25:00","ARRTIME":"16:00:00","DISTANCE":560.0000,"DISTID":"MI"},{"CARRID":"SQ","CONNID":988,"COUNTRYFR":"SG","CITYFROM":"SINGAPORE","AIRPFROM":"SIN","COUNTRYTO":"JP","CITYTO":"TOKYO","AIRPTO":"TYO","FLTIME":400,"DEPTIME":"16:35:00","ARRTIME":"00:15:00","DISTANCE":3125.0000,"DISTID":"MI","PERIOD":1},{"CARRID":"UA","CONNID":941,"COUNTRYFR":"DE","CITYFROM":"FRANKFURT","AIRPFROM":"FRA","COUNTRYTO":"US","CITYTO":"SAN FRANCISCO","AIRPTO":"SFO","FLTIME":696,"DEPTIME":"14:30:00","ARRTIME":"17:06:00","DISTANCE":5685.0000,"DISTID":"MI"},{"CARRID":"UA","CONNID":3504,"COUNTRYFR":"US","CITYFROM":"SAN FRANCISCO","AIRPFROM":"SFO","COUNTRYTO":"DE","CITYTO":"FRANKFURT","AIRPTO":"FRA","FLTIME":630,"DEPTIME":"15:00:00","ARRTIME":"10:30:00","DISTANCE":5685.0000,"DISTID":"MI","PERIOD":1},{"CARRID":"UA","CONNID":3516,"COUNTRYFR":"US","CITYFROM":"NEW YORK","AIRPFROM":"JFK","COUNTRYTO":"DE","CITYTO":"FRANKFURT","AIRPTO":"FRA","FLTIME":445,"DEPTIME":"16:20:00","ARRTIME":"05:45:00","DISTANCE":6162.0000,"DISTID":"KM","PERIOD":1},{"CARRID":"UA","CONNID":3517,"COUNTRYFR":"DE","CITYFROM":"FRANKFURT","AIRPFROM":"FRA","COUNTRYTO":"US","CITYTO":"NEW YORK","AIRPTO":"JFK","FLTIME":495,"DEPTIME":"10:40:00","ARRTIME":"12:55:00","DISTANCE":6162.0000,"DISTID":"KM"}]