[{"CARRID":"AA","MEALNUMBER":23},{"CARRID":"AA","MEALNUMBER":24},{"CARRID":"AA","MEALNUMBER":25,"HOT":"X"},{"CARRID":"AA","MEALNUMBER":26,"HOT":"X"},{"CARRID":"AA","MEALNUMBER":27,"HOT":"X"},{"CARRID":"AA","MEALNUMBER":28},{"CARRID":"AA","MEALNUMBER":29},{"CARRID":"AB","MEALNUMBER":23},{"CARRID":"AB","MEALNUMBER":24},{"CARRID":"AB","MEALNUMBER":25,"HOT":"X"},{"CARRID":"AB","MEALNUMBER":26,"HOT":"X"},{"CARRID":"AB","MEALNUMBER":27,"HOT":"X"},{"CARRID":"AB","MEALNUMBER":28},{"CARRID":"AB","MEALNUMBER":29},{"CARRID":"AC","MEALNUMBER":23},{"CARRID":"AC","MEALNUMBER":24},{"CARRID":"AC","MEALNUMBER":25,"HOT":"X"},{"CARRID":"AC","MEALNUMBER":26,"HOT":"X"},{"CARRID":"AC","MEALNUMBER":27,"HOT":"X"},{"CARRID":"AC","MEALNUMBER":28},{"CARRID":"AC","MEALNUMBER":29},{"CARRID":"AF","MEALNUMBER":23},{"CARRID":"AF","MEALNUMBER":24},{"CARRID":"AF","MEALNUMBER":25,"HOT":"X"},{"CARRID":"AF","MEALNUMBER":26,"HOT":"X"},{"CARRID":"AF","MEALNUMBER":27,"HOT":"X"},{"CARRID":"AF","MEALNUMBER":28},{"CARRID":"AF","MEALNUMBER":29},{"CARRID":"AZ","MEALNUMBER":23},{"CARRID":"AZ","MEALNUMBER":24},{"CARRID":"AZ","MEALNUMBER":25,"HOT":"X"},{"CARRID":"AZ","MEALNUMBER":26,"HOT":"X"},{"CARRID":"AZ","MEALNUMBER":27,"HOT":"X"},{"CARRID":"AZ","MEALNUMBER":28},{"CARRID":"AZ","MEALNUMBER":29},{"CARRID":"BA","MEALNUMBER":23},{"CARRID":"BA","MEALNUMBER":24},{"CARRID":"BA","MEALNUMBER":25,"HOT":"X"},{"CARRID":"BA","MEALNUMBER":26,"HOT":"X"},{"CARRID":"BA","MEALNUMBER":27,"HOT":"X"},{"CARRID":"BA","MEALNUMBER":28},{"CARRID":"BA","MEALNUMBER":29},{"CARRID":"CO","MEALNUMBER":23},{"CARRID":"CO","MEALNUMBER":24},{"CARRID":"CO","MEALNUMBER":25,"HOT":"X"},{"CARRID":"CO","MEALNUMBER":26,"HOT":"X"},{"CARRID":"CO","MEALNUMBER":27,"HOT":"X"},{"CARRID":"CO","MEALNUMBER":28},{"CARRID":"CO","MEALNUMBER":29},{"CARRID":"DL","MEALNUMBER":23},{"CARRID":"DL","MEALNUMBER":24},{"CARRID":"DL","MEALNUMBER":25,"HOT":"X"},{"CARRID":"DL","MEALNUMBER":26,"HOT":"X"},{"CARRID":"DL","MEALNUMBER":27,"HOT":"X"},{"CARRID":"DL","MEALNUMBER":28},{"CARRID":"DL","MEALNUMBER":29},{"CARRID":"FJ","MEALNUMBER":23},{"CARRID":"FJ","MEALNUMBER":24},{"CARRID":"FJ","MEALNUMBER":25,"HOT":"X"},{"CARRID":"FJ","MEALNUMBER":26,"HOT":"X"},{"CARRID":"FJ","MEALNUMBER":27,"HOT":"X"},{"CARRID":"FJ","MEALNUMBER":28},{"CARRID":"FJ","MEALNUMBER":29},{"CARRID":"JL","MEALNUMBER":23},{"CARRID":"JL","MEALNUMBER":24},{"CARRID":"JL","MEALNUMBER":25,"HOT":"X"},{"CARRID":"JL","MEALNUMBER":26,"HOT":"X"},{"CARRID":"JL","MEALNUMBER":27,"HOT":"X"},{"CARRID":"JL","MEALNUMBER":28},{"CARRID":"JL","MEALNUMBER":29},{"CARRID":"LH","MEALNUMBER":23},{"CARRID":"LH","MEALNUMBER":24},{"CARRID":"LH","MEALNUMBER":25,"HOT":"X"},{"CARRID":"LH","MEALNUMBER":26,"HOT":"X"},{"CARRID":"LH","MEALNUMBER":27,"HOT":"X"},{"CARRID":"LH","MEALNUMBER":28},{"CARRID":"LH","MEALNUMBER":29},{"CARRID":"NG","MEALNUMBER":23},{"CARRID":"NG","MEALNUMBER":24},{"CARRID":"NG","MEALNUMBER":25,"HOT":"X"},{"CARRID":"NG","MEALNUMBER":26,"HOT":"X"},{"CARRID":"NG","MEALNUMBER":27,"HOT":"X"},{"CARRID":"NG","MEALNUMBER":28},{"CARRID":"NG","MEALNUMBER":29},{"CARRID":"NW","MEALNUMBER":23},{"CARRID":"NW","MEALNUMBER":24},{"CARRID":"NW","MEALNUMBER":25,"HOT":"X"},{"CARRID":"NW","MEALNUMBER":26,"HOT":"X"},{"CARRID":"NW","MEALNUMBER":27,"HOT":"X"},{"CARRID":"NW","MEALNUMBER":28},{"CARRID":"NW","MEALNUMBER":29},{"CARRID":"QF","MEALNUMBER":23},{"CARRID":"QF","MEALNUMBER":24},{"CARRID":"QF","MEALNUMBER":25,"HOT":"X"},{"CARRID":"QF","MEALNUMBER":26,"HOT":"X"},{"CARRID":"QF","MEALNUMBER":27,"HOT":"X"},{"CARRID":"QF","MEALNUMBER":28},{"CARRID":"QF","MEALNUMBER":29},{"CARRID":"SA","MEALNUMBER":23},{"CARRID":"SA","MEALNUMBER":24},{"CARRID":"SA","MEALNUMBER":25,"HOT":"X"},{"CARRID":"SA","MEALNUMBER":26,"HOT":"X"},{"CARRID":"SA","MEALNUMBER":27,"HOT":"X"},{"CARRID":"SA","MEALNUMBER":28},{"CARRID":"SA","MEALNUMBER":29},{"CARRID":"SQ","MEALNUMBER":23},{"CARRID":"SQ","MEALNUMBER":24},{"CARRID":"SQ","MEALNUMBER":25,"HOT":"X"},{"CARRID":"SQ","MEALNUMBER":26,"HOT":"X"},{"CARRID":"SQ","MEALNUMBER":27,"HOT":"X"},{"CARRID":"SQ","MEALNUMBER":28},{"CARRID":"SQ","MEALNUMBER":29},{"CARRID":"SR","MEALNUMBER":23},{"CARRID":"SR","MEALNUMBER":24},{"CARRID":"SR","MEALNUMBER":25,"HOT":"X"},{"CARRID":"SR","MEALNUMBER":26,"HOT":"X"},{"CARRID":"SR","MEALNUMBER":27,"HOT":"X"},{"CARRID":"SR","MEALNUMBER":28},{"CARRID":"SR","MEALNUMBER":29},{"CARRID":"UA","MEALNUMBER":23},{"CARRID":"UA","MEALNUMBER":24},{"CARRID":"UA","MEALNUMBER":25,"HOT":"X"},{"CARRID":"UA","MEALNUMBER":26,"HOT":"X"},{"CARRID":"UA","MEALNUMBER":27,"HOT":"X"},{"CARRID":"UA","MEALNUMBER":28},{"CARRID":"UA","MEALNUMBER":29}]