[{"ID":"ACA","NAME":"Acapulco, Mexico","TIME_ZONE":"UTC-6"},{"ID":"ACE","NAME":"Lanzarote, Canary IS","TIME_ZONE":"UTC"},{"ID":"AIY","NAME":"Atlantic City, USA","TIME_ZONE":"UTC-5"},{"ID":"ASP","NAME":"Alice Springs, AUS","TIME_ZONE":"UTC+9"},{"ID":"BKK","NAME":"Bangkok, Thailand","TIME_ZONE":"UTC+7"},{"ID":"BNA","NAME":"Nashville, USA","TIME_ZONE":"UTC-5"},{"ID":"BOS","NAME":"Boston Logan Int, USA","TIME_ZONE":"UTC-5"},{"ID":"CDG","NAME":"Paris Charles de Gaulle,F","TIME_ZONE":"UTC+1"},{"ID":"DEN","NAME":"Denver Int., USA","TIME_ZONE":"UTC-7"},{"ID":"ELP","NAME":"El Paso Int., USA","TIME_ZONE":"UTC-7"},{"ID":"EWR","NAME":"New York Newark Int., USA","TIME_ZONE":"UTC-5"},{"ID":"FCO","NAME":"Rome Leonardo Da Vinci, I","TIME_ZONE":"UTC+1"},{"ID":"FRA","NAME":"Frankfurt/Main, FRG","TIME_ZONE":"UTC+1"},{"ID":"GCJ","NAME":"Johannesburg Grand C., SA","TIME_ZONE":"UTC+2"},{"ID":"GIG","NAME":"Rio De Janeiro Int., BRA","TIME_ZONE":"UTC-3"},{"ID":"HAM","NAME":"Hamburg, FRG","TIME_ZONE":"UTC+1"},{"ID":"HIJ","NAME":"Hiroshima, Japan","TIME_ZONE":"UTC+9"},{"ID":"HKG","NAME":"Hongkong","TIME_ZONE":"UTC+8"},{"ID":"HOU","NAME":"Houston Hobby Apt, USA","TIME_ZONE":"UTC-6"},{"ID":"HRE","NAME":"Harare, Zimbabwe","TIME_ZONE":"UTC+2"},{"ID":"ITM","NAME":"Osaka Itami Apt, Japan","TIME_ZONE":"UTC+9"},{"ID":"JFK","NAME":"New York JF Kennedy, USA","TIME_ZONE":"UTC-5"},{"ID":"JKT","NAME":"Jakarta, Indonesia","TIME_ZONE":"UTC+7"},{"ID":"KIX","NAME":"Osaka Kansai Int., Japan","TIME_ZONE":"UTC+9"},{"ID":"KUL","NAME":"Kuala Lumpur, Malaysia","TIME_ZONE":"UTC+8"},{"ID":"LAS","NAME":"Las Vegas Mc Carran, USA","TIME_ZONE":"UTC-8"},{"ID":"LAX","NAME":"Los Angeles Int Apt, USA","TIME_ZONE":"UTC-8"},{"ID":"LCY","NAME":"London City Apt, UK","TIME_ZONE":"UTC"},{"ID":"LGW","NAME":"London Gatwick Apt, UK","TIME_ZONE":"UTC"},{"ID":"LHR","NAME":"London Heathrow Apt, UK","TIME_ZONE":"UTC"},{"ID":"MAD","NAME":"Madrid Barajas Apt, Spain","TIME_ZONE":"UTC+1"},{"ID":"MCI","NAME":"Kansas City Int Apt, USA","TIME_ZONE":"UTC-6"},{"ID":"MIA","NAME":"Miami Int Apt, USA","TIME_ZONE":"UTC-5"},{"ID":"MUC","NAME":"Munich, FRG","TIME_ZONE":"UTC+1"},{"ID":"NRT","NAME":"Tokyo Narita, Japan","TIME_ZONE":"UTC+9"},{"ID":"ORY","NAME":"Paris Orly Apt, France","TIME_ZONE":"UTC+1"},{"ID":"PID","NAME":"Nassau Paradise IS,Bahama","TIME_ZONE":"UTC-5"},{"ID":"RTM","NAME":"Rotterdam Apt, NL","TIME_ZONE":"UTC+1"},{"ID":"SEL","NAME":"Seoul Kimpo Int, ROK","TIME_ZONE":"UTC+9"},{"ID":"SFO","NAME":"San Francisco Int Apt,USA","TIME_ZONE":"UTC-8"},{"ID":"SIN","NAME":"Singapore","TIME_ZONE":"UTC+8"},{"ID":"STO","NAME":"Stockholm, Sweden","TIME_ZONE":"UTC+1"},{"ID":"SVO","NAME":"Moscow Sheremetyevo Apt,R","TIME_ZONE":"UTC+3"},{"ID":"SXF","NAME":"Berlin Schonefeld Apt,FRG","TIME_ZONE":"UTC+1"},{"ID":"THF","NAME":"Berlin Tempelhof Apt, FRG","TIME_ZONE":"UTC+1"},{"ID":"TXL","NAME":"Berlin Tegel Apt, FRG","TIME_ZONE":"UTC+1"},{"ID":"TYO","NAME":"Tokyo, JAPAN","TIME_ZONE":"UTC+9"},{"ID":"VCE","NAME":"Venice Marco Polo Apt, I","TIME_ZONE":"UTC+1"},{"ID":"VIE","NAME":"Vienna, Austria","TIME_ZONE":"UTC+1"},{"ID":"VKO","NAME":"Moscow Vnukovo Apt, R","TIME_ZONE":"UTC+3"},{"ID":"YEG","NAME":"Edmonton Int Apt, CDN","TIME_ZONE":"UTC-7"},{"ID":"YOW","NAME":"Ottawa Uplands Int., CDN","TIME_ZONE":"UTC-5"},{"ID":"ZRH","NAME":"Zurich, Switzerland","TIME_ZONE":"UTC+1"}]