[{"CARRID":"AA","CARRNAME":"American Airlines","CURRCODE":"USD","URL":"http://www.aa.com"},{"CARRID":"AB","CARRNAME":"Air Berlin","CURRCODE":"EUR","URL":"http://www.airberlin.de"},{"CARRID":"AC","CARRNAME":"Air Canada","CURRCODE":"CAD","URL":"http://www.aircanada.ca"},{"CARRID":"AF","CARRNAME":"Air France","CURRCODE":"EUR","URL":"http://www.airfrance.fr"},{"CARRID":"AZ","CARRNAME":"Alitalia","CURRCODE":"EUR","URL":"http://www.alitalia.it"},{"CARRID":"BA","CARRNAME":"British Airways","CURRCODE":"GBP","URL":"http://www.british-airways.com"},{"CARRID":"CO","CARRNAME":"Continental Airlines","CURRCODE":"USD","URL":"http://www.continental.com"},{"CARRID":"DL","CARRNAME":"Delta Airlines","CURRCODE":"USD","URL":"http://www.delta-air.com"},{"CARRID":"FJ","CARRNAME":"Air Pacific","CURRCODE":"USD","URL":"http://www.airpacific.com"},{"CARRID":"JL","CARRNAME":"Japan Airlines","CURRCODE":"JPY","URL":"http://www.jal.co.jp"},{"CARRID":"LH","CARRNAME":"Lufthansa","CURRCODE":"EUR","URL":"http://www.lufthansa.com"},{"CARRID":"NG","CARRNAME":"Lauda Air","CURRCODE":"EUR","URL":"http://www.laudaair.com"},{"CARRID":"NW","CARRNAME":"Northwest Airlines","CURRCODE":"USD","URL":"http://www.nwa.com"},{"CARRID":"QF","CARRNAME":"Qantas Airways","CURRCODE":"AUD","URL":"http://www.qantas.com.au"},{"CARRID":"SA","CARRNAME":"South African Air.","CURRCODE":"ZAR","URL":"http://www.saa.co.za"},{"CARRID":"SQ","CARRNAME":"Singapore Airlines","CURRCODE":"SGD","URL":"http://www.singaporeair.com"},{"CARRID":"SR","CARRNAME":"Swiss","CURRCODE":"CHF","URL":"http://www.swiss.com"},{"CARRID":"UA","CARRNAME":"United Airlines","CURRCODE":"USD","URL":"http://www.ual.com"}]