[{"KURST":"M","FCURR":"AUD","TCURR":"AUD","GDATU":"20210625","UKURS":1.00000,"FFACT":1,"TFACT":1},{"KURST":"M","FCURR":"AUD","TCURR":"CAD","GDATU":"20210625","UKURS":1.91541,"FFACT":1,"TFACT":1},{"KURST":"M","FCURR":"AUD","TCURR":"CHF","GDATU":"20210625","UKURS":1.97978,"FFACT":1,"TFACT":1},{"KURST":"M","FCURR":"AUD","TCURR":"EUR","GDATU":"20210625","UKURS":1.33140,"FFACT":1,"TFACT":1},{"KURST":"M","FCURR":"AUD","TCURR":"GBP","GDATU":"20210625","UKURS":0.82593,"FFACT":1,"TFACT":1},{"KURST":"M","FCURR":"AUD","TCURR":"JPY","GDATU":"20210625","UKURS":1.47197,"FFACT":1,"TFACT":100},{"KURST":"M","FCURR":"AUD","TCURR":"SEK","GDATU":"20210625","UKURS":12.82659,"FFACT":1,"TFACT":1},{"KURST":"M","FCURR":"AUD","TCURR":"SGD","GDATU":"20210625","UKURS":2.20321,"FFACT":1,"TFACT":1},{"KURST":"M","FCURR":"AUD","TCURR":"USD","GDATU":"20210625","UKURS":1.22147,"FFACT":1,"TFACT":1},{"KURST":"M","FCURR":"AUD","TCURR":"ZAR","GDATU":"20210625","UKURS":11.34072,"FFACT":1,"TFACT":1},{"KURST":"M","FCURR":"CAD","TCURR":"AUD","GDATU":"20210625","UKURS":0.52208,"FFACT":1,"TFACT":1},{"KURST":"M","FCURR":"CAD","TCURR":"CAD","GDATU":"20210625","UKURS":1.00000,"FFACT":1,"TFACT":1},{"KURST":"M","FCURR":"CAD","TCURR":"CHF","GDATU":"20210625","UKURS":1.03361,"FFACT":1,"TFACT":1},{"KURST":"M","FCURR":"CAD","TCURR":"EUR","GDATU":"20210625","UKURS":0.69510,"FFACT":1,"TFACT":1},{"KURST":"M","FCURR":"CAD","TCURR":"GBP","GDATU":"20210625","UKURS":0.43120,"FFACT":1,"TFACT":1},{"KURST":"M","FCURR":"CAD","TCURR":"JPY","GDATU":"20210625","UKURS":0.76849,"FFACT":1,"TFACT":100},{"KURST":"M","FCURR":"CAD","TCURR":"SEK","GDATU":"20210625","UKURS":6.69653,"FFACT":1,"TFACT":1},{"KURST":"M","FCURR":"CAD","TCURR":"SGD","GDATU":"20210625","UKURS":1.15026,"FFACT":1,"TFACT":1},{"KURST":"M","FCURR":"CAD","TCURR":"USD","GDATU":"20210625","UKURS":0.63771,"FFACT":1,"TFACT":1},{"KURST":"M","FCURR":"CAD","TCURR":"ZAR","GDATU":"20210625","UKURS":5.92078,"FFACT":1,"TFACT":1},{"KURST":"M","FCURR":"CHF","TCURR":"AUD","GDATU":"20210625","UKURS":0.50511,"FFACT":1,"TFACT":1},{"KURST":"M","FCURR":"CHF","TCURR":"CAD","GDATU":"20210625","UKURS":0.96749,"FFACT":1,"TFACT":1},{"KURST":"M","FCURR":"CHF","TCURR":"CHF","GDATU":"20210625","UKURS":1.00000,"FFACT":1,"TFACT":1},{"KURST":"M","FCURR":"CHF","TCURR":"EUR","GDATU":"20210625","UKURS":0.67250,"FFACT":1,"TFACT":1},{"KURST":"M","FCURR":"CHF","TCURR":"GBP","GDATU":"20210625","UKURS":0.41718,"FFACT":1,"TFACT":1},{"KURST":"M","FCURR":"CHF","TCURR":"JPY","GDATU":"20210625","UKURS":0.74350,"FFACT":1,"TFACT":100},{"KURST":"M","FCURR":"CHF","TCURR":"SEK","GDATU":"20210625","UKURS":6.47881,"FFACT":1,"TFACT":1},{"KURST":"M","FCURR":"CHF","TCURR":"SGD","GDATU":"20210625","UKURS":1.11286,"FFACT":1,"TFACT":1},{"KURST":"M","FCURR":"CHF","TCURR":"USD","GDATU":"20210625","UKURS":0.61697,"FFACT":1,"TFACT":1},{"KURST":"M","FCURR":"CHF","TCURR":"ZAR","GDATU":"20210625","UKURS":5.72828,"FFACT":1,"TFACT":1},{"KURST":"M","FCURR":"EUR","TCURR":"AUD","GDATU":"20210625","UKURS":0.75109,"FFACT":1,"TFACT":1},{"KURST":"M","FCURR":"EUR","TCURR":"CAD","GDATU":"20210625","UKURS":1.43864,"FFACT":1,"TFACT":1},{"KURST":"M","FCURR":"EUR","TCURR":"CHF","GDATU":"20210625","UKURS":1.48699,"FFACT":1,"TFACT":1},{"KURST":"M","FCURR":"EUR","TCURR":"EUR","GDATU":"20210625","UKURS":1.00000,"FFACT":1,"TFACT":1},{"KURST":"M","FCURR":"EUR","TCURR":"GBP","GDATU":"20210625","UKURS":0.62035,"FFACT":1,"TFACT":1},{"KURST":"M","FCURR":"EUR","TCURR":"JPY","GDATU":"20210625","UKURS":1.10558,"FFACT":1,"TFACT":100},{"KURST":"M","FCURR":"EUR","TCURR":"SEK","GDATU":"20210625","UKURS":9.63391,"FFACT":1,"TFACT":1},{"KURST":"M","FCURR":"EUR","TCURR":"SGD","GDATU":"20210625","UKURS":1.65481,"FFACT":1,"TFACT":1},{"KURST":"M","FCURR":"EUR","TCURR":"USD","GDATU":"20210625","UKURS":0.91743,"FFACT":1,"TFACT":1},{"KURST":"M","FCURR":"EUR","TCURR":"ZAR","GDATU":"20210625","UKURS":8.51789,"FFACT":1,"TFACT":1},{"KURST":"M","FCURR":"GBP","TCURR":"AUD","GDATU":"20210625","UKURS":1.21076,"FFACT":1,"TFACT":1},{"KURST":"M","FCURR":"GBP","TCURR":"CAD","GDATU":"20210625","UKURS":2.31909,"FFACT":1,"TFACT":1},{"KURST":"M","FCURR":"GBP","TCURR":"CHF","GDATU":"20210625","UKURS":2.39703,"FFACT":1,"TFACT":1},{"KURST":"M","FCURR":"GBP","TCURR":"EUR","GDATU":"20210625","UKURS":1.61200,"FFACT":1,"TFACT":1},{"KURST":"M","FCURR":"GBP","TCURR":"GBP","GDATU":"20210625","UKURS":1.00000,"FFACT":1,"TFACT":1},{"KURST":"M","FCURR":"GBP","TCURR":"JPY","GDATU":"20210625","UKURS":1.78220,"FFACT":1,"TFACT":100},{"KURST":"M","FCURR":"GBP","TCURR":"SEK","GDATU":"20210625","UKURS":15.52987,"FFACT":1,"TFACT":1},{"KURST":"M","FCURR":"GBP","TCURR":"SGD","GDATU":"20210625","UKURS":2.66755,"FFACT":1,"TFACT":1},{"KURST":"M","FCURR":"GBP","TCURR":"USD","GDATU":"20210625","UKURS":1.47890,"FFACT":1,"TFACT":1},{"KURST":"M","FCURR":"GBP","TCURR":"ZAR","GDATU":"20210625","UKURS":13.73083,"FFACT":1,"TFACT":1},{"KURST":"M","FCURR":"JPY","TCURR":"AUD","GDATU":"20210625","UKURS":0.67936,"FFACT":100,"TFACT":1},{"KURST":"M","FCURR":"JPY","TCURR":"CAD","GDATU":"20210625","UKURS":1.30125,"FFACT":100,"TFACT":1},{"KURST":"M","FCURR":"JPY","TCURR":"CHF","GDATU":"20210625","UKURS":1.34498,"FFACT":100,"TFACT":1},{"KURST":"M","FCURR":"JPY","TCURR":"EUR","GDATU":"20210625","UKURS":0.90450,"FFACT":100,"TFACT":1},{"KURST":"M","FCURR":"JPY","TCURR":"GBP","GDATU":"20210625","UKURS":0.56110,"FFACT":100,"TFACT":1},{"KURST":"M","FCURR":"JPY","TCURR":"JPY","GDATU":"20210625","UKURS":1.00000,"FFACT":100,"TFACT":100},{"KURST":"M","FCURR":"JPY","TCURR":"SEK","GDATU":"20210625","UKURS":8.71387,"FFACT":100,"TFACT":1},{"KURST":"M","FCURR":"JPY","TCURR":"SGD","GDATU":"20210625","UKURS":1.49677,"FFACT":100,"TFACT":1},{"KURST":"M","FCURR":"JPY","TCURR":"USD","GDATU":"20210625","UKURS":0.82982,"FFACT":100,"TFACT":1},{"KURST":"M","FCURR":"JPY","TCURR":"ZAR","GDATU":"20210625","UKURS":7.70443,"FFACT":100,"TFACT":1},{"KURST":"M","FCURR":"SEK","TCURR":"AUD","GDATU":"20210625","UKURS":0.07796,"FFACT":1,"TFACT":1},{"KURST":"M","FCURR":"SEK","TCURR":"CAD","GDATU":"20210625","UKURS":0.14933,"FFACT":1,"TFACT":1},{"KURST":"M","FCURR":"SEK","TCURR":"CHF","GDATU":"20210625","UKURS":0.15435,"FFACT":1,"TFACT":1},{"KURST":"M","FCURR":"SEK","TCURR":"EUR","GDATU":"20210625","UKURS":0.10380,"FFACT":1,"TFACT":1},{"KURST":"M","FCURR":"SEK","TCURR":"GBP","GDATU":"20210625","UKURS":0.06439,"FFACT":1,"TFACT":1},{"KURST":"M","FCURR":"SEK","TCURR":"JPY","GDATU":"20210625","UKURS":0.11476,"FFACT":1,"TFACT":100},{"KURST":"M","FCURR":"SEK","TCURR":"SEK","GDATU":"20210625","UKURS":1.00000,"FFACT":1,"TFACT":1},{"KURST":"M","FCURR":"SEK","TCURR":"SGD","GDATU":"20210625","UKURS":0.17177,"FFACT":1,"TFACT":1},{"KURST":"M","FCURR":"SEK","TCURR":"USD","GDATU":"20210625","UKURS":0.09523,"FFACT":1,"TFACT":1},{"KURST":"M","FCURR":"SEK","TCURR":"ZAR","GDATU":"20210625","UKURS":0.88416,"FFACT":1,"TFACT":1},{"KURST":"M","FCURR":"SGD","TCURR":"AUD","GDATU":"20210625","UKURS":0.45388,"FFACT":1,"TFACT":1},{"KURST":"M","FCURR":"SGD","TCURR":"CAD","GDATU":"20210625","UKURS":0.86937,"FFACT":1,"TFACT":1},{"KURST":"M","FCURR":"SGD","TCURR":"CHF","GDATU":"20210625","UKURS":0.89859,"FFACT":1,"TFACT":1},{"KURST":"M","FCURR":"SGD","TCURR":"EUR","GDATU":"20210625","UKURS":0.60430,"FFACT":1,"TFACT":1},{"KURST":"M","FCURR":"SGD","TCURR":"GBP","GDATU":"20210625","UKURS":0.37488,"FFACT":1,"TFACT":1},{"KURST":"M","FCURR":"SGD","TCURR":"JPY","GDATU":"20210625","UKURS":0.66810,"FFACT":1,"TFACT":100},{"KURST":"M","FCURR":"SGD","TCURR":"SEK","GDATU":"20210625","UKURS":5.82177,"FFACT":1,"TFACT":1},{"KURST":"M","FCURR":"SGD","TCURR":"SGD","GDATU":"20210625","UKURS":1.00000,"FFACT":1,"TFACT":1},{"KURST":"M","FCURR":"SGD","TCURR":"USD","GDATU":"20210625","UKURS":0.55440,"FFACT":1,"TFACT":1},{"KURST":"M","FCURR":"SGD","TCURR":"ZAR","GDATU":"20210625","UKURS":5.14736,"FFACT":1,"TFACT":1},{"KURST":"M","FCURR":"USD","TCURR":"AUD","GDATU":"20210625","UKURS":0.81869,"FFACT":1,"TFACT":1},{"KURST":"M","FCURR":"USD","TCURR":"CAD","GDATU":"20210625","UKURS":1.56812,"FFACT":1,"TFACT":1},{"KURST":"M","FCURR":"USD","TCURR":"CHF","GDATU":"20210625","UKURS":1.62082,"FFACT":1,"TFACT":1},{"KURST":"M","FCURR":"USD","TCURR":"EUR","GDATU":"20210625","UKURS":1.09000,"FFACT":1,"TFACT":1},{"KURST":"M","FCURR":"USD","TCURR":"GBP","GDATU":"20210625","UKURS":0.67618,"FFACT":1,"TFACT":1},{"KURST":"M","FCURR":"USD","TCURR":"JPY","GDATU":"20210625","UKURS":1.20509,"FFACT":1,"TFACT":100},{"KURST":"M","FCURR":"USD","TCURR":"SEK","GDATU":"20210625","UKURS":10.50096,"FFACT":1,"TFACT":1},{"KURST":"M","FCURR":"USD","TCURR":"SGD","GDATU":"20210625","UKURS":1.80374,"FFACT":1,"TFACT":1},{"KURST":"M","FCURR":"USD","TCURR":"USD","GDATU":"20210625","UKURS":1.00000,"FFACT":1,"TFACT":1},{"KURST":"M","FCURR":"USD","TCURR":"ZAR","GDATU":"20210625","UKURS":9.28450,"FFACT":1,"TFACT":1},{"KURST":"M","FCURR":"ZAR","TCURR":"AUD","GDATU":"20210625","UKURS":0.08818,"FFACT":1,"TFACT":1},{"KURST":"M","FCURR":"ZAR","TCURR":"CAD","GDATU":"20210625","UKURS":0.16890,"FFACT":1,"TFACT":1},{"KURST":"M","FCURR":"ZAR","TCURR":"CHF","GDATU":"20210625","UKURS":0.17457,"FFACT":1,"TFACT":1},{"KURST":"M","FCURR":"ZAR","TCURR":"EUR","GDATU":"20210625","UKURS":0.11740,"FFACT":1,"TFACT":1},{"KURST":"M","FCURR":"ZAR","TCURR":"GBP","GDATU":"20210625","UKURS":0.07283,"FFACT":1,"TFACT":1},{"KURST":"M","FCURR":"ZAR","TCURR":"JPY","GDATU":"20210625","UKURS":0.12980,"FFACT":1,"TFACT":100},{"KURST":"M","FCURR":"ZAR","TCURR":"SEK","GDATU":"20210625","UKURS":1.13102,"FFACT":1,"TFACT":1},{"KURST":"M","FCURR":"ZAR","TCURR":"SGD","GDATU":"20210625","UKURS":0.19427,"FFACT":1,"TFACT":1},{"KURST":"M","FCURR":"ZAR","TCURR":"USD","GDATU":"20210625","UKURS":0.10771,"FFACT":1,"TFACT":1},{"KURST":"M","FCURR":"ZAR","TCURR":"ZAR","GDATU":"20210625","UKURS":1.00000,"FFACT":1,"TFACT":1}]