[{"CARRID":"AA","MEALNUMBER":1,"MEALTYPE":"VE"},{"CARRID":"AA","MEALNUMBER":2,"MEALTYPE":"VE"},{"CARRID":"AA","MEALNUMBER":3,"MEALTYPE":"VE"},{"CARRID":"AA","MEALNUMBER":4,"MEALTYPE":"VE"},{"CARRID":"AA","MEALNUMBER":5,"MEALTYPE":"FL"},{"CARRID":"AA","MEALNUMBER":6,"MEALTYPE":"FL"},{"CARRID":"AA","MEALNUMBER":7,"MEALTYPE":"FL"},{"CARRID":"AA","MEALNUMBER":8,"MEALTYPE":"FL"},{"CARRID":"AA","MEALNUMBER":9,"MEALTYPE":"FL"},{"CARRID":"AA","MEALNUMBER":10,"MEALTYPE":"FL"},{"CARRID":"AA","MEALNUMBER":11,"MEALTYPE":"FL"},{"CARRID":"AA","MEALNUMBER":12,"MEALTYPE":"FL"},{"CARRID":"AA","MEALNUMBER":13,"MEALTYPE":"FL"},{"CARRID":"AA","MEALNUMBER":14,"MEALTYPE":"FL"},{"CARRID":"AA","MEALNUMBER":15,"MEALTYPE":"FL"},{"CARRID":"AA","MEALNUMBER":16,"MEALTYPE":"FI"},{"CARRID":"AA","MEALNUMBER":17,"MEALTYPE":"FI"},{"CARRID":"AA","MEALNUMBER":18,"MEALTYPE":"FI"},{"CARRID":"AA","MEALNUMBER":19,"MEALTYPE":"FI"},{"CARRID":"AA","MEALNUMBER":20,"MEALTYPE":"FI"},{"CARRID":"AA","MEALNUMBER":21,"MEALTYPE":"FI"},{"CARRID":"AA","MEALNUMBER":22,"MEALTYPE":"FI"},{"CARRID":"AA","MEALNUMBER":23,"MEALTYPE":"VE"},{"CARRID":"AA","MEALNUMBER":24,"MEALTYPE":"VE"},{"CARRID":"AA","MEALNUMBER":25,"MEALTYPE":"VE"},{"CARRID":"AA","MEALNUMBER":26,"MEALTYPE":"VE"},{"CARRID":"AA","MEALNUMBER":27,"MEALTYPE":"VE"},{"CARRID":"AA","MEALNUMBER":28,"MEALTYPE":"VE"},{"CARRID":"AA","MEALNUMBER":29,"MEALTYPE":"VE"},{"CARRID":"AB","MEALNUMBER":1,"MEALTYPE":"VE"},{"CARRID":"AB","MEALNUMBER":2,"MEALTYPE":"VE"},{"CARRID":"AB","MEALNUMBER":3,"MEALTYPE":"VE"},{"CARRID":"AB","MEALNUMBER":4,"MEALTYPE":"VE"},{"CARRID":"AB","MEALNUMBER":5,"MEALTYPE":"FL"},{"CARRID":"AB","MEALNUMBER":6,"MEALTYPE":"FL"},{"CARRID":"AB","MEALNUMBER":7,"MEALTYPE":"FL"},{"CARRID":"AB","MEALNUMBER":8,"MEALTYPE":"FL"},{"CARRID":"AB","MEALNUMBER":9,"MEALTYPE":"FL"},{"CARRID":"AB","MEALNUMBER":10,"MEALTYPE":"FL"},{"CARRID":"AB","MEALNUMBER":11,"MEALTYPE":"FL"},{"CARRID":"AB","MEALNUMBER":12,"MEALTYPE":"FL"},{"CARRID":"AB","MEALNUMBER":13,"MEALTYPE":"FL"},{"CARRID":"AB","MEALNUMBER":14,"MEALTYPE":"FL"},{"CARRID":"AB","MEALNUMBER":15,"MEALTYPE":"FL"},{"CARRID":"AB","MEALNUMBER":16,"MEALTYPE":"FI"},{"CARRID":"AB","MEALNUMBER":17,"MEALTYPE":"FI"},{"CARRID":"AB","MEALNUMBER":18,"MEALTYPE":"FI"},{"CARRID":"AB","MEALNUMBER":19,"MEALTYPE":"FI"},{"CARRID":"AB","MEALNUMBER":20,"MEALTYPE":"FI"},{"CARRID":"AB","MEALNUMBER":21,"MEALTYPE":"FI"},{"CARRID":"AB","MEALNUMBER":22,"MEALTYPE":"FI"},{"CARRID":"AB","MEALNUMBER":23,"MEALTYPE":"VE"},{"CARRID":"AB","MEALNUMBER":24,"MEALTYPE":"VE"},{"CARRID":"AB","MEALNUMBER":25,"MEALTYPE":"VE"},{"CARRID":"AB","MEALNUMBER":26,"MEALTYPE":"VE"},{"CARRID":"AB","MEALNUMBER":27,"MEALTYPE":"VE"},{"CARRID":"AB","MEALNUMBER":28,"MEALTYPE":"VE"},{"CARRID":"AB","MEALNUMBER":29,"MEALTYPE":"VE"},{"CARRID":"AC","MEALNUMBER":1,"MEALTYPE":"VE"},{"CARRID":"AC","MEALNUMBER":2,"MEALTYPE":"VE"},{"CARRID":"AC","MEALNUMBER":3,"MEALTYPE":"VE"},{"CARRID":"AC","MEALNUMBER":4,"MEALTYPE":"VE"},{"CARRID":"AC","MEALNUMBER":5,"MEALTYPE":"FL"},{"CARRID":"AC","MEALNUMBER":6,"MEALTYPE":"FL"},{"CARRID":"AC","MEALNUMBER":7,"MEALTYPE":"FL"},{"CARRID":"AC","MEALNUMBER":8,"MEALTYPE":"FL"},{"CARRID":"AC","MEALNUMBER":9,"MEALTYPE":"FL"},{"CARRID":"AC","MEALNUMBER":10,"MEALTYPE":"FL"},{"CARRID":"AC","MEALNUMBER":11,"MEALTYPE":"FL"},{"CARRID":"AC","MEALNUMBER":12,"MEALTYPE":"FL"},{"CARRID":"AC","MEALNUMBER":13,"MEALTYPE":"FL"},{"CARRID":"AC","MEALNUMBER":14,"MEALTYPE":"FL"},{"CARRID":"AC","MEALNUMBER":15,"MEALTYPE":"FL"},{"CARRID":"AC","MEALNUMBER":16,"MEALTYPE":"FI"},{"CARRID":"AC","MEALNUMBER":17,"MEALTYPE":"FI"},{"CARRID":"AC","MEALNUMBER":18,"MEALTYPE":"FI"},{"CARRID":"AC","MEALNUMBER":19,"MEALTYPE":"FI"},{"CARRID":"AC","MEALNUMBER":20,"MEALTYPE":"FI"},{"CARRID":"AC","MEALNUMBER":21,"MEALTYPE":"FI"},{"CARRID":"AC","MEALNUMBER":22,"MEALTYPE":"FI"},{"CARRID":"AC","MEALNUMBER":23,"MEALTYPE":"VE"},{"CARRID":"AC","MEALNUMBER":24,"MEALTYPE":"VE"},{"CARRID":"AC","MEALNUMBER":25,"MEALTYPE":"VE"},{"CARRID":"AC","MEALNUMBER":26,"MEALTYPE":"VE"},{"CARRID":"AC","MEALNUMBER":27,"MEALTYPE":"VE"},{"CARRID":"AC","MEALNUMBER":28,"MEALTYPE":"VE"},{"CARRID":"AC","MEALNUMBER":29,"MEALTYPE":"VE"},{"CARRID":"AF","MEALNUMBER":1,"MEALTYPE":"VE"},{"CARRID":"AF","MEALNUMBER":2,"MEALTYPE":"VE"},{"CARRID":"AF","MEALNUMBER":3,"MEALTYPE":"VE"},{"CARRID":"AF","MEALNUMBER":4,"MEALTYPE":"VE"},{"CARRID":"AF","MEALNUMBER":5,"MEALTYPE":"FL"},{"CARRID":"AF","MEALNUMBER":6,"MEALTYPE":"FL"},{"CARRID":"AF","MEALNUMBER":7,"MEALTYPE":"FL"},{"CARRID":"AF","MEALNUMBER":8,"MEALTYPE":"FL"},{"CARRID":"AF","MEALNUMBER":9,"MEALTYPE":"FL"},{"CARRID":"AF","MEALNUMBER":10,"MEALTYPE":"FL"},{"CARRID":"AF","MEALNUMBER":11,"MEALTYPE":"FL"},{"CARRID":"AF","MEALNUMBER":12,"MEALTYPE":"FL"},{"CARRID":"AF","MEALNUMBER":13,"MEALTYPE":"FL"},{"CARRID":"AF","MEALNUMBER":14,"MEALTYPE":"FL"},{"CARRID":"AF","MEALNUMBER":15,"MEALTYPE":"FL"},{"CARRID":"AF","MEALNUMBER":16,"MEALTYPE":"FI"},{"CARRID":"AF","MEALNUMBER":17,"MEALTYPE":"FI"},{"CARRID":"AF","MEALNUMBER":18,"MEALTYPE":"FI"},{"CARRID":"AF","MEALNUMBER":19,"MEALTYPE":"FI"},{"CARRID":"AF","MEALNUMBER":20,"MEALTYPE":"FI"},{"CARRID":"AF","MEALNUMBER":21,"MEALTYPE":"FI"},{"CARRID":"AF","MEALNUMBER":22,"MEALTYPE":"FI"},{"CARRID":"AF","MEALNUMBER":23,"MEALTYPE":"VE"},{"CARRID":"AF","MEALNUMBER":24,"MEALTYPE":"VE"},{"CARRID":"AF","MEALNUMBER":25,"MEALTYPE":"VE"},{"CARRID":"AF","MEALNUMBER":26,"MEALTYPE":"VE"},{"CARRID":"AF","MEALNUMBER":27,"MEALTYPE":"VE"},{"CARRID":"AF","MEALNUMBER":28,"MEALTYPE":"VE"},{"CARRID":"AF","MEALNUMBER":29,"MEALTYPE":"VE"},{"CARRID":"AZ","MEALNUMBER":1,"MEALTYPE":"VE"},{"CARRID":"AZ","MEALNUMBER":2,"MEALTYPE":"VE"},{"CARRID":"AZ","MEALNUMBER":3,"MEALTYPE":"VE"},{"CARRID":"AZ","MEALNUMBER":4,"MEALTYPE":"VE"},{"CARRID":"AZ","MEALNUMBER":5,"MEALTYPE":"FL"},{"CARRID":"AZ","MEALNUMBER":6,"MEALTYPE":"FL"},{"CARRID":"AZ","MEALNUMBER":7,"MEALTYPE":"FL"},{"CARRID":"AZ","MEALNUMBER":8,"MEALTYPE":"FL"},{"CARRID":"AZ","MEALNUMBER":9,"MEALTYPE":"FL"},{"CARRID":"AZ","MEALNUMBER":10,"MEALTYPE":"FL"},{"CARRID":"AZ","MEALNUMBER":11,"MEALTYPE":"FL"},{"CARRID":"AZ","MEALNUMBER":12,"MEALTYPE":"FL"},{"CARRID":"AZ","MEALNUMBER":13,"MEALTYPE":"FL"},{"CARRID":"AZ","MEALNUMBER":14,"MEALTYPE":"FL"},{"CARRID":"AZ","MEALNUMBER":15,"MEALTYPE":"FL"},{"CARRID":"AZ","MEALNUMBER":16,"MEALTYPE":"FI"},{"CARRID":"AZ","MEALNUMBER":17,"MEALTYPE":"FI"},{"CARRID":"AZ","MEALNUMBER":18,"MEALTYPE":"FI"},{"CARRID":"AZ","MEALNUMBER":19,"MEALTYPE":"FI"},{"CARRID":"AZ","MEALNUMBER":20,"MEALTYPE":"FI"},{"CARRID":"AZ","MEALNUMBER":21,"MEALTYPE":"FI"},{"CARRID":"AZ","MEALNUMBER":22,"MEALTYPE":"FI"},{"CARRID":"AZ","MEALNUMBER":23,"MEALTYPE":"VE"},{"CARRID":"AZ","MEALNUMBER":24,"MEALTYPE":"VE"},{"CARRID":"AZ","MEALNUMBER":25,"MEALTYPE":"VE"},{"CARRID":"AZ","MEALNUMBER":26,"MEALTYPE":"VE"},{"CARRID":"AZ","MEALNUMBER":27,"MEALTYPE":"VE"},{"CARRID":"AZ","MEALNUMBER":28,"MEALTYPE":"VE"},{"CARRID":"AZ","MEALNUMBER":29,"MEALTYPE":"VE"},{"CARRID":"BA","MEALNUMBER":1,"MEALTYPE":"VE"},{"CARRID":"BA","MEALNUMBER":2,"MEALTYPE":"VE"},{"CARRID":"BA","MEALNUMBER":3,"MEALTYPE":"VE"},{"CARRID":"BA","MEALNUMBER":4,"MEALTYPE":"VE"},{"CARRID":"BA","MEALNUMBER":5,"MEALTYPE":"FL"},{"CARRID":"BA","MEALNUMBER":6,"MEALTYPE":"FL"},{"CARRID":"BA","MEALNUMBER":7,"MEALTYPE":"FL"},{"CARRID":"BA","MEALNUMBER":8,"MEALTYPE":"FL"},{"CARRID":"BA","MEALNUMBER":9,"MEALTYPE":"FL"},{"CARRID":"BA","MEALNUMBER":10,"MEALTYPE":"FL"},{"CARRID":"BA","MEALNUMBER":11,"MEALTYPE":"FL"},{"CARRID":"BA","MEALNUMBER":12,"MEALTYPE":"FL"},{"CARRID":"BA","MEALNUMBER":13,"MEALTYPE":"FL"},{"CARRID":"BA","MEALNUMBER":14,"MEALTYPE":"FL"},{"CARRID":"BA","MEALNUMBER":15,"MEALTYPE":"FL"},{"CARRID":"BA","MEALNUMBER":16,"MEALTYPE":"FI"},{"CARRID":"BA","MEALNUMBER":17,"MEALTYPE":"FI"},{"CARRID":"BA","MEALNUMBER":18,"MEALTYPE":"FI"},{"CARRID":"BA","MEALNUMBER":19,"MEALTYPE":"FI"},{"CARRID":"BA","MEALNUMBER":20,"MEALTYPE":"FI"},{"CARRID":"BA","MEALNUMBER":21,"MEALTYPE":"FI"},{"CARRID":"BA","MEALNUMBER":22,"MEALTYPE":"FI"},{"CARRID":"BA","MEALNUMBER":23,"MEALTYPE":"VE"},{"CARRID":"BA","MEALNUMBER":24,"MEALTYPE":"VE"},{"CARRID":"BA","MEALNUMBER":25,"MEALTYPE":"VE"},{"CARRID":"BA","MEALNUMBER":26,"MEALTYPE":"VE"},{"CARRID":"BA","MEALNUMBER":27,"MEALTYPE":"VE"},{"CARRID":"BA","MEALNUMBER":28,"MEALTYPE":"VE"},{"CARRID":"BA","MEALNUMBER":29,"MEALTYPE":"VE"},{"CARRID":"CO","MEALNUMBER":1,"MEALTYPE":"VE"},{"CARRID":"CO","MEALNUMBER":2,"MEALTYPE":"VE"},{"CARRID":"CO","MEALNUMBER":3,"MEALTYPE":"VE"},{"CARRID":"CO","MEALNUMBER":4,"MEALTYPE":"VE"},{"CARRID":"CO","MEALNUMBER":5,"MEALTYPE":"FL"},{"CARRID":"CO","MEALNUMBER":6,"MEALTYPE":"FL"},{"CARRID":"CO","MEALNUMBER":7,"MEALTYPE":"FL"},{"CARRID":"CO","MEALNUMBER":8,"MEALTYPE":"FL"},{"CARRID":"CO","MEALNUMBER":9,"MEALTYPE":"FL"},{"CARRID":"CO","MEALNUMBER":10,"MEALTYPE":"FL"},{"CARRID":"CO","MEALNUMBER":11,"MEALTYPE":"FL"},{"CARRID":"CO","MEALNUMBER":12,"MEALTYPE":"FL"},{"CARRID":"CO","MEALNUMBER":13,"MEALTYPE":"FL"},{"CARRID":"CO","MEALNUMBER":14,"MEALTYPE":"FL"},{"CARRID":"CO","MEALNUMBER":15,"MEALTYPE":"FL"},{"CARRID":"CO","MEALNUMBER":16,"MEALTYPE":"FI"},{"CARRID":"CO","MEALNUMBER":17,"MEALTYPE":"FI"},{"CARRID":"CO","MEALNUMBER":18,"MEALTYPE":"FI"},{"CARRID":"CO","MEALNUMBER":19,"MEALTYPE":"FI"},{"CARRID":"CO","MEALNUMBER":20,"MEALTYPE":"FI"},{"CARRID":"CO","MEALNUMBER":21,"MEALTYPE":"FI"},{"CARRID":"CO","MEALNUMBER":22,"MEALTYPE":"FI"},{"CARRID":"CO","MEALNUMBER":23,"MEALTYPE":"VE"},{"CARRID":"CO","MEALNUMBER":24,"MEALTYPE":"VE"},{"CARRID":"CO","MEALNUMBER":25,"MEALTYPE":"VE"},{"CARRID":"CO","MEALNUMBER":26,"MEALTYPE":"VE"},{"CARRID":"CO","MEALNUMBER":27,"MEALTYPE":"VE"},{"CARRID":"CO","MEALNUMBER":28,"MEALTYPE":"VE"},{"CARRID":"CO","MEALNUMBER":29,"MEALTYPE":"VE"},{"CARRID":"DL","MEALNUMBER":1,"MEALTYPE":"VE"},{"CARRID":"DL","MEALNUMBER":2,"MEALTYPE":"VE"},{"CARRID":"DL","MEALNUMBER":3,"MEALTYPE":"VE"},{"CARRID":"DL","MEALNUMBER":4,"MEALTYPE":"VE"},{"CARRID":"DL","MEALNUMBER":5,"MEALTYPE":"FL"},{"CARRID":"DL","MEALNUMBER":6,"MEALTYPE":"FL"},{"CARRID":"DL","MEALNUMBER":7,"MEALTYPE":"FL"},{"CARRID":"DL","MEALNUMBER":8,"MEALTYPE":"FL"},{"CARRID":"DL","MEALNUMBER":9,"MEALTYPE":"FL"},{"CARRID":"DL","MEALNUMBER":10,"MEALTYPE":"FL"},{"CARRID":"DL","MEALNUMBER":11,"MEALTYPE":"FL"},{"CARRID":"DL","MEALNUMBER":12,"MEALTYPE":"FL"},{"CARRID":"DL","MEALNUMBER":13,"MEALTYPE":"FL"},{"CARRID":"DL","MEALNUMBER":14,"MEALTYPE":"FL"},{"CARRID":"DL","MEALNUMBER":15,"MEALTYPE":"FL"},{"CARRID":"DL","MEALNUMBER":16,"MEALTYPE":"FI"},{"CARRID":"DL","MEALNUMBER":17,"MEALTYPE":"FI"},{"CARRID":"DL","MEALNUMBER":18,"MEALTYPE":"FI"},{"CARRID":"DL","MEALNUMBER":19,"MEALTYPE":"FI"},{"CARRID":"DL","MEALNUMBER":20,"MEALTYPE":"FI"},{"CARRID":"DL","MEALNUMBER":21,"MEALTYPE":"FI"},{"CARRID":"DL","MEALNUMBER":22,"MEALTYPE":"FI"},{"CARRID":"DL","MEALNUMBER":23,"MEALTYPE":"VE"},{"CARRID":"DL","MEALNUMBER":24,"MEALTYPE":"VE"},{"CARRID":"DL","MEALNUMBER":25,"MEALTYPE":"VE"},{"CARRID":"DL","MEALNUMBER":26,"MEALTYPE":"VE"},{"CARRID":"DL","MEALNUMBER":27,"MEALTYPE":"VE"},{"CARRID":"DL","MEALNUMBER":28,"MEALTYPE":"VE"},{"CARRID":"DL","MEALNUMBER":29,"MEALTYPE":"VE"},{"CARRID":"FJ","MEALNUMBER":1,"MEALTYPE":"VE"},{"CARRID":"FJ","MEALNUMBER":2,"MEALTYPE":"VE"},{"CARRID":"FJ","MEALNUMBER":3,"MEALTYPE":"VE"},{"CARRID":"FJ","MEALNUMBER":4,"MEALTYPE":"VE"},{"CARRID":"FJ","MEALNUMBER":5,"MEALTYPE":"FL"},{"CARRID":"FJ","MEALNUMBER":6,"MEALTYPE":"FL"},{"CARRID":"FJ","MEALNUMBER":7,"MEALTYPE":"FL"},{"CARRID":"FJ","MEALNUMBER":8,"MEALTYPE":"FL"},{"CARRID":"FJ","MEALNUMBER":9,"MEALTYPE":"FL"},{"CARRID":"FJ","MEALNUMBER":10,"MEALTYPE":"FL"},{"CARRID":"FJ","MEALNUMBER":11,"MEALTYPE":"FL"},{"CARRID":"FJ","MEALNUMBER":12,"MEALTYPE":"FL"},{"CARRID":"FJ","MEALNUMBER":13,"MEALTYPE":"FL"},{"CARRID":"FJ","MEALNUMBER":14,"MEALTYPE":"FL"},{"CARRID":"FJ","MEALNUMBER":15,"MEALTYPE":"FL"},{"CARRID":"FJ","MEALNUMBER":16,"MEALTYPE":"FI"},{"CARRID":"FJ","MEALNUMBER":17,"MEALTYPE":"FI"},{"CARRID":"FJ","MEALNUMBER":18,"MEALTYPE":"FI"},{"CARRID":"FJ","MEALNUMBER":19,"MEALTYPE":"FI"},{"CARRID":"FJ","MEALNUMBER":20,"MEALTYPE":"FI"},{"CARRID":"FJ","MEALNUMBER":21,"MEALTYPE":"FI"},{"CARRID":"FJ","MEALNUMBER":22,"MEALTYPE":"FI"},{"CARRID":"FJ","MEALNUMBER":23,"MEALTYPE":"VE"},{"CARRID":"FJ","MEALNUMBER":24,"MEALTYPE":"VE"},{"CARRID":"FJ","MEALNUMBER":25,"MEALTYPE":"VE"},{"CARRID":"FJ","MEALNUMBER":26,"MEALTYPE":"VE"},{"CARRID":"FJ","MEALNUMBER":27,"MEALTYPE":"VE"},{"CARRID":"FJ","MEALNUMBER":28,"MEALTYPE":"VE"},{"CARRID":"FJ","MEALNUMBER":29,"MEALTYPE":"VE"},{"CARRID":"JL","MEALNUMBER":1,"MEALTYPE":"VE"},{"CARRID":"JL","MEALNUMBER":2,"MEALTYPE":"VE"},{"CARRID":"JL","MEALNUMBER":3,"MEALTYPE":"VE"},{"CARRID":"JL","MEALNUMBER":4,"MEALTYPE":"VE"},{"CARRID":"JL","MEALNUMBER":5,"MEALTYPE":"FL"},{"CARRID":"JL","MEALNUMBER":6,"MEALTYPE":"FL"},{"CARRID":"JL","MEALNUMBER":7,"MEALTYPE":"FL"},{"CARRID":"JL","MEALNUMBER":8,"MEALTYPE":"FL"},{"CARRID":"JL","MEALNUMBER":9,"MEALTYPE":"FL"},{"CARRID":"JL","MEALNUMBER":10,"MEALTYPE":"FL"},{"CARRID":"JL","MEALNUMBER":11,"MEALTYPE":"FL"},{"CARRID":"JL","MEALNUMBER":12,"MEALTYPE":"FL"},{"CARRID":"JL","MEALNUMBER":13,"MEALTYPE":"FL"},{"CARRID":"JL","MEALNUMBER":14,"MEALTYPE":"FL"},{"CARRID":"JL","MEALNUMBER":15,"MEALTYPE":"FL"},{"CARRID":"JL","MEALNUMBER":16,"MEALTYPE":"FI"},{"CARRID":"JL","MEALNUMBER":17,"MEALTYPE":"FI"},{"CARRID":"JL","MEALNUMBER":18,"MEALTYPE":"FI"},{"CARRID":"JL","MEALNUMBER":19,"MEALTYPE":"FI"},{"CARRID":"JL","MEALNUMBER":20,"MEALTYPE":"FI"},{"CARRID":"JL","MEALNUMBER":21,"MEALTYPE":"FI"},{"CARRID":"JL","MEALNUMBER":22,"MEALTYPE":"FI"},{"CARRID":"JL","MEALNUMBER":23,"MEALTYPE":"VE"},{"CARRID":"JL","MEALNUMBER":24,"MEALTYPE":"VE"},{"CARRID":"JL","MEALNUMBER":25,"MEALTYPE":"VE"},{"CARRID":"JL","MEALNUMBER":26,"MEALTYPE":"VE"},{"CARRID":"JL","MEALNUMBER":27,"MEALTYPE":"VE"},{"CARRID":"JL","MEALNUMBER":28,"MEALTYPE":"VE"},{"CARRID":"JL","MEALNUMBER":29,"MEALTYPE":"VE"},{"CARRID":"LH","MEALNUMBER":1,"MEALTYPE":"VE"},{"CARRID":"LH","MEALNUMBER":2,"MEALTYPE":"VE"},{"CARRID":"LH","MEALNUMBER":3,"MEALTYPE":"VE"},{"CARRID":"LH","MEALNUMBER":4,"MEALTYPE":"VE"},{"CARRID":"LH","MEALNUMBER":5,"MEALTYPE":"FL"},{"CARRID":"LH","MEALNUMBER":6,"MEALTYPE":"FL"},{"CARRID":"LH","MEALNUMBER":7,"MEALTYPE":"FL"},{"CARRID":"LH","MEALNUMBER":8,"MEALTYPE":"FL"},{"CARRID":"LH","MEALNUMBER":9,"MEALTYPE":"FL"},{"CARRID":"LH","MEALNUMBER":10,"MEALTYPE":"FL"},{"CARRID":"LH","MEALNUMBER":11,"MEALTYPE":"FL"},{"CARRID":"LH","MEALNUMBER":12,"MEALTYPE":"FL"},{"CARRID":"LH","MEALNUMBER":13,"MEALTYPE":"FL"},{"CARRID":"LH","MEALNUMBER":14,"MEALTYPE":"FL"},{"CARRID":"LH","MEALNUMBER":15,"MEALTYPE":"FL"},{"CARRID":"LH","MEALNUMBER":16,"MEALTYPE":"FI"},{"CARRID":"LH","MEALNUMBER":17,"MEALTYPE":"FI"},{"CARRID":"LH","MEALNUMBER":18,"MEALTYPE":"FI"},{"CARRID":"LH","MEALNUMBER":19,"MEALTYPE":"FI"},{"CARRID":"LH","MEALNUMBER":20,"MEALTYPE":"FI"},{"CARRID":"LH","MEALNUMBER":21,"MEALTYPE":"FI"},{"CARRID":"LH","MEALNUMBER":22,"MEALTYPE":"FI"},{"CARRID":"LH","MEALNUMBER":23,"MEALTYPE":"VE"},{"CARRID":"LH","MEALNUMBER":24,"MEALTYPE":"VE"},{"CARRID":"LH","MEALNUMBER":25,"MEALTYPE":"VE"},{"CARRID":"LH","MEALNUMBER":26,"MEALTYPE":"VE"},{"CARRID":"LH","MEALNUMBER":27,"MEALTYPE":"VE"},{"CARRID":"LH","MEALNUMBER":28,"MEALTYPE":"VE"},{"CARRID":"LH","MEALNUMBER":29,"MEALTYPE":"VE"},{"CARRID":"NG","MEALNUMBER":1,"MEALTYPE":"VE"},{"CARRID":"NG","MEALNUMBER":2,"MEALTYPE":"VE"},{"CARRID":"NG","MEALNUMBER":3,"MEALTYPE":"VE"},{"CARRID":"NG","MEALNUMBER":4,"MEALTYPE":"VE"},{"CARRID":"NG","MEALNUMBER":5,"MEALTYPE":"FL"},{"CARRID":"NG","MEALNUMBER":6,"MEALTYPE":"FL"},{"CARRID":"NG","MEALNUMBER":7,"MEALTYPE":"FL"},{"CARRID":"NG","MEALNUMBER":8,"MEALTYPE":"FL"},{"CARRID":"NG","MEALNUMBER":9,"MEALTYPE":"FL"},{"CARRID":"NG","MEALNUMBER":10,"MEALTYPE":"FL"},{"CARRID":"NG","MEALNUMBER":11,"MEALTYPE":"FL"},{"CARRID":"NG","MEALNUMBER":12,"MEALTYPE":"FL"},{"CARRID":"NG","MEALNUMBER":13,"MEALTYPE":"FL"},{"CARRID":"NG","MEALNUMBER":14,"MEALTYPE":"FL"},{"CARRID":"NG","MEALNUMBER":15,"MEALTYPE":"FL"},{"CARRID":"NG","MEALNUMBER":16,"MEALTYPE":"FI"},{"CARRID":"NG","MEALNUMBER":17,"MEALTYPE":"FI"},{"CARRID":"NG","MEALNUMBER":18,"MEALTYPE":"FI"},{"CARRID":"NG","MEALNUMBER":19,"MEALTYPE":"FI"},{"CARRID":"NG","MEALNUMBER":20,"MEALTYPE":"FI"},{"CARRID":"NG","MEALNUMBER":21,"MEALTYPE":"FI"},{"CARRID":"NG","MEALNUMBER":22,"MEALTYPE":"FI"},{"CARRID":"NG","MEALNUMBER":23,"MEALTYPE":"VE"},{"CARRID":"NG","MEALNUMBER":24,"MEALTYPE":"VE"},{"CARRID":"NG","MEALNUMBER":25,"MEALTYPE":"VE"},{"CARRID":"NG","MEALNUMBER":26,"MEALTYPE":"VE"},{"CARRID":"NG","MEALNUMBER":27,"MEALTYPE":"VE"},{"CARRID":"NG","MEALNUMBER":28,"MEALTYPE":"VE"},{"CARRID":"NG","MEALNUMBER":29,"MEALTYPE":"VE"},{"CARRID":"NW","MEALNUMBER":1,"MEALTYPE":"VE"},{"CARRID":"NW","MEALNUMBER":2,"MEALTYPE":"VE"},{"CARRID":"NW","MEALNUMBER":3,"MEALTYPE":"VE"},{"CARRID":"NW","MEALNUMBER":4,"MEALTYPE":"VE"},{"CARRID":"NW","MEALNUMBER":5,"MEALTYPE":"FL"},{"CARRID":"NW","MEALNUMBER":6,"MEALTYPE":"FL"},{"CARRID":"NW","MEALNUMBER":7,"MEALTYPE":"FL"},{"CARRID":"NW","MEALNUMBER":8,"MEALTYPE":"FL"},{"CARRID":"NW","MEALNUMBER":9,"MEALTYPE":"FL"},{"CARRID":"NW","MEALNUMBER":10,"MEALTYPE":"FL"},{"CARRID":"NW","MEALNUMBER":11,"MEALTYPE":"FL"},{"CARRID":"NW","MEALNUMBER":12,"MEALTYPE":"FL"},{"CARRID":"NW","MEALNUMBER":13,"MEALTYPE":"FL"},{"CARRID":"NW","MEALNUMBER":14,"MEALTYPE":"FL"},{"CARRID":"NW","MEALNUMBER":15,"MEALTYPE":"FL"},{"CARRID":"NW","MEALNUMBER":16,"MEALTYPE":"FI"},{"CARRID":"NW","MEALNUMBER":17,"MEALTYPE":"FI"},{"CARRID":"NW","MEALNUMBER":18,"MEALTYPE":"FI"},{"CARRID":"NW","MEALNUMBER":19,"MEALTYPE":"FI"},{"CARRID":"NW","MEALNUMBER":20,"MEALTYPE":"FI"},{"CARRID":"NW","MEALNUMBER":21,"MEALTYPE":"FI"},{"CARRID":"NW","MEALNUMBER":22,"MEALTYPE":"FI"},{"CARRID":"NW","MEALNUMBER":23,"MEALTYPE":"VE"},{"CARRID":"NW","MEALNUMBER":24,"MEALTYPE":"VE"},{"CARRID":"NW","MEALNUMBER":25,"MEALTYPE":"VE"},{"CARRID":"NW","MEALNUMBER":26,"MEALTYPE":"VE"},{"CARRID":"NW","MEALNUMBER":27,"MEALTYPE":"VE"},{"CARRID":"NW","MEALNUMBER":28,"MEALTYPE":"VE"},{"CARRID":"NW","MEALNUMBER":29,"MEALTYPE":"VE"},{"CARRID":"QF","MEALNUMBER":1,"MEALTYPE":"VE"},{"CARRID":"QF","MEALNUMBER":2,"MEALTYPE":"VE"},{"CARRID":"QF","MEALNUMBER":3,"MEALTYPE":"VE"},{"CARRID":"QF","MEALNUMBER":4,"MEALTYPE":"VE"},{"CARRID":"QF","MEALNUMBER":5,"MEALTYPE":"FL"},{"CARRID":"QF","MEALNUMBER":6,"MEALTYPE":"FL"},{"CARRID":"QF","MEALNUMBER":7,"MEALTYPE":"FL"},{"CARRID":"QF","MEALNUMBER":8,"MEALTYPE":"FL"},{"CARRID":"QF","MEALNUMBER":9,"MEALTYPE":"FL"},{"CARRID":"QF","MEALNUMBER":10,"MEALTYPE":"FL"},{"CARRID":"QF","MEALNUMBER":11,"MEALTYPE":"FL"},{"CARRID":"QF","MEALNUMBER":12,"MEALTYPE":"FL"},{"CARRID":"QF","MEALNUMBER":13,"MEALTYPE":"FL"},{"CARRID":"QF","MEALNUMBER":14,"MEALTYPE":"FL"},{"CARRID":"QF","MEALNUMBER":15,"MEALTYPE":"FL"},{"CARRID":"QF","MEALNUMBER":16,"MEALTYPE":"FI"},{"CARRID":"QF","MEALNUMBER":17,"MEALTYPE":"FI"},{"CARRID":"QF","MEALNUMBER":18,"MEALTYPE":"FI"},{"CARRID":"QF","MEALNUMBER":19,"MEALTYPE":"FI"},{"CARRID":"QF","MEALNUMBER":20,"MEALTYPE":"FI"},{"CARRID":"QF","MEALNUMBER":21,"MEALTYPE":"FI"},{"CARRID":"QF","MEALNUMBER":22,"MEALTYPE":"FI"},{"CARRID":"QF","MEALNUMBER":23,"MEALTYPE":"VE"},{"CARRID":"QF","MEALNUMBER":24,"MEALTYPE":"VE"},{"CARRID":"QF","MEALNUMBER":25,"MEALTYPE":"VE"},{"CARRID":"QF","MEALNUMBER":26,"MEALTYPE":"VE"},{"CARRID":"QF","MEALNUMBER":27,"MEALTYPE":"VE"},{"CARRID":"QF","MEALNUMBER":28,"MEALTYPE":"VE"},{"CARRID":"QF","MEALNUMBER":29,"MEALTYPE":"VE"},{"CARRID":"SA","MEALNUMBER":1,"MEALTYPE":"VE"},{"CARRID":"SA","MEALNUMBER":2,"MEALTYPE":"VE"},{"CARRID":"SA","MEALNUMBER":3,"MEALTYPE":"VE"},{"CARRID":"SA","MEALNUMBER":4,"MEALTYPE":"VE"},{"CARRID":"SA","MEALNUMBER":5,"MEALTYPE":"FL"},{"CARRID":"SA","MEALNUMBER":6,"MEALTYPE":"FL"},{"CARRID":"SA","MEALNUMBER":7,"MEALTYPE":"FL"},{"CARRID":"SA","MEALNUMBER":8,"MEALTYPE":"FL"},{"CARRID":"SA","MEALNUMBER":9,"MEALTYPE":"FL"},{"CARRID":"SA","MEALNUMBER":10,"MEALTYPE":"FL"},{"CARRID":"SA","MEALNUMBER":11,"MEALTYPE":"FL"},{"CARRID":"SA","MEALNUMBER":12,"MEALTYPE":"FL"},{"CARRID":"SA","MEALNUMBER":13,"MEALTYPE":"FL"},{"CARRID":"SA","MEALNUMBER":14,"MEALTYPE":"FL"},{"CARRID":"SA","MEALNUMBER":15,"MEALTYPE":"FL"},{"CARRID":"SA","MEALNUMBER":16,"MEALTYPE":"FI"},{"CARRID":"SA","MEALNUMBER":17,"MEALTYPE":"FI"},{"CARRID":"SA","MEALNUMBER":18,"MEALTYPE":"FI"},{"CARRID":"SA","MEALNUMBER":19,"MEALTYPE":"FI"},{"CARRID":"SA","MEALNUMBER":20,"MEALTYPE":"FI"},{"CARRID":"SA","MEALNUMBER":21,"MEALTYPE":"FI"},{"CARRID":"SA","MEALNUMBER":22,"MEALTYPE":"FI"},{"CARRID":"SA","MEALNUMBER":23,"MEALTYPE":"VE"},{"CARRID":"SA","MEALNUMBER":24,"MEALTYPE":"VE"},{"CARRID":"SA","MEALNUMBER":25,"MEALTYPE":"VE"},{"CARRID":"SA","MEALNUMBER":26,"MEALTYPE":"VE"},{"CARRID":"SA","MEALNUMBER":27,"MEALTYPE":"VE"},{"CARRID":"SA","MEALNUMBER":28,"MEALTYPE":"VE"},{"CARRID":"SA","MEALNUMBER":29,"MEALTYPE":"VE"},{"CARRID":"SQ","MEALNUMBER":1,"MEALTYPE":"VE"},{"CARRID":"SQ","MEALNUMBER":2,"MEALTYPE":"VE"},{"CARRID":"SQ","MEALNUMBER":3,"MEALTYPE":"VE"},{"CARRID":"SQ","MEALNUMBER":4,"MEALTYPE":"VE"},{"CARRID":"SQ","MEALNUMBER":5,"MEALTYPE":"FL"},{"CARRID":"SQ","MEALNUMBER":6,"MEALTYPE":"FL"},{"CARRID":"SQ","MEALNUMBER":7,"MEALTYPE":"FL"},{"CARRID":"SQ","MEALNUMBER":8,"MEALTYPE":"FL"},{"CARRID":"SQ","MEALNUMBER":9,"MEALTYPE":"FL"},{"CARRID":"SQ","MEALNUMBER":10,"MEALTYPE":"FL"},{"CARRID":"SQ","MEALNUMBER":11,"MEALTYPE":"FL"},{"CARRID":"SQ","MEALNUMBER":12,"MEALTYPE":"FL"},{"CARRID":"SQ","MEALNUMBER":13,"MEALTYPE":"FL"},{"CARRID":"SQ","MEALNUMBER":14,"MEALTYPE":"FL"},{"CARRID":"SQ","MEALNUMBER":15,"MEALTYPE":"FL"},{"CARRID":"SQ","MEALNUMBER":16,"MEALTYPE":"FI"},{"CARRID":"SQ","MEALNUMBER":17,"MEALTYPE":"FI"},{"CARRID":"SQ","MEALNUMBER":18,"MEALTYPE":"FI"},{"CARRID":"SQ","MEALNUMBER":19,"MEALTYPE":"FI"},{"CARRID":"SQ","MEALNUMBER":20,"MEALTYPE":"FI"},{"CARRID":"SQ","MEALNUMBER":21,"MEALTYPE":"FI"},{"CARRID":"SQ","MEALNUMBER":22,"MEALTYPE":"FI"},{"CARRID":"SQ","MEALNUMBER":23,"MEALTYPE":"VE"},{"CARRID":"SQ","MEALNUMBER":24,"MEALTYPE":"VE"},{"CARRID":"SQ","MEALNUMBER":25,"MEALTYPE":"VE"},{"CARRID":"SQ","MEALNUMBER":26,"MEALTYPE":"VE"},{"CARRID":"SQ","MEALNUMBER":27,"MEALTYPE":"VE"},{"CARRID":"SQ","MEALNUMBER":28,"MEALTYPE":"VE"},{"CARRID":"SQ","MEALNUMBER":29,"MEALTYPE":"VE"},{"CARRID":"SR","MEALNUMBER":1,"MEALTYPE":"VE"},{"CARRID":"SR","MEALNUMBER":2,"MEALTYPE":"VE"},{"CARRID":"SR","MEALNUMBER":3,"MEALTYPE":"VE"},{"CARRID":"SR","MEALNUMBER":4,"MEALTYPE":"VE"},{"CARRID":"SR","MEALNUMBER":5,"MEALTYPE":"FL"},{"CARRID":"SR","MEALNUMBER":6,"MEALTYPE":"FL"},{"CARRID":"SR","MEALNUMBER":7,"MEALTYPE":"FL"},{"CARRID":"SR","MEALNUMBER":8,"MEALTYPE":"FL"},{"CARRID":"SR","MEALNUMBER":9,"MEALTYPE":"FL"},{"CARRID":"SR","MEALNUMBER":10,"MEALTYPE":"FL"},{"CARRID":"SR","MEALNUMBER":11,"MEALTYPE":"FL"},{"CARRID":"SR","MEALNUMBER":12,"MEALTYPE":"FL"},{"CARRID":"SR","MEALNUMBER":13,"MEALTYPE":"FL"},{"CARRID":"SR","MEALNUMBER":14,"MEALTYPE":"FL"},{"CARRID":"SR","MEALNUMBER":15,"MEALTYPE":"FL"},{"CARRID":"SR","MEALNUMBER":16,"MEALTYPE":"FI"},{"CARRID":"SR","MEALNUMBER":17,"MEALTYPE":"FI"},{"CARRID":"SR","MEALNUMBER":18,"MEALTYPE":"FI"},{"CARRID":"SR","MEALNUMBER":19,"MEALTYPE":"FI"},{"CARRID":"SR","MEALNUMBER":20,"MEALTYPE":"FI"},{"CARRID":"SR","MEALNUMBER":21,"MEALTYPE":"FI"},{"CARRID":"SR","MEALNUMBER":22,"MEALTYPE":"FI"},{"CARRID":"SR","MEALNUMBER":23,"MEALTYPE":"VE"},{"CARRID":"SR","MEALNUMBER":24,"MEALTYPE":"VE"},{"CARRID":"SR","MEALNUMBER":25,"MEALTYPE":"VE"},{"CARRID":"SR","MEALNUMBER":26,"MEALTYPE":"VE"},{"CARRID":"SR","MEALNUMBER":27,"MEALTYPE":"VE"},{"CARRID":"SR","MEALNUMBER":28,"MEALTYPE":"VE"},{"CARRID":"SR","MEALNUMBER":29,"MEALTYPE":"VE"},{"CARRID":"UA","MEALNUMBER":1,"MEALTYPE":"VE"},{"CARRID":"UA","MEALNUMBER":2,"MEALTYPE":"VE"},{"CARRID":"UA","MEALNUMBER":3,"MEALTYPE":"VE"},{"CARRID":"UA","MEALNUMBER":4,"MEALTYPE":"VE"},{"CARRID":"UA","MEALNUMBER":5,"MEALTYPE":"FL"},{"CARRID":"UA","MEALNUMBER":6,"MEALTYPE":"FL"},{"CARRID":"UA","MEALNUMBER":7,"MEALTYPE":"FL"},{"CARRID":"UA","MEALNUMBER":8,"MEALTYPE":"FL"},{"CARRID":"UA","MEALNUMBER":9,"MEALTYPE":"FL"},{"CARRID":"UA","MEALNUMBER":10,"MEALTYPE":"FL"},{"CARRID":"UA","MEALNUMBER":11,"MEALTYPE":"FL"},{"CARRID":"UA","MEALNUMBER":12,"MEALTYPE":"FL"},{"CARRID":"UA","MEALNUMBER":13,"MEALTYPE":"FL"},{"CARRID":"UA","MEALNUMBER":14,"MEALTYPE":"FL"},{"CARRID":"UA","MEALNUMBER":15,"MEALTYPE":"FL"},{"CARRID":"UA","MEALNUMBER":16,"MEALTYPE":"FI"},{"CARRID":"UA","MEALNUMBER":17,"MEALTYPE":"FI"},{"CARRID":"UA","MEALNUMBER":18,"MEALTYPE":"FI"},{"CARRID":"UA","MEALNUMBER":19,"MEALTYPE":"FI"},{"CARRID":"UA","MEALNUMBER":20,"MEALTYPE":"FI"},{"CARRID":"UA","MEALNUMBER":21,"MEALTYPE":"FI"},{"CARRID":"UA","MEALNUMBER":22,"MEALTYPE":"FI"},{"CARRID":"UA","MEALNUMBER":23,"MEALTYPE":"VE"},{"CARRID":"UA","MEALNUMBER":24,"MEALTYPE":"VE"},{"CARRID":"UA","MEALNUMBER":25,"MEALTYPE":"VE"},{"CARRID":"UA","MEALNUMBER":26,"MEALTYPE":"VE"},{"CARRID":"UA","MEALNUMBER":27,"MEALTYPE":"VE"},{"CARRID":"UA","MEALNUMBER":28,"MEALTYPE":"VE"},{"CARRID":"UA","MEALNUMBER":29,"MEALTYPE":"VE"}]