[{"CITY":"ACAPULCO","COUNTRY":"MX","AIRPORT":"ACA","MASTERCITY":"ACAPULCO"},{"CITY":"ALICE SPRINGS","COUNTRY":"AU","AIRPORT":"ASP","MASTERCITY":"ALICE SPRINGS"},{"CITY":"AMSTERDAM","COUNTRY":"NL","AIRPORT":"RTM","MASTERCITY":"ROTTERDAM"},{"CITY":"ATLANTIC CITY","COUNTRY":"US","AIRPORT":"AIY","MASTERCITY":"ATLANTIC CITY"},{"CITY":"BANGKOK","COUNTRY":"TH","AIRPORT":"BKK","MASTERCITY":"BANGKOK"},{"CITY":"BARCELONA","COUNTRY":"ES","AIRPORT":"MAD","MASTERCITY":"MADRID"},{"CITY":"BASEL","COUNTRY":"CH","AIRPORT":"ZRH","MASTERCITY":"ZURICH"},{"CITY":"BERLIN","COUNTRY":"DE","AIRPORT":"SXF","MASTERCITY":"BERLIN"},{"CITY":"BERLIN","COUNTRY":"DE","AIRPORT":"THF","MASTERCITY":"BERLIN"},{"CITY":"BERLIN","COUNTRY":"DE","AIRPORT":"TXL","MASTERCITY":"BERLIN"},{"CITY":"BOSTON","COUNTRY":"US","AIRPORT":"BOS","MASTERCITY":"BOSTON"},{"CITY":"DENVER","COUNTRY":"US","AIRPORT":"DEN","MASTERCITY":"DENVER"},{"CITY":"EDMONTON","COUNTRY":"CA","AIRPORT":"YEG","MASTERCITY":"EDMONTON"},{"CITY":"EL PASO","COUNTRY":"US","AIRPORT":"ELP","MASTERCITY":"EL PASO"},{"CITY":"FRANKFURT","COUNTRY":"DE","AIRPORT":"FRA","MASTERCITY":"FRANKFURT"},{"CITY":"HAMBURG","COUNTRY":"DE","AIRPORT":"HAM","MASTERCITY":"HAMBURG"},{"CITY":"HARARE","COUNTRY":"ZW","AIRPORT":"HRE","MASTERCITY":"HARARE"},{"CITY":"HIROSHIMA","COUNTRY":"JP","AIRPORT":"HIJ","MASTERCITY":"HIROSHIMA"},{"CITY":"HONGKONG","COUNTRY":"HK","AIRPORT":"HKG","MASTERCITY":"HONGKONG"},{"CITY":"HOUSTON","COUNTRY":"US","AIRPORT":"HOU","MASTERCITY":"HOUSTON"},{"CITY":"JAKARTA","COUNTRY":"ID","AIRPORT":"JKT","MASTERCITY":"JAKARTA"},{"CITY":"JOHANNESBURG","COUNTRY":"ZA","AIRPORT":"GCJ","MASTERCITY":"JOHANNESBURG"},{"CITY":"KANSAS CITY","COUNTRY":"US","AIRPORT":"MCI","MASTERCITY":"KANSAS CITY"},{"CITY":"KUALA LUMPUR","COUNTRY":"MY","AIRPORT":"KUL","MASTERCITY":"KUALA LUMPUR"},{"CITY":"LANZAROTE","COUNTRY":"ES","AIRPORT":"ACE","MASTERCITY":"LANZAROTE"},{"CITY":"LAS VEGAS","COUNTRY":"US","AIRPORT":"LAS","MASTERCITY":"LAS VEGAS"},{"CITY":"LONDON","COUNTRY":"GB","AIRPORT":"LCY","MASTERCITY":"LONDON"},{"CITY":"LONDON","COUNTRY":"GB","AIRPORT":"LGW","MASTERCITY":"LONDON"},{"CITY":"LONDON","COUNTRY":"GB","AIRPORT":"LHR","MASTERCITY":"LONDON"},{"CITY":"LOS ANGELES","COUNTRY":"US","AIRPORT":"LAX","MASTERCITY":"LOS ANGELES"},{"CITY":"MADRID","COUNTRY":"ES","AIRPORT":"MAD","MASTERCITY":"MADRID"},{"CITY":"MIAMI","COUNTRY":"US","AIRPORT":"MIA","MASTERCITY":"MIAMI"},{"CITY":"MOSCOW","COUNTRY":"RU","AIRPORT":"SVO","MASTERCITY":"MOSCOW"},{"CITY":"MOSCOW","COUNTRY":"RU","AIRPORT":"VKO","MASTERCITY":"MOSCOW"},{"CITY":"MUNICH","COUNTRY":"DE","AIRPORT":"MUC","MASTERCITY":"MUNICH"},{"CITY":"NASHVILLE","COUNTRY":"US","AIRPORT":"BNA","MASTERCITY":"NASHVILLE"},{"CITY":"NASSAU","COUNTRY":"BS","AIRPORT":"PID","MASTERCITY":"NASSAU"},{"CITY":"NEW YORK","COUNTRY":"US","AIRPORT":"EWR","MASTERCITY":"NEW YORK"},{"CITY":"NEW YORK","COUNTRY":"US","AIRPORT":"JFK","MASTERCITY":"NEW YORK"},{"CITY":"OSAKA","COUNTRY":"JP","AIRPORT":"ITM","MASTERCITY":"OSAKA"},{"CITY":"OSAKA","COUNTRY":"JP","AIRPORT":"KIX","MASTERCITY":"OSAKA"},{"CITY":"OTTAWA","COUNTRY":"CA","AIRPORT":"YOW","MASTERCITY":"OTTAWA"},{"CITY":"PARIS","COUNTRY":"FR","AIRPORT":"CDG","MASTERCITY":"PARIS"},{"CITY":"PARIS","COUNTRY":"FR","AIRPORT":"ORY","MASTERCITY":"PARIS"},{"CITY":"RIO DE JANEIRO","COUNTRY":"BR","AIRPORT":"GIG","MASTERCITY":"RIO DE JANEIRO"},{"CITY":"ROME","COUNTRY":"IT","AIRPORT":"FCO","MASTERCITY":"ROME"},{"CITY":"ROTTERDAM","COUNTRY":"NL","AIRPORT":"RTM","MASTERCITY":"ROTTERDAM"},{"CITY":"SAN FRANCISCO","COUNTRY":"US","AIRPORT":"SFO","MASTERCITY":"SAN FRANCISCO"},{"CITY":"SEOUL","COUNTRY":"KP","AIRPORT":"SEL","MASTERCITY":"SEOUL"},{"CITY":"SINGAPORE","COUNTRY":"SG","AIRPORT":"SIN","MASTERCITY":"SINGAPORE"},{"CITY":"STOCKHOLM","COUNTRY":"SE","AIRPORT":"STO","MASTERCITY":"STOCKHOLM"},{"CITY":"TOKYO","COUNTRY":"JP","AIRPORT":"NRT","MASTERCITY":"TOKYO"},{"CITY":"TOKYO","COUNTRY":"JP","AIRPORT":"TYO","MASTERCITY":"TOKYO"},{"CITY":"VENICE","COUNTRY":"IT","AIRPORT":"VCE","MASTERCITY":"VENICE"},{"CITY":"VIENNA","COUNTRY":"AT","AIRPORT":"VIE","MASTERCITY":"VIENNA"},{"CITY":"WALLDORF","COUNTRY":"DE","AIRPORT":"FRA","MASTERCITY":"FRANKFURT"},{"CITY":"WALLDORF","COUNTRY":"DE","AIRPORT":"MUC","MASTERCITY":"MUNICH"}]