[{"CARRID":"AA","MEALNUMBER":8},{"CARRID":"AA","MEALNUMBER":9},{"CARRID":"AA","MEALNUMBER":10},{"CARRID":"AA","MEALNUMBER":11},{"CARRID":"AA","MEALNUMBER":12},{"CARRID":"AA","MEALNUMBER":13},{"CARRID":"AA","MEALNUMBER":14},{"CARRID":"AA","MEALNUMBER":15},{"CARRID":"AA","MEALNUMBER":16},{"CARRID":"AA","MEALNUMBER":17},{"CARRID":"AA","MEALNUMBER":18},{"CARRID":"AA","MEALNUMBER":19},{"CARRID":"AA","MEALNUMBER":20},{"CARRID":"AA","MEALNUMBER":21},{"CARRID":"AA","MEALNUMBER":22},{"CARRID":"AB","MEALNUMBER":8},{"CARRID":"AB","MEALNUMBER":9},{"CARRID":"AB","MEALNUMBER":10},{"CARRID":"AB","MEALNUMBER":11},{"CARRID":"AB","MEALNUMBER":12},{"CARRID":"AB","MEALNUMBER":13},{"CARRID":"AB","MEALNUMBER":14},{"CARRID":"AB","MEALNUMBER":15},{"CARRID":"AB","MEALNUMBER":16},{"CARRID":"AB","MEALNUMBER":17},{"CARRID":"AB","MEALNUMBER":18},{"CARRID":"AB","MEALNUMBER":19},{"CARRID":"AB","MEALNUMBER":20},{"CARRID":"AB","MEALNUMBER":21},{"CARRID":"AB","MEALNUMBER":22},{"CARRID":"AC","MEALNUMBER":8},{"CARRID":"AC","MEALNUMBER":9},{"CARRID":"AC","MEALNUMBER":10},{"CARRID":"AC","MEALNUMBER":11},{"CARRID":"AC","MEALNUMBER":12},{"CARRID":"AC","MEALNUMBER":13},{"CARRID":"AC","MEALNUMBER":14},{"CARRID":"AC","MEALNUMBER":15},{"CARRID":"AC","MEALNUMBER":16},{"CARRID":"AC","MEALNUMBER":17},{"CARRID":"AC","MEALNUMBER":18},{"CARRID":"AC","MEALNUMBER":19},{"CARRID":"AC","MEALNUMBER":20},{"CARRID":"AC","MEALNUMBER":21},{"CARRID":"AC","MEALNUMBER":22},{"CARRID":"AF","MEALNUMBER":8},{"CARRID":"AF","MEALNUMBER":9},{"CARRID":"AF","MEALNUMBER":10},{"CARRID":"AF","MEALNUMBER":11},{"CARRID":"AF","MEALNUMBER":12},{"CARRID":"AF","MEALNUMBER":13},{"CARRID":"AF","MEALNUMBER":14},{"CARRID":"AF","MEALNUMBER":15},{"CARRID":"AF","MEALNUMBER":16},{"CARRID":"AF","MEALNUMBER":17},{"CARRID":"AF","MEALNUMBER":18},{"CARRID":"AF","MEALNUMBER":19},{"CARRID":"AF","MEALNUMBER":20},{"CARRID":"AF","MEALNUMBER":21},{"CARRID":"AF","MEALNUMBER":22},{"CARRID":"AZ","MEALNUMBER":8},{"CARRID":"AZ","MEALNUMBER":9},{"CARRID":"AZ","MEALNUMBER":10},{"CARRID":"AZ","MEALNUMBER":11},{"CARRID":"AZ","MEALNUMBER":12},{"CARRID":"AZ","MEALNUMBER":13},{"CARRID":"AZ","MEALNUMBER":14},{"CARRID":"AZ","MEALNUMBER":15},{"CARRID":"AZ","MEALNUMBER":16},{"CARRID":"AZ","MEALNUMBER":17},{"CARRID":"AZ","MEALNUMBER":18},{"CARRID":"AZ","MEALNUMBER":19},{"CARRID":"AZ","MEALNUMBER":20},{"CARRID":"AZ","MEALNUMBER":21},{"CARRID":"AZ","MEALNUMBER":22},{"CARRID":"BA","MEALNUMBER":8},{"CARRID":"BA","MEALNUMBER":9},{"CARRID":"BA","MEALNUMBER":10},{"CARRID":"BA","MEALNUMBER":11},{"CARRID":"BA","MEALNUMBER":12},{"CARRID":"BA","MEALNUMBER":13},{"CARRID":"BA","MEALNUMBER":14},{"CARRID":"BA","MEALNUMBER":15},{"CARRID":"BA","MEALNUMBER":16},{"CARRID":"BA","MEALNUMBER":17},{"CARRID":"BA","MEALNUMBER":18},{"CARRID":"BA","MEALNUMBER":19},{"CARRID":"BA","MEALNUMBER":20},{"CARRID":"BA","MEALNUMBER":21},{"CARRID":"BA","MEALNUMBER":22},{"CARRID":"CO","MEALNUMBER":8},{"CARRID":"CO","MEALNUMBER":9},{"CARRID":"CO","MEALNUMBER":10},{"CARRID":"CO","MEALNUMBER":11},{"CARRID":"CO","MEALNUMBER":12},{"CARRID":"CO","MEALNUMBER":13},{"CARRID":"CO","MEALNUMBER":14},{"CARRID":"CO","MEALNUMBER":15},{"CARRID":"CO","MEALNUMBER":16},{"CARRID":"CO","MEALNUMBER":17},{"CARRID":"CO","MEALNUMBER":18},{"CARRID":"CO","MEALNUMBER":19},{"CARRID":"CO","MEALNUMBER":20},{"CARRID":"CO","MEALNUMBER":21},{"CARRID":"CO","MEALNUMBER":22},{"CARRID":"DL","MEALNUMBER":8},{"CARRID":"DL","MEALNUMBER":9},{"CARRID":"DL","MEALNUMBER":10},{"CARRID":"DL","MEALNUMBER":11},{"CARRID":"DL","MEALNUMBER":12},{"CARRID":"DL","MEALNUMBER":13},{"CARRID":"DL","MEALNUMBER":14},{"CARRID":"DL","MEALNUMBER":15},{"CARRID":"DL","MEALNUMBER":16},{"CARRID":"DL","MEALNUMBER":17},{"CARRID":"DL","MEALNUMBER":18},{"CARRID":"DL","MEALNUMBER":19},{"CARRID":"DL","MEALNUMBER":20},{"CARRID":"DL","MEALNUMBER":21},{"CARRID":"DL","MEALNUMBER":22},{"CARRID":"FJ","MEALNUMBER":8},{"CARRID":"FJ","MEALNUMBER":9},{"CARRID":"FJ","MEALNUMBER":10},{"CARRID":"FJ","MEALNUMBER":11},{"CARRID":"FJ","MEALNUMBER":12},{"CARRID":"FJ","MEALNUMBER":13},{"CARRID":"FJ","MEALNUMBER":14},{"CARRID":"FJ","MEALNUMBER":15},{"CARRID":"FJ","MEALNUMBER":16},{"CARRID":"FJ","MEALNUMBER":17},{"CARRID":"FJ","MEALNUMBER":18},{"CARRID":"FJ","MEALNUMBER":19},{"CARRID":"FJ","MEALNUMBER":20},{"CARRID":"FJ","MEALNUMBER":21},{"CARRID":"FJ","MEALNUMBER":22},{"CARRID":"JL","MEALNUMBER":8},{"CARRID":"JL","MEALNUMBER":9},{"CARRID":"JL","MEALNUMBER":10},{"CARRID":"JL","MEALNUMBER":11},{"CARRID":"JL","MEALNUMBER":12},{"CARRID":"JL","MEALNUMBER":13},{"CARRID":"JL","MEALNUMBER":14},{"CARRID":"JL","MEALNUMBER":15},{"CARRID":"JL","MEALNUMBER":16},{"CARRID":"JL","MEALNUMBER":17},{"CARRID":"JL","MEALNUMBER":18},{"CARRID":"JL","MEALNUMBER":19},{"CARRID":"JL","MEALNUMBER":20},{"CARRID":"JL","MEALNUMBER":21},{"CARRID":"JL","MEALNUMBER":22},{"CARRID":"LH","MEALNUMBER":8},{"CARRID":"LH","MEALNUMBER":9},{"CARRID":"LH","MEALNUMBER":10},{"CARRID":"LH","MEALNUMBER":11},{"CARRID":"LH","MEALNUMBER":12},{"CARRID":"LH","MEALNUMBER":13},{"CARRID":"LH","MEALNUMBER":14},{"CARRID":"LH","MEALNUMBER":15},{"CARRID":"LH","MEALNUMBER":16},{"CARRID":"LH","MEALNUMBER":17},{"CARRID":"LH","MEALNUMBER":18},{"CARRID":"LH","MEALNUMBER":19},{"CARRID":"LH","MEALNUMBER":20},{"CARRID":"LH","MEALNUMBER":21},{"CARRID":"LH","MEALNUMBER":22},{"CARRID":"NG","MEALNUMBER":8},{"CARRID":"NG","MEALNUMBER":9},{"CARRID":"NG","MEALNUMBER":10},{"CARRID":"NG","MEALNUMBER":11},{"CARRID":"NG","MEALNUMBER":12},{"CARRID":"NG","MEALNUMBER":13},{"CARRID":"NG","MEALNUMBER":14},{"CARRID":"NG","MEALNUMBER":15},{"CARRID":"NG","MEALNUMBER":16},{"CARRID":"NG","MEALNUMBER":17},{"CARRID":"NG","MEALNUMBER":18},{"CARRID":"NG","MEALNUMBER":19},{"CARRID":"NG","MEALNUMBER":20},{"CARRID":"NG","MEALNUMBER":21},{"CARRID":"NG","MEALNUMBER":22},{"CARRID":"NW","MEALNUMBER":8},{"CARRID":"NW","MEALNUMBER":9},{"CARRID":"NW","MEALNUMBER":10},{"CARRID":"NW","MEALNUMBER":11},{"CARRID":"NW","MEALNUMBER":12},{"CARRID":"NW","MEALNUMBER":13},{"CARRID":"NW","MEALNUMBER":14},{"CARRID":"NW","MEALNUMBER":15},{"CARRID":"NW","MEALNUMBER":16},{"CARRID":"NW","MEALNUMBER":17},{"CARRID":"NW","MEALNUMBER":18},{"CARRID":"NW","MEALNUMBER":19},{"CARRID":"NW","MEALNUMBER":20},{"CARRID":"NW","MEALNUMBER":21},{"CARRID":"NW","MEALNUMBER":22},{"CARRID":"QF","MEALNUMBER":8},{"CARRID":"QF","MEALNUMBER":9},{"CARRID":"QF","MEALNUMBER":10},{"CARRID":"QF","MEALNUMBER":11},{"CARRID":"QF","MEALNUMBER":12},{"CARRID":"QF","MEALNUMBER":13},{"CARRID":"QF","MEALNUMBER":14},{"CARRID":"QF","MEALNUMBER":15},{"CARRID":"QF","MEALNUMBER":16},{"CARRID":"QF","MEALNUMBER":17},{"CARRID":"QF","MEALNUMBER":18},{"CARRID":"QF","MEALNUMBER":19},{"CARRID":"QF","MEALNUMBER":20},{"CARRID":"QF","MEALNUMBER":21},{"CARRID":"QF","MEALNUMBER":22},{"CARRID":"SA","MEALNUMBER":8},{"CARRID":"SA","MEALNUMBER":9},{"CARRID":"SA","MEALNUMBER":10},{"CARRID":"SA","MEALNUMBER":11},{"CARRID":"SA","MEALNUMBER":12},{"CARRID":"SA","MEALNUMBER":13},{"CARRID":"SA","MEALNUMBER":14},{"CARRID":"SA","MEALNUMBER":15},{"CARRID":"SA","MEALNUMBER":16},{"CARRID":"SA","MEALNUMBER":17},{"CARRID":"SA","MEALNUMBER":18},{"CARRID":"SA","MEALNUMBER":19},{"CARRID":"SA","MEALNUMBER":20},{"CARRID":"SA","MEALNUMBER":21},{"CARRID":"SA","MEALNUMBER":22},{"CARRID":"SQ","MEALNUMBER":8},{"CARRID":"SQ","MEALNUMBER":9},{"CARRID":"SQ","MEALNUMBER":10},{"CARRID":"SQ","MEALNUMBER":11},{"CARRID":"SQ","MEALNUMBER":12},{"CARRID":"SQ","MEALNUMBER":13},{"CARRID":"SQ","MEALNUMBER":14},{"CARRID":"SQ","MEALNUMBER":15},{"CARRID":"SQ","MEALNUMBER":16},{"CARRID":"SQ","MEALNUMBER":17},{"CARRID":"SQ","MEALNUMBER":18},{"CARRID":"SQ","MEALNUMBER":19},{"CARRID":"SQ","MEALNUMBER":20},{"CARRID":"SQ","MEALNUMBER":21},{"CARRID":"SQ","MEALNUMBER":22},{"CARRID":"SR","MEALNUMBER":8},{"CARRID":"SR","MEALNUMBER":9},{"CARRID":"SR","MEALNUMBER":10},{"CARRID":"SR","MEALNUMBER":11},{"CARRID":"SR","MEALNUMBER":12},{"CARRID":"SR","MEALNUMBER":13},{"CARRID":"SR","MEALNUMBER":14},{"CARRID":"SR","MEALNUMBER":15},{"CARRID":"SR","MEALNUMBER":16},{"CARRID":"SR","MEALNUMBER":17},{"CARRID":"SR","MEALNUMBER":18},{"CARRID":"SR","MEALNUMBER":19},{"CARRID":"SR","MEALNUMBER":20},{"CARRID":"SR","MEALNUMBER":21},{"CARRID":"SR","MEALNUMBER":22},{"CARRID":"UA","MEALNUMBER":8},{"CARRID":"UA","MEALNUMBER":9},{"CARRID":"UA","MEALNUMBER":10},{"CARRID":"UA","MEALNUMBER":11},{"CARRID":"UA","MEALNUMBER":12},{"CARRID":"UA","MEALNUMBER":13},{"CARRID":"UA","MEALNUMBER":14},{"CARRID":"UA","MEALNUMBER":15},{"CARRID":"UA","MEALNUMBER":16},{"CARRID":"UA","MEALNUMBER":17},{"CARRID":"UA","MEALNUMBER":18},{"CARRID":"UA","MEALNUMBER":19},{"CARRID":"UA","MEALNUMBER":20},{"CARRID":"UA","MEALNUMBER":21},{"CARRID":"UA","MEALNUMBER":22}]