[{"CARRID":"AA","PLANETYPE":"747-400","SNUMBER":5},{"CARRID":"AA","PLANETYPE":"A340-600","SNUMBER":6},{"CARRID":"AZ","PLANETYPE":"747-400","SNUMBER":4},{"CARRID":"AZ","PLANETYPE":"A319-100","SNUMBER":2},{"CARRID":"AZ","PLANETYPE":"A380-800","SNUMBER":9},{"CARRID":"DL","PLANETYPE":"767-200","SNUMBER":3},{"CARRID":"DL","PLANETYPE":"A340-600","SNUMBER":4},{"CARRID":"DL","PLANETYPE":"A380-800","SNUMBER":1},{"CARRID":"JL","PLANETYPE":"747-400","SNUMBER":3},{"CARRID":"JL","PLANETYPE":"A380-800","SNUMBER":6},{"CARRID":"LH","PLANETYPE":"727-200","SNUMBER":15},{"CARRID":"LH","PLANETYPE":"747-200F","SNUMBER":12},{"CARRID":"LH","PLANETYPE":"747-400","SNUMBER":3},{"CARRID":"LH","PLANETYPE":"757F","SNUMBER":17},{"CARRID":"LH","PLANETYPE":"767-200","SNUMBER":7},{"CARRID":"LH","PLANETYPE":"767-300","SNUMBER":3},{"CARRID":"LH","PLANETYPE":"A310-200","SNUMBER":5},{"CARRID":"LH","PLANETYPE":"A310-300","SNUMBER":7},{"CARRID":"LH","PLANETYPE":"A320-200","SNUMBER":3},{"CARRID":"LH","PLANETYPE":"A330-300","SNUMBER":10},{"CARRID":"LH","PLANETYPE":"A340-600","SNUMBER":5},{"CARRID":"LH","PLANETYPE":"A380-800","SNUMBER":10},{"CARRID":"QF","PLANETYPE":"767-200","SNUMBER":1},{"CARRID":"QF","PLANETYPE":"A340-600","SNUMBER":6},{"CARRID":"SQ","PLANETYPE":"A320-200","SNUMBER":4},{"CARRID":"SQ","PLANETYPE":"A340-600","SNUMBER":2},{"CARRID":"SQ","PLANETYPE":"A380-800","SNUMBER":8},{"CARRID":"UA","PLANETYPE":"747-400","SNUMBER":3},{"CARRID":"UA","PLANETYPE":"767-200","SNUMBER":3},{"CARRID":"UA","PLANETYPE":"A380-800","SNUMBER":5}]