[{"CARRID":"AA","CONNID":17,"FLDATE":"2021-01-07","PRICE":338.35,"CURRENCY":"USD","PLANETYPE":"747-400","SEATSMAX":385,"SEATSOCC":375,"PAYMENTSUM":193063.87,"SEATSMAX_B":31,"SEATSOCC_B":31,"SEATSMAX_F":21,"SEATSOCC_F":19},{"CARRID":"AA","CONNID":17,"FLDATE":"2021-02-08","PRICE":338.35,"CURRENCY":"USD","PLANETYPE":"747-400","SEATSMAX":385,"SEATSOCC":372,"PAYMENTSUM":193059.62,"SEATSMAX_B":31,"SEATSOCC_B":30,"SEATSMAX_F":21,"SEATSOCC_F":20},{"CARRID":"AA","CONNID":17,"FLDATE":"2021-03-12","PRICE":216.54,"CURRENCY":"USD","PLANETYPE":"747-400","SEATSMAX":385,"SEATSOCC":371,"PAYMENTSUM":192949.67,"SEATSMAX_B":31,"SEATSOCC_B":29,"SEATSMAX_F":21,"SEATSOCC_F":21},{"CARRID":"AA","CONNID":17,"FLDATE":"2021-04-13","PRICE":338.35,"CURRENCY":"USD","PLANETYPE":"747-400","SEATSMAX":385,"SEATSOCC":371,"PAYMENTSUM":192839.72,"SEATSMAX_B":31,"SEATSOCC_B":30,"SEATSMAX_F":21,"SEATSOCC_F":20},{"CARRID":"AA","CONNID":17,"FLDATE":"2021-05-15","PRICE":338.35,"CURRENCY":"USD","PLANETYPE":"747-400","SEATSMAX":385,"SEATSOCC":373,"PAYMENTSUM":196117.39,"SEATSMAX_B":31,"SEATSOCC_B":31,"SEATSMAX_F":21,"SEATSOCC_F":21},{"CARRID":"AA","CONNID":17,"FLDATE":"2021-06-16","PRICE":338.35,"CURRENCY":"USD","PLANETYPE":"747-400","SEATSMAX":385,"SEATSOCC":367,"PAYMENTSUM":189862.24,"SEATSMAX_B":31,"SEATSOCC_B":30,"SEATSMAX_F":21,"SEATSOCC_F":19},{"CARRID":"AA","CONNID":17,"FLDATE":"2021-07-18","PRICE":338.35,"CURRENCY":"USD","PLANETYPE":"747-400","SEATSMAX":385,"SEATSOCC":366,"PAYMENTSUM":192336.41,"SEATSMAX_B":31,"SEATSOCC_B":31,"SEATSMAX_F":21,"SEATSOCC_F":21},{"CARRID":"AA","CONNID":17,"FLDATE":"2021-08-19","PRICE":338.35,"CURRENCY":"USD","PLANETYPE":"747-400","SEATSMAX":385,"SEATSOCC":374,"PAYMENTSUM":192839.75,"SEATSMAX_B":31,"SEATSOCC_B":29,"SEATSMAX_F":21,"SEATSOCC_F":20},{"CARRID":"AA","CONNID":17,"FLDATE":"2021-09-20","PRICE":338.35,"CURRENCY":"USD","PLANETYPE":"747-400","SEATSMAX":385,"SEATSOCC":168,"PAYMENTSUM":88259.23,"SEATSMAX_B":31,"SEATSOCC_B":14,"SEATSMAX_F":21,"SEATSOCC_F":10},{"CARRID":"AA","CONNID":17,"FLDATE":"2021-10-22","PRICE":338.35,"CURRENCY":"USD","PLANETYPE":"747-400","SEATSMAX":385,"SEATSOCC":138,"PAYMENTSUM":69726.01,"SEATSMAX_B":31,"SEATSOCC_B":10,"SEATSMAX_F":21,"SEATSOCC_F":7},{"CARRID":"AA","CONNID":17,"FLDATE":"2021-11-23","PRICE":338.35,"CURRENCY":"USD","PLANETYPE":"747-400","SEATSMAX":385,"SEATSOCC":21,"PAYMENTSUM":9761.47,"SEATSMAX_B":31,"SEATSOCC_B":2,"SEATSMAX_F":21},{"CARRID":"AA","CONNID":17,"FLDATE":"2021-12-25","PRICE":338.35,"CURRENCY":"USD","PLANETYPE":"747-400","SEATSMAX":385,"SEATSOCC":88,"PAYMENTSUM":45825.60,"SEATSMAX_B":31,"SEATSOCC_B":7,"SEATSMAX_F":21,"SEATSOCC_F":5},{"CARRID":"AA","CONNID":17,"FLDATE":"2022-01-26","PRICE":338.35,"CURRENCY":"USD","PLANETYPE":"747-400","SEATSMAX":385,"SEATSOCC":20,"PAYMENTSUM":9867.20,"SEATSMAX_B":31,"SEATSOCC_B":1,"SEATSMAX_F":21,"SEATSOCC_F":1},{"CARRID":"AA","CONNID":64,"FLDATE":"2021-01-09","PRICE":338.35,"CURRENCY":"USD","PLANETYPE":"A340-600","SEATSMAX":330,"SEATSOCC":319,"PAYMENTSUM":172170.52,"SEATSMAX_B":30,"SEATSOCC_B":30,"SEATSMAX_F":20,"SEATSOCC_F":20},{"CARRID":"AA","CONNID":64,"FLDATE":"2021-02-10","PRICE":338.35,"CURRENCY":"USD","PLANETYPE":"A340-600","SEATSMAX":330,"SEATSOCC":319,"PAYMENTSUM":169442.74,"SEATSMAX_B":30,"SEATSOCC_B":29,"SEATSMAX_F":20,"SEATSOCC_F":19},{"CARRID":"AA","CONNID":64,"FLDATE":"2021-03-14","PRICE":338.35,"CURRENCY":"USD","PLANETYPE":"A340-600","SEATSMAX":330,"SEATSOCC":311,"PAYMENTSUM":165712.33,"SEATSMAX_B":30,"SEATSOCC_B":27,"SEATSMAX_F":20,"SEATSOCC_F":20},{"CARRID":"AA","CONNID":64,"FLDATE":"2021-04-15","PRICE":338.35,"CURRENCY":"USD","PLANETYPE":"A340-600","SEATSMAX":330,"SEATSOCC":320,"PAYMENTSUM":173549.29,"SEATSMAX_B":30,"SEATSOCC_B":30,"SEATSMAX_F":20,"SEATSOCC_F":20},{"CARRID":"AA","CONNID":64,"FLDATE":"2021-05-17","PRICE":338.35,"CURRENCY":"USD","PLANETYPE":"A340-600","SEATSMAX":330,"SEATSOCC":318,"PAYMENTSUM":170309.56,"SEATSMAX_B":30,"SEATSOCC_B":28,"SEATSMAX_F":20,"SEATSOCC_F":20},{"CARRID":"AA","CONNID":64,"FLDATE":"2021-06-18","PRICE":338.35,"CURRENCY":"USD","PLANETYPE":"A340-600","SEATSMAX":330,"SEATSOCC":319,"PAYMENTSUM":171908.38,"SEATSMAX_B":30,"SEATSOCC_B":29,"SEATSMAX_F":20,"SEATSOCC_F":20},{"CARRID":"AA","CONNID":64,"FLDATE":"2021-07-20","PRICE":338.35,"CURRENCY":"USD","PLANETYPE":"A340-600","SEATSMAX":330,"SEATSOCC":318,"PAYMENTSUM":171870.39,"SEATSMAX_B":30,"SEATSOCC_B":30,"SEATSMAX_F":20,"SEATSOCC_F":20},{"CARRID":"AA","CONNID":64,"FLDATE":"2021-08-21","PRICE":338.35,"CURRENCY":"USD","PLANETYPE":"A340-600","SEATSMAX":330,"SEATSOCC":318,"PAYMENTSUM":169785.15,"SEATSMAX_B":30,"SEATSOCC_B":29,"SEATSMAX_F":20,"SEATSOCC_F":19},{"CARRID":"AA","CONNID":64,"FLDATE":"2021-09-22","PRICE":338.35,"CURRENCY":"USD","PLANETYPE":"A340-600","SEATSMAX":330,"SEATSOCC":167,"PAYMENTSUM":90251.27,"SEATSMAX_B":30,"SEATSOCC_B":16,"SEATSMAX_F":20,"SEATSOCC_F":10},{"CARRID":"AA","CONNID":64,"FLDATE":"2021-10-24","PRICE":338.35,"CURRENCY":"USD","PLANETYPE":"A340-600","SEATSMAX":330,"SEATSOCC":114,"PAYMENTSUM":61093.78,"SEATSMAX_B":30,"SEATSOCC_B":11,"SEATSMAX_F":20,"SEATSOCC_F":7},{"CARRID":"AA","CONNID":64,"FLDATE":"2021-11-25","PRICE":338.35,"CURRENCY":"USD","PLANETYPE":"A340-600","SEATSMAX":330,"SEATSOCC":58,"PAYMENTSUM":31538.65,"SEATSMAX_B":30,"SEATSOCC_B":5,"SEATSMAX_F":20,"SEATSOCC_F":4},{"CARRID":"AA","CONNID":64,"FLDATE":"2021-12-27","PRICE":338.35,"CURRENCY":"USD","PLANETYPE":"A340-600","SEATSMAX":330,"SEATSOCC":35,"PAYMENTSUM":18545.94,"SEATSMAX_B":30,"SEATSOCC_B":3,"SEATSMAX_F":20,"SEATSOCC_F":2},{"CARRID":"AA","CONNID":64,"FLDATE":"2022-01-28","PRICE":338.35,"CURRENCY":"USD","PLANETYPE":"A340-600","SEATSMAX":330,"SEATSOCC":21,"PAYMENTSUM":10954.18,"SEATSMAX_B":30,"SEATSOCC_B":2,"SEATSMAX_F":20,"SEATSOCC_F":1},{"CARRID":"AZ","CONNID":555,"FLDATE":"2021-01-07","PRICE":185.00,"CURRENCY":"EUR","PLANETYPE":"A319-100","SEATSMAX":120,"SEATSOCC":115,"PAYMENTSUM":26233.00,"SEATSMAX_B":8,"SEATSOCC_B":7,"SEATSMAX_F":8,"SEATSOCC_F":8},{"CARRID":"AZ","CONNID":555,"FLDATE":"2021-02-08","PRICE":185.00,"CURRENCY":"EUR","PLANETYPE":"A319-100","SEATSMAX":120,"SEATSOCC":118,"PAYMENTSUM":26702.90,"SEATSMAX_B":8,"SEATSOCC_B":7,"SEATSMAX_F":8,"SEATSOCC_F":8},{"CARRID":"AZ","CONNID":555,"FLDATE":"2021-03-12","PRICE":185.00,"CURRENCY":"EUR","PLANETYPE":"A319-100","SEATSMAX":120,"SEATSOCC":116,"PAYMENTSUM":25998.05,"SEATSMAX_B":8,"SEATSOCC_B":8,"SEATSMAX_F":8,"SEATSOCC_F":7},{"CARRID":"AZ","CONNID":555,"FLDATE":"2021-04-13","PRICE":185.00,"CURRENCY":"EUR","PLANETYPE":"A319-100","SEATSMAX":120,"SEATSOCC":118,"PAYMENTSUM":25909.25,"SEATSMAX_B":8,"SEATSOCC_B":7,"SEATSMAX_F":8,"SEATSOCC_F":7},{"CARRID":"AZ","CONNID":555,"FLDATE":"2021-05-15","PRICE":185.00,"CURRENCY":"EUR","PLANETYPE":"A319-100","SEATSMAX":120,"SEATSOCC":112,"PAYMENTSUM":26001.75,"SEATSMAX_B":8,"SEATSOCC_B":8,"SEATSMAX_F":8,"SEATSOCC_F":8},{"CARRID":"AZ","CONNID":555,"FLDATE":"2021-06-16","PRICE":185.00,"CURRENCY":"EUR","PLANETYPE":"A319-100","SEATSMAX":120,"SEATSOCC":111,"PAYMENTSUM":25781.60,"SEATSMAX_B":8,"SEATSOCC_B":8,"SEATSMAX_F":8,"SEATSOCC_F":8},{"CARRID":"AZ","CONNID":555,"FLDATE":"2021-07-18","PRICE":185.00,"CURRENCY":"EUR","PLANETYPE":"A319-100","SEATSMAX":120,"SEATSOCC":114,"PAYMENTSUM":26192.30,"SEATSMAX_B":8,"SEATSOCC_B":8,"SEATSMAX_F":8,"SEATSOCC_F":8},{"CARRID":"AZ","CONNID":555,"FLDATE":"2021-08-19","PRICE":185.00,"CURRENCY":"EUR","PLANETYPE":"A319-100","SEATSMAX":120,"SEATSOCC":117,"PAYMENTSUM":26828.70,"SEATSMAX_B":8,"SEATSOCC_B":8,"SEATSMAX_F":8,"SEATSOCC_F":8},{"CARRID":"AZ","CONNID":555,"FLDATE":"2021-09-20","PRICE":185.00,"CURRENCY":"EUR","PLANETYPE":"A319-100","SEATSMAX":120,"SEATSOCC":75,"PAYMENTSUM":17240.15,"SEATSMAX_B":8,"SEATSOCC_B":5,"SEATSMAX_F":8,"SEATSOCC_F":5},{"CARRID":"AZ","CONNID":555,"FLDATE":"2021-10-22","PRICE":185.00,"CURRENCY":"EUR","PLANETYPE":"A319-100","SEATSMAX":120,"SEATSOCC":8,"PAYMENTSUM":2275.50,"SEATSMAX_B":8,"SEATSOCC_B":1,"SEATSMAX_F":8,"SEATSOCC_F":1},{"CARRID":"AZ","CONNID":555,"FLDATE":"2021-11-23","PRICE":185.00,"CURRENCY":"EUR","PLANETYPE":"A319-100","SEATSMAX":120,"SEATSOCC":27,"PAYMENTSUM":6327.00,"SEATSMAX_B":8,"SEATSOCC_B":2,"SEATSMAX_F":8,"SEATSOCC_F":2},{"CARRID":"AZ","CONNID":555,"FLDATE":"2021-12-25","PRICE":185.00,"CURRENCY":"EUR","PLANETYPE":"A319-100","SEATSMAX":120,"SEATSMAX_B":8,"SEATSMAX_F":8},{"CARRID":"AZ","CONNID":555,"FLDATE":"2022-01-26","PRICE":185.00,"CURRENCY":"EUR","PLANETYPE":"A319-100","SEATSMAX":120,"SEATSOCC":14,"PAYMENTSUM":3256.00,"SEATSMAX_B":8,"SEATSOCC_B":1,"SEATSMAX_F":8,"SEATSOCC_F":1},{"CARRID":"AZ","CONNID":788,"FLDATE":"2021-01-06","PRICE":1030.00,"CURRENCY":"EUR","PLANETYPE":"A380-800","SEATSMAX":475,"SEATSOCC":462,"PAYMENTSUM":552378.70,"SEATSMAX_B":30,"SEATSOCC_B":29,"SEATSMAX_F":20,"SEATSOCC_F":19},{"CARRID":"AZ","CONNID":788,"FLDATE":"2021-02-07","PRICE":1030.00,"CURRENCY":"EUR","PLANETYPE":"A380-800","SEATSMAX":475,"SEATSOCC":456,"PAYMENTSUM":545446.80,"SEATSMAX_B":30,"SEATSOCC_B":27,"SEATSMAX_F":20,"SEATSOCC_F":20},{"CARRID":"AZ","CONNID":788,"FLDATE":"2021-03-11","PRICE":1030.00,"CURRENCY":"EUR","PLANETYPE":"A380-800","SEATSMAX":475,"SEATSOCC":461,"PAYMENTSUM":542593.70,"SEATSMAX_B":30,"SEATSOCC_B":29,"SEATSMAX_F":20,"SEATSOCC_F":18},{"CARRID":"AZ","CONNID":788,"FLDATE":"2021-04-12","PRICE":1030.00,"CURRENCY":"EUR","PLANETYPE":"A380-800","SEATSMAX":475,"SEATSOCC":459,"PAYMENTSUM":548959.10,"SEATSMAX_B":30,"SEATSOCC_B":29,"SEATSMAX_F":20,"SEATSOCC_F":20},{"CARRID":"AZ","CONNID":788,"FLDATE":"2021-05-14","PRICE":1030.00,"CURRENCY":"EUR","PLANETYPE":"A380-800","SEATSMAX":475,"SEATSOCC":459,"PAYMENTSUM":547929.10,"SEATSMAX_B":30,"SEATSOCC_B":29,"SEATSMAX_F":20,"SEATSOCC_F":19},{"CARRID":"AZ","CONNID":788,"FLDATE":"2021-06-15","PRICE":1030.00,"CURRENCY":"EUR","PLANETYPE":"A380-800","SEATSMAX":475,"SEATSOCC":458,"PAYMENTSUM":546435.60,"SEATSMAX_B":30,"SEATSOCC_B":30,"SEATSMAX_F":20,"SEATSOCC_F":19},{"CARRID":"AZ","CONNID":788,"FLDATE":"2021-07-17","PRICE":1030.00,"CURRENCY":"EUR","PLANETYPE":"A380-800","SEATSMAX":475,"SEATSOCC":459,"PAYMENTSUM":554098.80,"SEATSMAX_B":30,"SEATSOCC_B":30,"SEATSMAX_F":20,"SEATSOCC_F":20},{"CARRID":"AZ","CONNID":788,"FLDATE":"2021-08-18","PRICE":1030.00,"CURRENCY":"EUR","PLANETYPE":"A380-800","SEATSMAX":475,"SEATSOCC":460,"PAYMENTSUM":549855.20,"SEATSMAX_B":30,"SEATSOCC_B":28,"SEATSMAX_F":20,"SEATSOCC_F":20},{"CARRID":"AZ","CONNID":788,"FLDATE":"2021-09-19","PRICE":1030.00,"CURRENCY":"EUR","PLANETYPE":"A380-800","SEATSMAX":475,"SEATSOCC":57,"PAYMENTSUM":71255.40,"SEATSMAX_B":30,"SEATSOCC_B":4,"SEATSMAX_F":20,"SEATSOCC_F":3},{"CARRID":"AZ","CONNID":788,"FLDATE":"2021-10-21","PRICE":1030.00,"CURRENCY":"EUR","PLANETYPE":"A380-800","SEATSMAX":475,"SEATSOCC":49,"PAYMENTSUM":57680.00,"SEATSMAX_B":30,"SEATSOCC_B":3,"SEATSMAX_F":20,"SEATSOCC_F":2},{"CARRID":"AZ","CONNID":788,"FLDATE":"2021-11-22","PRICE":1030.00,"CURRENCY":"EUR","PLANETYPE":"A380-800","SEATSMAX":475,"SEATSOCC":100,"PAYMENTSUM":121241.30,"SEATSMAX_B":30,"SEATSOCC_B":7,"SEATSMAX_F":20,"SEATSOCC_F":4},{"CARRID":"AZ","CONNID":788,"FLDATE":"2021-12-24","PRICE":1030.00,"CURRENCY":"EUR","PLANETYPE":"A380-800","SEATSMAX":475,"SEATSOCC":59,"PAYMENTSUM":69308.70,"SEATSMAX_B":30,"SEATSOCC_B":4,"SEATSMAX_F":20,"SEATSOCC_F":2},{"CARRID":"AZ","CONNID":788,"FLDATE":"2022-01-25","PRICE":1030.00,"CURRENCY":"EUR","PLANETYPE":"A380-800","SEATSMAX":475,"SEATSOCC":27,"PAYMENTSUM":32342.00,"SEATSMAX_B":30,"SEATSOCC_B":2,"SEATSMAX_F":20,"SEATSOCC_F":1},{"CARRID":"AZ","CONNID":789,"FLDATE":"2021-01-07","PRICE":1030.00,"CURRENCY":"EUR","PLANETYPE":"A380-800","SEATSMAX":475,"SEATSOCC":459,"PAYMENTSUM":553717.70,"SEATSMAX_B":30,"SEATSOCC_B":29,"SEATSMAX_F":20,"SEATSOCC_F":20},{"CARRID":"AZ","CONNID":789,"FLDATE":"2021-02-08","PRICE":1030.00,"CURRENCY":"EUR","PLANETYPE":"A380-800","SEATSMAX":475,"SEATSOCC":462,"PAYMENTSUM":548979.70,"SEATSMAX_B":30,"SEATSOCC_B":30,"SEATSMAX_F":20,"SEATSOCC_F":18},{"CARRID":"AZ","CONNID":789,"FLDATE":"2021-03-12","PRICE":1030.00,"CURRENCY":"EUR","PLANETYPE":"A380-800","SEATSMAX":475,"SEATSOCC":461,"PAYMENTSUM":549649.20,"SEATSMAX_B":30,"SEATSOCC_B":27,"SEATSMAX_F":20,"SEATSOCC_F":20},{"CARRID":"AZ","CONNID":789,"FLDATE":"2021-04-13","PRICE":1030.00,"CURRENCY":"EUR","PLANETYPE":"A380-800","SEATSMAX":475,"SEATSOCC":461,"PAYMENTSUM":546342.90,"SEATSMAX_B":30,"SEATSOCC_B":29,"SEATSMAX_F":20,"SEATSOCC_F":18},{"CARRID":"AZ","CONNID":789,"FLDATE":"2021-05-15","PRICE":1030.00,"CURRENCY":"EUR","PLANETYPE":"A380-800","SEATSMAX":475,"SEATSOCC":456,"PAYMENTSUM":549257.80,"SEATSMAX_B":30,"SEATSOCC_B":29,"SEATSMAX_F":20,"SEATSOCC_F":20},{"CARRID":"AZ","CONNID":789,"FLDATE":"2021-06-16","PRICE":1030.00,"CURRENCY":"EUR","PLANETYPE":"A380-800","SEATSMAX":475,"SEATSOCC":457,"PAYMENTSUM":543634.00,"SEATSMAX_B":30,"SEATSOCC_B":29,"SEATSMAX_F":20,"SEATSOCC_F":19},{"CARRID":"AZ","CONNID":789,"FLDATE":"2021-07-18","PRICE":1030.00,"CURRENCY":"EUR","PLANETYPE":"A380-800","SEATSMAX":475,"SEATSOCC":458,"PAYMENTSUM":548279.30,"SEATSMAX_B":30,"SEATSOCC_B":30,"SEATSMAX_F":20,"SEATSOCC_F":19},{"CARRID":"AZ","CONNID":789,"FLDATE":"2021-08-19","PRICE":1030.00,"CURRENCY":"EUR","PLANETYPE":"A380-800","SEATSMAX":475,"SEATSOCC":459,"PAYMENTSUM":548907.60,"SEATSMAX_B":30,"SEATSOCC_B":30,"SEATSMAX_F":20,"SEATSOCC_F":20},{"CARRID":"AZ","CONNID":789,"FLDATE":"2021-09-20","PRICE":1030.00,"CURRENCY":"EUR","PLANETYPE":"A380-800","SEATSMAX":475,"SEATSOCC":183,"PAYMENTSUM":216021.90,"SEATSMAX_B":30,"SEATSOCC_B":12,"SEATSMAX_F":20,"SEATSOCC_F":7},{"CARRID":"AZ","CONNID":789,"FLDATE":"2021-10-22","PRICE":1030.00,"CURRENCY":"EUR","PLANETYPE":"A380-800","SEATSMAX":475,"SEATSOCC":128,"PAYMENTSUM":153294.90,"SEATSMAX_B":30,"SEATSOCC_B":7,"SEATSMAX_F":20,"SEATSOCC_F":6},{"CARRID":"AZ","CONNID":789,"FLDATE":"2021-11-23","PRICE":1030.00,"CURRENCY":"EUR","PLANETYPE":"A380-800","SEATSMAX":475,"SEATSOCC":159,"PAYMENTSUM":189211.00,"SEATSMAX_B":30,"SEATSOCC_B":10,"SEATSMAX_F":20,"SEATSOCC_F":7},{"CARRID":"AZ","CONNID":789,"FLDATE":"2021-12-25","PRICE":1030.00,"CURRENCY":"EUR","PLANETYPE":"A380-800","SEATSMAX":475,"SEATSOCC":16,"PAYMENTSUM":20260.10,"SEATSMAX_B":30,"SEATSOCC_B":1,"SEATSMAX_F":20,"SEATSOCC_F":1},{"CARRID":"AZ","CONNID":789,"FLDATE":"2022-01-26","PRICE":1030.00,"CURRENCY":"EUR","PLANETYPE":"A380-800","SEATSMAX":475,"SEATSOCC":29,"PAYMENTSUM":34196.00,"SEATSMAX_B":30,"SEATSOCC_B":2,"SEATSMAX_F":20,"SEATSOCC_F":1},{"CARRID":"AZ","CONNID":790,"FLDATE":"2021-01-07","PRICE":1014.00,"CURRENCY":"EUR","PLANETYPE":"747-400","SEATSMAX":385,"SEATSOCC":373,"PAYMENTSUM":466267.62,"SEATSMAX_B":31,"SEATSOCC_B":31,"SEATSMAX_F":21,"SEATSOCC_F":21},{"CARRID":"AZ","CONNID":790,"FLDATE":"2021-02-08","PRICE":1014.00,"CURRENCY":"EUR","PLANETYPE":"747-400","SEATSMAX":385,"SEATSOCC":372,"PAYMENTSUM":462039.24,"SEATSMAX_B":31,"SEATSOCC_B":30,"SEATSMAX_F":21,"SEATSOCC_F":20},{"CARRID":"AZ","CONNID":790,"FLDATE":"2021-03-12","PRICE":1014.00,"CURRENCY":"EUR","PLANETYPE":"747-400","SEATSMAX":385,"SEATSOCC":372,"PAYMENTSUM":464685.78,"SEATSMAX_B":31,"SEATSOCC_B":31,"SEATSMAX_F":21,"SEATSOCC_F":21},{"CARRID":"AZ","CONNID":790,"FLDATE":"2021-04-13","PRICE":1014.00,"CURRENCY":"EUR","PLANETYPE":"747-400","SEATSMAX":385,"SEATSOCC":371,"PAYMENTSUM":458044.08,"SEATSMAX_B":31,"SEATSOCC_B":29,"SEATSMAX_F":21,"SEATSOCC_F":20},{"CARRID":"AZ","CONNID":790,"FLDATE":"2021-05-15","PRICE":1014.00,"CURRENCY":"EUR","PLANETYPE":"747-400","SEATSMAX":385,"SEATSOCC":367,"PAYMENTSUM":459919.98,"SEATSMAX_B":31,"SEATSOCC_B":31,"SEATSMAX_F":21,"SEATSOCC_F":20},{"CARRID":"AZ","CONNID":790,"FLDATE":"2021-06-16","PRICE":1014.00,"CURRENCY":"EUR","PLANETYPE":"747-400","SEATSMAX":385,"SEATSOCC":374,"PAYMENTSUM":467372.88,"SEATSMAX_B":31,"SEATSOCC_B":29,"SEATSMAX_F":21,"SEATSOCC_F":21},{"CARRID":"AZ","CONNID":790,"FLDATE":"2021-07-18","PRICE":1014.00,"CURRENCY":"EUR","PLANETYPE":"747-400","SEATSMAX":385,"SEATSOCC":371,"PAYMENTSUM":463053.24,"SEATSMAX_B":31,"SEATSOCC_B":30,"SEATSMAX_F":21,"SEATSOCC_F":20},{"CARRID":"AZ","CONNID":790,"FLDATE":"2021-08-19","PRICE":1014.00,"CURRENCY":"EUR","PLANETYPE":"747-400","SEATSMAX":385,"SEATSOCC":368,"PAYMENTSUM":457455.96,"SEATSMAX_B":31,"SEATSOCC_B":29,"SEATSMAX_F":21,"SEATSOCC_F":20},{"CARRID":"AZ","CONNID":790,"FLDATE":"2021-09-20","PRICE":1014.00,"CURRENCY":"EUR","PLANETYPE":"747-400","SEATSMAX":385,"SEATSOCC":205,"PAYMENTSUM":255264.36,"SEATSMAX_B":31,"SEATSOCC_B":16,"SEATSMAX_F":21,"SEATSOCC_F":12},{"CARRID":"AZ","CONNID":790,"FLDATE":"2021-10-22","PRICE":1014.00,"CURRENCY":"EUR","PLANETYPE":"747-400","SEATSMAX":385,"SEATSOCC":75,"PAYMENTSUM":93703.74,"SEATSMAX_B":31,"SEATSOCC_B":6,"SEATSMAX_F":21,"SEATSOCC_F":4},{"CARRID":"AZ","CONNID":790,"FLDATE":"2021-11-23","PRICE":1014.00,"CURRENCY":"EUR","PLANETYPE":"747-400","SEATSMAX":385,"SEATSOCC":106,"PAYMENTSUM":134202.90,"SEATSMAX_B":31,"SEATSOCC_B":9,"SEATSMAX_F":21,"SEATSOCC_F":6},{"CARRID":"AZ","CONNID":790,"FLDATE":"2021-12-25","PRICE":1014.00,"CURRENCY":"EUR","PLANETYPE":"747-400","SEATSMAX":385,"SEATSOCC":22,"PAYMENTSUM":27276.60,"SEATSMAX_B":31,"SEATSOCC_B":2,"SEATSMAX_F":21,"SEATSOCC_F":1},{"CARRID":"AZ","CONNID":790,"FLDATE":"2022-01-26","PRICE":1014.00,"CURRENCY":"EUR","PLANETYPE":"747-400","SEATSMAX":385,"SEATSOCC":22,"PAYMENTSUM":27580.80,"SEATSMAX_B":31,"SEATSOCC_B":2,"SEATSMAX_F":21,"SEATSOCC_F":1},{"CARRID":"DL","CONNID":106,"FLDATE":"2021-01-05","PRICE":611.01,"CURRENCY":"USD","PLANETYPE":"A340-600","SEATSMAX":330,"SEATSOCC":312,"PAYMENTSUM":241489.80,"SEATSMAX_B":30,"SEATSOCC_B":29,"SEATSMAX_F":20,"SEATSOCC_F":19},{"CARRID":"DL","CONNID":106,"FLDATE":"2021-02-06","PRICE":611.01,"CURRENCY":"USD","PLANETYPE":"A340-600","SEATSMAX":330,"SEATSOCC":318,"PAYMENTSUM":245980.71,"SEATSMAX_B":30,"SEATSOCC_B":29,"SEATSMAX_F":20,"SEATSOCC_F":19},{"CARRID":"DL","CONNID":106,"FLDATE":"2021-03-10","PRICE":611.01,"CURRENCY":"USD","PLANETYPE":"A340-600","SEATSMAX":330,"SEATSOCC":321,"PAYMENTSUM":246017.40,"SEATSMAX_B":30,"SEATSOCC_B":29,"SEATSMAX_F":20,"SEATSOCC_F":19},{"CARRID":"DL","CONNID":106,"FLDATE":"2021-04-11","PRICE":611.01,"CURRENCY":"USD","PLANETYPE":"A340-600","SEATSMAX":330,"SEATSOCC":319,"PAYMENTSUM":244214.95,"SEATSMAX_B":30,"SEATSOCC_B":30,"SEATSMAX_F":20,"SEATSOCC_F":19},{"CARRID":"DL","CONNID":106,"FLDATE":"2021-05-13","PRICE":611.01,"CURRENCY":"USD","PLANETYPE":"A340-600","SEATSMAX":330,"SEATSOCC":318,"PAYMENTSUM":247104.95,"SEATSMAX_B":30,"SEATSOCC_B":29,"SEATSMAX_F":20,"SEATSOCC_F":19},{"CARRID":"DL","CONNID":106,"FLDATE":"2021-06-14","PRICE":611.01,"CURRENCY":"USD","PLANETYPE":"A340-600","SEATSMAX":330,"SEATSOCC":311,"PAYMENTSUM":238587.50,"SEATSMAX_B":30,"SEATSOCC_B":27,"SEATSMAX_F":20,"SEATSOCC_F":19},{"CARRID":"DL","CONNID":106,"FLDATE":"2021-07-16","PRICE":611.01,"CURRENCY":"USD","PLANETYPE":"A340-600","SEATSMAX":330,"SEATSOCC":319,"PAYMENTSUM":245577.48,"SEATSMAX_B":30,"SEATSOCC_B":30,"SEATSMAX_F":20,"SEATSOCC_F":19},{"CARRID":"DL","CONNID":106,"FLDATE":"2021-08-17","PRICE":611.01,"CURRENCY":"USD","PLANETYPE":"A340-600","SEATSMAX":330,"SEATSOCC":311,"PAYMENTSUM":239577.34,"SEATSMAX_B":30,"SEATSOCC_B":28,"SEATSMAX_F":20,"SEATSOCC_F":19},{"CARRID":"DL","CONNID":106,"FLDATE":"2021-09-18","PRICE":611.01,"CURRENCY":"USD","PLANETYPE":"A340-600","SEATSMAX":330,"SEATSOCC":80,"PAYMENTSUM":62219.22,"SEATSMAX_B":30,"SEATSOCC_B":7,"SEATSMAX_F":20,"SEATSOCC_F":5},{"CARRID":"DL","CONNID":106,"FLDATE":"2021-10-20","PRICE":611.01,"CURRENCY":"USD","PLANETYPE":"A340-600","SEATSMAX":330,"SEATSOCC":55,"PAYMENTSUM":41787.03,"SEATSMAX_B":30,"SEATSOCC_B":5,"SEATSMAX_F":20,"SEATSOCC_F":3},{"CARRID":"DL","CONNID":106,"FLDATE":"2021-11-21","PRICE":611.01,"CURRENCY":"USD","PLANETYPE":"A340-600","SEATSMAX":330,"SEATSOCC":57,"PAYMENTSUM":44542.69,"SEATSMAX_B":30,"SEATSOCC_B":5,"SEATSMAX_F":20,"SEATSOCC_F":4},{"CARRID":"DL","CONNID":106,"FLDATE":"2021-12-23","PRICE":611.01,"CURRENCY":"USD","PLANETYPE":"A340-600","SEATSMAX":330,"SEATSMAX_B":30,"SEATSMAX_F":20},{"CARRID":"DL","CONNID":106,"FLDATE":"2022-01-24","PRICE":611.01,"CURRENCY":"USD","PLANETYPE":"A340-600","SEATSMAX":330,"SEATSMAX_B":30,"SEATSMAX_F":20},{"CARRID":"DL","CONNID":1699,"FLDATE":"2021-01-05","PRICE":422.94,"CURRENCY":"USD","PLANETYPE":"767-200","SEATSMAX":260,"SEATSOCC":243,"PAYMENTSUM":122445.46,"SEATSMAX_B":21,"SEATSOCC_B":18,"SEATSMAX_F":11,"SEATSOCC_F":11},{"CARRID":"DL","CONNID":1699,"FLDATE":"2021-02-06","PRICE":422.94,"CURRENCY":"USD","PLANETYPE":"767-200","SEATSMAX":260,"SEATSOCC":252,"PAYMENTSUM":125444.10,"SEATSMAX_B":21,"SEATSOCC_B":19,"SEATSMAX_F":11,"SEATSOCC_F":10},{"CARRID":"DL","CONNID":1699,"FLDATE":"2021-03-10","PRICE":422.94,"CURRENCY":"USD","PLANETYPE":"767-200","SEATSMAX":260,"SEATSOCC":246,"PAYMENTSUM":122496.29,"SEATSMAX_B":21,"SEATSOCC_B":19,"SEATSMAX_F":11,"SEATSOCC_F":10},{"CARRID":"DL","CONNID":1699,"FLDATE":"2021-04-11","PRICE":422.94,"CURRENCY":"USD","PLANETYPE":"767-200","SEATSMAX":260,"SEATSOCC":252,"PAYMENTSUM":125308.91,"SEATSMAX_B":21,"SEATSOCC_B":19,"SEATSMAX_F":11,"SEATSOCC_F":11},{"CARRID":"DL","CONNID":1699,"FLDATE":"2021-05-13","PRICE":422.94,"CURRENCY":"USD","PLANETYPE":"767-200","SEATSMAX":260,"SEATSOCC":250,"PAYMENTSUM":126725.63,"SEATSMAX_B":21,"SEATSOCC_B":20,"SEATSMAX_F":11,"SEATSOCC_F":11},{"CARRID":"DL","CONNID":1699,"FLDATE":"2021-06-14","PRICE":422.94,"CURRENCY":"USD","PLANETYPE":"767-200","SEATSMAX":260,"SEATSOCC":251,"PAYMENTSUM":128108.64,"SEATSMAX_B":21,"SEATSOCC_B":21,"SEATSMAX_F":11,"SEATSOCC_F":11},{"CARRID":"DL","CONNID":1699,"FLDATE":"2021-07-16","PRICE":422.94,"CURRENCY":"USD","PLANETYPE":"767-200","SEATSMAX":260,"SEATSOCC":243,"PAYMENTSUM":122788.01,"SEATSMAX_B":21,"SEATSOCC_B":20,"SEATSMAX_F":11,"SEATSOCC_F":10},{"CARRID":"DL","CONNID":1699,"FLDATE":"2021-08-17","PRICE":422.94,"CURRENCY":"USD","PLANETYPE":"767-200","SEATSMAX":260,"SEATSOCC":252,"PAYMENTSUM":125913.69,"SEATSMAX_B":21,"SEATSOCC_B":21,"SEATSMAX_F":11,"SEATSOCC_F":10},{"CARRID":"DL","CONNID":1699,"FLDATE":"2021-09-18","PRICE":422.94,"CURRENCY":"USD","PLANETYPE":"767-200","SEATSMAX":260,"SEATSOCC":103,"PAYMENTSUM":51632.56,"SEATSMAX_B":21,"SEATSOCC_B":8,"SEATSMAX_F":11,"SEATSOCC_F":4},{"CARRID":"DL","CONNID":1699,"FLDATE":"2021-10-20","PRICE":422.94,"CURRENCY":"USD","PLANETYPE":"767-200","SEATSMAX":260,"SEATSOCC":94,"PAYMENTSUM":46447.38,"SEATSMAX_B":21,"SEATSOCC_B":7,"SEATSMAX_F":11,"SEATSOCC_F":4},{"CARRID":"DL","CONNID":1699,"FLDATE":"2021-11-21","PRICE":422.94,"CURRENCY":"USD","PLANETYPE":"767-200","SEATSMAX":260,"SEATSOCC":93,"PAYMENTSUM":46768.73,"SEATSMAX_B":21,"SEATSOCC_B":7,"SEATSMAX_F":11,"SEATSOCC_F":4},{"CARRID":"DL","CONNID":1699,"FLDATE":"2021-12-23","PRICE":422.94,"CURRENCY":"USD","PLANETYPE":"767-200","SEATSMAX":260,"SEATSOCC":68,"PAYMENTSUM":34901.06,"SEATSMAX_B":21,"SEATSOCC_B":6,"SEATSMAX_F":11,"SEATSOCC_F":3},{"CARRID":"DL","CONNID":1699,"FLDATE":"2022-01-24","PRICE":422.94,"CURRENCY":"USD","PLANETYPE":"767-200","SEATSMAX":260,"SEATSMAX_B":21,"SEATSMAX_F":11},{"CARRID":"DL","CONNID":1984,"FLDATE":"2021-01-05","PRICE":422.94,"CURRENCY":"USD","PLANETYPE":"A380-800","SEATSMAX":475,"SEATSOCC":452,"PAYMENTSUM":219768.34,"SEATSMAX_B":30,"SEATSOCC_B":28,"SEATSMAX_F":20,"SEATSOCC_F":19},{"CARRID":"DL","CONNID":1984,"FLDATE":"2021-02-06","PRICE":422.94,"CURRENCY":"USD","PLANETYPE":"A380-800","SEATSMAX":475,"SEATSOCC":455,"PAYMENTSUM":224471.40,"SEATSMAX_B":30,"SEATSOCC_B":30,"SEATSMAX_F":20,"SEATSOCC_F":19},{"CARRID":"DL","CONNID":1984,"FLDATE":"2021-03-10","PRICE":422.94,"CURRENCY":"USD","PLANETYPE":"A380-800","SEATSMAX":475,"SEATSOCC":459,"PAYMENTSUM":226298.55,"SEATSMAX_B":30,"SEATSOCC_B":30,"SEATSMAX_F":20,"SEATSOCC_F":20},{"CARRID":"DL","CONNID":1984,"FLDATE":"2021-04-11","PRICE":422.94,"CURRENCY":"USD","PLANETYPE":"A380-800","SEATSMAX":475,"SEATSOCC":458,"PAYMENTSUM":224606.76,"SEATSMAX_B":30,"SEATSOCC_B":28,"SEATSMAX_F":20,"SEATSOCC_F":20},{"CARRID":"DL","CONNID":1984,"FLDATE":"2021-05-13","PRICE":422.94,"CURRENCY":"USD","PLANETYPE":"A380-800","SEATSMAX":475,"SEATSOCC":457,"PAYMENTSUM":224056.84,"SEATSMAX_B":30,"SEATSOCC_B":29,"SEATSMAX_F":20,"SEATSOCC_F":19},{"CARRID":"DL","CONNID":1984,"FLDATE":"2021-06-14","PRICE":422.94,"CURRENCY":"USD","PLANETYPE":"A380-800","SEATSMAX":475,"SEATSOCC":461,"PAYMENTSUM":223329.61,"SEATSMAX_B":30,"SEATSOCC_B":28,"SEATSMAX_F":20,"SEATSOCC_F":19},{"CARRID":"DL","CONNID":1984,"FLDATE":"2021-07-16","PRICE":422.94,"CURRENCY":"USD","PLANETYPE":"A380-800","SEATSMAX":475,"SEATSOCC":460,"PAYMENTSUM":224348.80,"SEATSMAX_B":30,"SEATSOCC_B":30,"SEATSMAX_F":20,"SEATSOCC_F":19},{"CARRID":"DL","CONNID":1984,"FLDATE":"2021-08-17","PRICE":422.94,"CURRENCY":"USD","PLANETYPE":"A380-800","SEATSMAX":475,"SEATSOCC":460,"PAYMENTSUM":224953.60,"SEATSMAX_B":30,"SEATSOCC_B":29,"SEATSMAX_F":20,"SEATSOCC_F":19},{"CARRID":"DL","CONNID":1984,"FLDATE":"2021-09-18","PRICE":422.94,"CURRENCY":"USD","PLANETYPE":"A380-800","SEATSMAX":475,"SEATSOCC":204,"PAYMENTSUM":99509.47,"SEATSMAX_B":30,"SEATSOCC_B":13,"SEATSMAX_F":20,"SEATSOCC_F":8},{"CARRID":"DL","CONNID":1984,"FLDATE":"2021-10-20","PRICE":422.94,"CURRENCY":"USD","PLANETYPE":"A380-800","SEATSMAX":475,"SEATSOCC":138,"PAYMENTSUM":68719.35,"SEATSMAX_B":30,"SEATSOCC_B":9,"SEATSMAX_F":20,"SEATSOCC_F":6},{"CARRID":"DL","CONNID":1984,"FLDATE":"2021-11-21","PRICE":422.94,"CURRENCY":"USD","PLANETYPE":"A380-800","SEATSMAX":475,"SEATSOCC":21,"PAYMENTSUM":9998.33,"SEATSMAX_B":30,"SEATSOCC_B":1,"SEATSMAX_F":20,"SEATSOCC_F":1},{"CARRID":"DL","CONNID":1984,"FLDATE":"2021-12-23","PRICE":422.94,"CURRENCY":"USD","PLANETYPE":"A380-800","SEATSMAX":475,"SEATSOCC":32,"PAYMENTSUM":15403.50,"SEATSMAX_B":30,"SEATSOCC_B":2,"SEATSMAX_F":20,"SEATSOCC_F":1},{"CARRID":"DL","CONNID":1984,"FLDATE":"2022-01-24","PRICE":422.94,"CURRENCY":"USD","PLANETYPE":"A380-800","SEATSMAX":475,"SEATSOCC":16,"PAYMENTSUM":8268.48,"SEATSMAX_B":30,"SEATSOCC_B":1,"SEATSMAX_F":20,"SEATSOCC_F":1},{"CARRID":"JL","CONNID":407,"FLDATE":"2021-01-09","PRICE":1061.36,"CURRENCY":"JPY","PLANETYPE":"A380-800","SEATSMAX":475,"SEATSOCC":457,"PAYMENTSUM":564579.52,"SEATSMAX_B":30,"SEATSOCC_B":28,"SEATSMAX_F":20,"SEATSOCC_F":20},{"CARRID":"JL","CONNID":407,"FLDATE":"2021-02-10","PRICE":1061.36,"CURRENCY":"JPY","PLANETYPE":"A380-800","SEATSMAX":475,"SEATSOCC":453,"PAYMENTSUM":556958.99,"SEATSMAX_B":30,"SEATSOCC_B":28,"SEATSMAX_F":20,"SEATSOCC_F":20},{"CARRID":"JL","CONNID":407,"FLDATE":"2021-03-14","PRICE":1061.36,"CURRENCY":"JPY","PLANETYPE":"A380-800","SEATSMAX":475,"SEATSOCC":461,"PAYMENTSUM":564282.30,"SEATSMAX_B":30,"SEATSOCC_B":29,"SEATSMAX_F":20,"SEATSOCC_F":18},{"CARRID":"JL","CONNID":407,"FLDATE":"2021-04-15","PRICE":1061.36,"CURRENCY":"JPY","PLANETYPE":"A380-800","SEATSMAX":475,"SEATSOCC":453,"PAYMENTSUM":553573.35,"SEATSMAX_B":30,"SEATSOCC_B":28,"SEATSMAX_F":20,"SEATSOCC_F":19},{"CARRID":"JL","CONNID":407,"FLDATE":"2021-05-17","PRICE":1061.36,"CURRENCY":"JPY","PLANETYPE":"A380-800","SEATSMAX":475,"SEATSOCC":455,"PAYMENTSUM":560153.72,"SEATSMAX_B":30,"SEATSOCC_B":28,"SEATSMAX_F":20,"SEATSOCC_F":20},{"CARRID":"JL","CONNID":407,"FLDATE":"2021-06-18","PRICE":1061.36,"CURRENCY":"JPY","PLANETYPE":"A380-800","SEATSMAX":475,"SEATSOCC":448,"PAYMENTSUM":552119.26,"SEATSMAX_B":30,"SEATSOCC_B":29,"SEATSMAX_F":20,"SEATSOCC_F":19},{"CARRID":"JL","CONNID":407,"FLDATE":"2021-07-20","PRICE":1061.36,"CURRENCY":"JPY","PLANETYPE":"A380-800","SEATSMAX":475,"SEATSOCC":456,"PAYMENTSUM":563518.28,"SEATSMAX_B":30,"SEATSOCC_B":30,"SEATSMAX_F":20,"SEATSOCC_F":20},{"CARRID":"JL","CONNID":407,"FLDATE":"2021-08-21","PRICE":1061.36,"CURRENCY":"JPY","PLANETYPE":"A380-800","SEATSMAX":475,"SEATSOCC":461,"PAYMENTSUM":567010.09,"SEATSMAX_B":30,"SEATSOCC_B":29,"SEATSMAX_F":20,"SEATSOCC_F":19},{"CARRID":"JL","CONNID":407,"FLDATE":"2021-09-22","PRICE":1061.36,"CURRENCY":"JPY","PLANETYPE":"A380-800","SEATSMAX":475,"SEATSOCC":69,"PAYMENTSUM":83932.28,"SEATSMAX_B":30,"SEATSOCC_B":5,"SEATSMAX_F":20,"SEATSOCC_F":2},{"CARRID":"JL","CONNID":407,"FLDATE":"2021-10-24","PRICE":1061.36,"CURRENCY":"JPY","PLANETYPE":"A380-800","SEATSMAX":475,"SEATSOCC":157,"PAYMENTSUM":194122.65,"SEATSMAX_B":30,"SEATSOCC_B":10,"SEATSMAX_F":20,"SEATSOCC_F":7},{"CARRID":"JL","CONNID":407,"FLDATE":"2021-11-25","PRICE":1061.36,"CURRENCY":"JPY","PLANETYPE":"A380-800","SEATSMAX":475,"SEATSOCC":171,"PAYMENTSUM":209565.39,"SEATSMAX_B":30,"SEATSOCC_B":11,"SEATSMAX_F":20,"SEATSOCC_F":7},{"CARRID":"JL","CONNID":407,"FLDATE":"2021-12-27","PRICE":1061.36,"CURRENCY":"JPY","PLANETYPE":"A380-800","SEATSMAX":475,"SEATSMAX_B":30,"SEATSMAX_F":20},{"CARRID":"JL","CONNID":407,"FLDATE":"2022-01-28","PRICE":1061.36,"CURRENCY":"JPY","PLANETYPE":"A380-800","SEATSMAX":475,"SEATSOCC":30,"PAYMENTSUM":37603.96,"SEATSMAX_B":30,"SEATSOCC_B":2,"SEATSMAX_F":20,"SEATSOCC_F":1},{"CARRID":"JL","CONNID":408,"FLDATE":"2021-01-10","PRICE":1061.36,"CURRENCY":"JPY","PLANETYPE":"747-400","SEATSMAX":385,"SEATSOCC":371,"PAYMENTSUM":482016.39,"SEATSMAX_B":31,"SEATSOCC_B":30,"SEATSMAX_F":21,"SEATSOCC_F":20},{"CARRID":"JL","CONNID":408,"FLDATE":"2021-02-11","PRICE":1061.36,"CURRENCY":"JPY","PLANETYPE":"747-400","SEATSMAX":385,"SEATSOCC":367,"PAYMENTSUM":485890.38,"SEATSMAX_B":31,"SEATSOCC_B":31,"SEATSMAX_F":21,"SEATSOCC_F":21},{"CARRID":"JL","CONNID":408,"FLDATE":"2021-03-15","PRICE":1061.36,"CURRENCY":"JPY","PLANETYPE":"747-400","SEATSMAX":385,"SEATSOCC":363,"PAYMENTSUM":470415.72,"SEATSMAX_B":31,"SEATSOCC_B":29,"SEATSMAX_F":21,"SEATSOCC_F":20},{"CARRID":"JL","CONNID":408,"FLDATE":"2021-04-16","PRICE":1061.36,"CURRENCY":"JPY","PLANETYPE":"747-400","SEATSMAX":385,"SEATSOCC":363,"PAYMENTSUM":475892.35,"SEATSMAX_B":31,"SEATSOCC_B":30,"SEATSMAX_F":21,"SEATSOCC_F":20},{"CARRID":"JL","CONNID":408,"FLDATE":"2021-05-18","PRICE":1061.36,"CURRENCY":"JPY","PLANETYPE":"747-400","SEATSMAX":385,"SEATSOCC":363,"PAYMENTSUM":468430.84,"SEATSMAX_B":31,"SEATSOCC_B":29,"SEATSMAX_F":21,"SEATSOCC_F":18},{"CARRID":"JL","CONNID":408,"FLDATE":"2021-06-19","PRICE":1061.36,"CURRENCY":"JPY","PLANETYPE":"747-400","SEATSMAX":385,"SEATSOCC":372,"PAYMENTSUM":488565.08,"SEATSMAX_B":31,"SEATSOCC_B":31,"SEATSMAX_F":21,"SEATSOCC_F":21},{"CARRID":"JL","CONNID":408,"FLDATE":"2021-07-21","PRICE":1061.36,"CURRENCY":"JPY","PLANETYPE":"747-400","SEATSMAX":385,"SEATSOCC":367,"PAYMENTSUM":474958.32,"SEATSMAX_B":31,"SEATSOCC_B":28,"SEATSMAX_F":21,"SEATSOCC_F":20},{"CARRID":"JL","CONNID":408,"FLDATE":"2021-08-22","PRICE":1061.36,"CURRENCY":"JPY","PLANETYPE":"747-400","SEATSMAX":385,"SEATSOCC":367,"PAYMENTSUM":478896.02,"SEATSMAX_B":31,"SEATSOCC_B":31,"SEATSMAX_F":21,"SEATSOCC_F":20},{"CARRID":"JL","CONNID":408,"FLDATE":"2021-09-23","PRICE":1061.36,"CURRENCY":"JPY","PLANETYPE":"747-400","SEATSMAX":385,"SEATSMAX_B":31,"SEATSMAX_F":21},{"CARRID":"JL","CONNID":408,"FLDATE":"2021-10-25","PRICE":1061.36,"CURRENCY":"JPY","PLANETYPE":"747-400","SEATSMAX":385,"SEATSMAX_B":31,"SEATSMAX_F":21},{"CARRID":"JL","CONNID":408,"FLDATE":"2021-11-26","PRICE":1061.36,"CURRENCY":"JPY","PLANETYPE":"747-400","SEATSMAX":385,"SEATSOCC":8,"PAYMENTSUM":9658.37,"SEATSMAX_B":31,"SEATSOCC_B":1,"SEATSMAX_F":21},{"CARRID":"JL","CONNID":408,"FLDATE":"2021-12-28","PRICE":1061.36,"CURRENCY":"JPY","PLANETYPE":"747-400","SEATSMAX":385,"SEATSOCC":69,"PAYMENTSUM":90332.29,"SEATSMAX_B":31,"SEATSOCC_B":5,"SEATSMAX_F":21,"SEATSOCC_F":4},{"CARRID":"JL","CONNID":408,"FLDATE":"2022-01-29","PRICE":1061.36,"CURRENCY":"JPY","PLANETYPE":"747-400","SEATSMAX":385,"SEATSOCC":5,"PAYMENTSUM":5041.45,"SEATSMAX_B":31,"SEATSMAX_F":21},{"CARRID":"LH","CONNID":400,"FLDATE":"2021-01-10","PRICE":666.00,"CURRENCY":"EUR","PLANETYPE":"A340-600","SEATSMAX":330,"SEATSOCC":320,"PAYMENTSUM":270802.26,"SEATSMAX_B":30,"SEATSOCC_B":30,"SEATSMAX_F":20,"SEATSOCC_F":20},{"CARRID":"LH","CONNID":400,"FLDATE":"2021-02-11","PRICE":666.00,"CURRENCY":"EUR","PLANETYPE":"A340-600","SEATSMAX":330,"SEATSOCC":318,"PAYMENTSUM":266020.38,"SEATSMAX_B":30,"SEATSOCC_B":28,"SEATSMAX_F":20,"SEATSOCC_F":20},{"CARRID":"LH","CONNID":400,"FLDATE":"2021-03-15","PRICE":666.00,"CURRENCY":"EUR","PLANETYPE":"A340-600","SEATSMAX":330,"SEATSOCC":318,"PAYMENTSUM":270176.22,"SEATSMAX_B":30,"SEATSOCC_B":29,"SEATSMAX_F":20,"SEATSOCC_F":20},{"CARRID":"LH","CONNID":400,"FLDATE":"2021-04-16","PRICE":666.00,"CURRENCY":"EUR","PLANETYPE":"A340-600","SEATSMAX":330,"SEATSOCC":313,"PAYMENTSUM":266406.66,"SEATSMAX_B":30,"SEATSOCC_B":29,"SEATSMAX_F":20,"SEATSOCC_F":20},{"CARRID":"LH","CONNID":400,"FLDATE":"2021-05-18","PRICE":666.00,"CURRENCY":"EUR","PLANETYPE":"A340-600","SEATSMAX":330,"SEATSOCC":309,"PAYMENTSUM":260719.02,"SEATSMAX_B":30,"SEATSOCC_B":28,"SEATSMAX_F":20,"SEATSOCC_F":19},{"CARRID":"LH","CONNID":400,"FLDATE":"2021-05-28","PRICE":666.00,"CURRENCY":"EUR","PLANETYPE":"A340-600","SEATSMAX":330,"SEATSOCC":319,"PAYMENTSUM":269203.86,"SEATSMAX_B":30,"SEATSOCC_B":28,"SEATSMAX_F":20,"SEATSOCC_F":20},{"CARRID":"LH","CONNID":400,"FLDATE":"2021-06-19","PRICE":666.00,"CURRENCY":"EUR","PLANETYPE":"A340-600","SEATSMAX":330,"SEATSOCC":314,"PAYMENTSUM":266326.74,"SEATSMAX_B":30,"SEATSOCC_B":30,"SEATSMAX_F":20,"SEATSOCC_F":20},{"CARRID":"LH","CONNID":400,"FLDATE":"2021-06-28","PRICE":666.00,"CURRENCY":"EUR","PLANETYPE":"A340-600","SEATSMAX":330,"SEATSOCC":318,"PAYMENTSUM":268877.52,"SEATSMAX_B":30,"SEATSOCC_B":29,"SEATSMAX_F":20,"SEATSOCC_F":20},{"CARRID":"LH","CONNID":400,"FLDATE":"2021-07-21","PRICE":666.00,"CURRENCY":"EUR","PLANETYPE":"A340-600","SEATSMAX":330,"SEATSOCC":311,"PAYMENTSUM":260372.70,"SEATSMAX_B":30,"SEATSOCC_B":28,"SEATSMAX_F":20,"SEATSOCC_F":18},{"CARRID":"LH","CONNID":400,"FLDATE":"2021-08-22","PRICE":666.00,"CURRENCY":"EUR","PLANETYPE":"A340-600","SEATSMAX":330,"SEATSOCC":319,"PAYMENTSUM":271115.28,"SEATSMAX_B":30,"SEATSOCC_B":30,"SEATSMAX_F":20,"SEATSOCC_F":20},{"CARRID":"LH","CONNID":400,"FLDATE":"2021-09-23","PRICE":666.00,"CURRENCY":"EUR","PLANETYPE":"A340-600","SEATSMAX":330,"SEATSOCC":77,"PAYMENTSUM":66040.56,"SEATSMAX_B":30,"SEATSOCC_B":7,"SEATSMAX_F":20,"SEATSOCC_F":5},{"CARRID":"LH","CONNID":400,"FLDATE":"2021-10-25","PRICE":666.00,"CURRENCY":"EUR","PLANETYPE":"A340-600","SEATSMAX":330,"SEATSOCC":124,"PAYMENTSUM":103170.06,"SEATSMAX_B":30,"SEATSOCC_B":10,"SEATSMAX_F":20,"SEATSOCC_F":8},{"CARRID":"LH","CONNID":400,"FLDATE":"2021-11-26","PRICE":666.00,"CURRENCY":"EUR","PLANETYPE":"A340-600","SEATSMAX":330,"SEATSOCC":62,"PAYMENTSUM":51308.64,"SEATSMAX_B":30,"SEATSOCC_B":6,"SEATSMAX_F":20,"SEATSOCC_F":3},{"CARRID":"LH","CONNID":400,"FLDATE":"2021-12-28","PRICE":666.00,"CURRENCY":"EUR","PLANETYPE":"A340-600","SEATSMAX":330,"SEATSOCC":38,"PAYMENTSUM":32301.00,"SEATSMAX_B":30,"SEATSOCC_B":4,"SEATSMAX_F":20,"SEATSOCC_F":2},{"CARRID":"LH","CONNID":400,"FLDATE":"2022-01-29","PRICE":666.00,"CURRENCY":"EUR","PLANETYPE":"A340-600","SEATSMAX":330,"SEATSMAX_B":30,"SEATSMAX_F":20},{"CARRID":"LH","CONNID":401,"FLDATE":"2021-01-09","PRICE":666.00,"CURRENCY":"EUR","PLANETYPE":"767-200","SEATSMAX":260,"SEATSOCC":252,"PAYMENTSUM":198874.26,"SEATSMAX_B":21,"SEATSOCC_B":20,"SEATSMAX_F":11,"SEATSOCC_F":10},{"CARRID":"LH","CONNID":401,"FLDATE":"2021-02-10","PRICE":666.00,"CURRENCY":"EUR","PLANETYPE":"767-200","SEATSMAX":260,"SEATSOCC":249,"PAYMENTSUM":198328.14,"SEATSMAX_B":21,"SEATSOCC_B":20,"SEATSMAX_F":11,"SEATSOCC_F":11},{"CARRID":"LH","CONNID":401,"FLDATE":"2021-03-14","PRICE":666.00,"CURRENCY":"EUR","PLANETYPE":"767-200","SEATSMAX":260,"SEATSOCC":242,"PAYMENTSUM":194452.02,"SEATSMAX_B":21,"SEATSOCC_B":19,"SEATSMAX_F":11,"SEATSOCC_F":11},{"CARRID":"LH","CONNID":401,"FLDATE":"2021-04-15","PRICE":666.00,"CURRENCY":"EUR","PLANETYPE":"767-200","SEATSMAX":260,"SEATSOCC":251,"PAYMENTSUM":200699.10,"SEATSMAX_B":21,"SEATSOCC_B":20,"SEATSMAX_F":11,"SEATSOCC_F":11},{"CARRID":"LH","CONNID":401,"FLDATE":"2021-05-17","PRICE":666.00,"CURRENCY":"EUR","PLANETYPE":"767-200","SEATSMAX":260,"SEATSOCC":249,"PAYMENTSUM":199666.80,"SEATSMAX_B":21,"SEATSOCC_B":21,"SEATSMAX_F":11,"SEATSOCC_F":11},{"CARRID":"LH","CONNID":401,"FLDATE":"2021-05-28","PRICE":666.00,"CURRENCY":"EUR","PLANETYPE":"767-200","SEATSMAX":260,"SEATSOCC":252,"PAYMENTSUM":199440.36,"SEATSMAX_B":21,"SEATSOCC_B":21,"SEATSMAX_F":11,"SEATSOCC_F":10},{"CARRID":"LH","CONNID":401,"FLDATE":"2021-06-18","PRICE":666.00,"CURRENCY":"EUR","PLANETYPE":"767-200","SEATSMAX":260,"SEATSOCC":250,"PAYMENTSUM":198068.40,"SEATSMAX_B":21,"SEATSOCC_B":20,"SEATSMAX_F":11,"SEATSOCC_F":10},{"CARRID":"LH","CONNID":401,"FLDATE":"2021-06-28","PRICE":666.00,"CURRENCY":"EUR","PLANETYPE":"767-200","SEATSMAX":260,"SEATSOCC":252,"PAYMENTSUM":199054.08,"SEATSMAX_B":21,"SEATSOCC_B":19,"SEATSMAX_F":11,"SEATSOCC_F":11},{"CARRID":"LH","CONNID":401,"FLDATE":"2021-07-20","PRICE":666.00,"CURRENCY":"EUR","PLANETYPE":"767-200","SEATSMAX":260,"SEATSOCC":251,"PAYMENTSUM":200625.84,"SEATSMAX_B":21,"SEATSOCC_B":20,"SEATSMAX_F":11,"SEATSOCC_F":11},{"CARRID":"LH","CONNID":401,"FLDATE":"2021-08-21","PRICE":666.00,"CURRENCY":"EUR","PLANETYPE":"767-200","SEATSMAX":260,"SEATSOCC":251,"PAYMENTSUM":200499.30,"SEATSMAX_B":21,"SEATSOCC_B":21,"SEATSMAX_F":11,"SEATSOCC_F":11},{"CARRID":"LH","CONNID":401,"FLDATE":"2021-09-22","PRICE":666.00,"CURRENCY":"EUR","PLANETYPE":"767-200","SEATSMAX":260,"SEATSOCC":78,"PAYMENTSUM":61018.92,"SEATSMAX_B":21,"SEATSOCC_B":6,"SEATSMAX_F":11,"SEATSOCC_F":3},{"CARRID":"LH","CONNID":401,"FLDATE":"2021-10-24","PRICE":666.00,"CURRENCY":"EUR","PLANETYPE":"767-200","SEATSMAX":260,"SEATSOCC":24,"PAYMENTSUM":19367.28,"SEATSMAX_B":21,"SEATSOCC_B":2,"SEATSMAX_F":11,"SEATSOCC_F":1},{"CARRID":"LH","CONNID":401,"FLDATE":"2021-11-25","PRICE":666.00,"CURRENCY":"EUR","PLANETYPE":"767-200","SEATSMAX":260,"SEATSOCC":35,"PAYMENTSUM":29024.28,"SEATSMAX_B":21,"SEATSOCC_B":3,"SEATSMAX_F":11,"SEATSOCC_F":2},{"CARRID":"LH","CONNID":401,"FLDATE":"2021-12-27","PRICE":666.00,"CURRENCY":"EUR","PLANETYPE":"767-200","SEATSMAX":260,"SEATSOCC":17,"PAYMENTSUM":13686.30,"SEATSMAX_B":21,"SEATSOCC_B":1,"SEATSMAX_F":11,"SEATSOCC_F":1},{"CARRID":"LH","CONNID":401,"FLDATE":"2022-01-28","PRICE":666.00,"CURRENCY":"EUR","PLANETYPE":"767-200","SEATSMAX":260,"SEATSMAX_B":21,"SEATSMAX_F":11},{"CARRID":"LH","CONNID":402,"FLDATE":"2021-01-05","PRICE":666.00,"CURRENCY":"EUR","PLANETYPE":"A380-800","SEATSMAX":475,"SEATSOCC":461,"PAYMENTSUM":352773.54,"SEATSMAX_B":30,"SEATSOCC_B":28,"SEATSMAX_F":20,"SEATSOCC_F":19},{"CARRID":"LH","CONNID":402,"FLDATE":"2021-02-06","PRICE":666.00,"CURRENCY":"EUR","PLANETYPE":"A380-800","SEATSMAX":475,"SEATSOCC":456,"PAYMENTSUM":350542.44,"SEATSMAX_B":30,"SEATSOCC_B":29,"SEATSMAX_F":20,"SEATSOCC_F":19},{"CARRID":"LH","CONNID":402,"FLDATE":"2021-03-10","PRICE":666.00,"CURRENCY":"EUR","PLANETYPE":"A380-800","SEATSMAX":475,"SEATSOCC":460,"PAYMENTSUM":355823.82,"SEATSMAX_B":30,"SEATSOCC_B":29,"SEATSMAX_F":20,"SEATSOCC_F":19},{"CARRID":"LH","CONNID":402,"FLDATE":"2021-04-11","PRICE":666.00,"CURRENCY":"EUR","PLANETYPE":"A380-800","SEATSMAX":475,"SEATSOCC":450,"PAYMENTSUM":346619.70,"SEATSMAX_B":30,"SEATSOCC_B":28,"SEATSMAX_F":20,"SEATSOCC_F":19},{"CARRID":"LH","CONNID":402,"FLDATE":"2021-05-13","PRICE":666.00,"CURRENCY":"EUR","PLANETYPE":"A380-800","SEATSMAX":475,"SEATSOCC":457,"PAYMENTSUM":354931.38,"SEATSMAX_B":30,"SEATSOCC_B":30,"SEATSMAX_F":20,"SEATSOCC_F":20},{"CARRID":"LH","CONNID":402,"FLDATE":"2021-05-28","PRICE":666.00,"CURRENCY":"EUR","PLANETYPE":"A380-800","SEATSMAX":475,"SEATSOCC":459,"PAYMENTSUM":356702.94,"SEATSMAX_B":30,"SEATSOCC_B":29,"SEATSMAX_F":20,"SEATSOCC_F":20},{"CARRID":"LH","CONNID":402,"FLDATE":"2021-06-14","PRICE":666.00,"CURRENCY":"EUR","PLANETYPE":"A380-800","SEATSMAX":475,"SEATSOCC":462,"PAYMENTSUM":354891.42,"SEATSMAX_B":30,"SEATSOCC_B":30,"SEATSMAX_F":20,"SEATSOCC_F":18},{"CARRID":"LH","CONNID":402,"FLDATE":"2021-06-28","PRICE":666.00,"CURRENCY":"EUR","PLANETYPE":"A380-800","SEATSMAX":475,"SEATSOCC":461,"PAYMENTSUM":353013.30,"SEATSMAX_B":30,"SEATSOCC_B":27,"SEATSMAX_F":20,"SEATSOCC_F":20},{"CARRID":"LH","CONNID":402,"FLDATE":"2021-07-16","PRICE":666.00,"CURRENCY":"EUR","PLANETYPE":"A380-800","SEATSMAX":475,"SEATSOCC":460,"PAYMENTSUM":353672.64,"SEATSMAX_B":30,"SEATSOCC_B":29,"SEATSMAX_F":20,"SEATSOCC_F":19},{"CARRID":"LH","CONNID":402,"FLDATE":"2021-08-17","PRICE":666.00,"CURRENCY":"EUR","PLANETYPE":"A380-800","SEATSMAX":475,"SEATSOCC":452,"PAYMENTSUM":350562.42,"SEATSMAX_B":30,"SEATSOCC_B":28,"SEATSMAX_F":20,"SEATSOCC_F":20},{"CARRID":"LH","CONNID":402,"FLDATE":"2021-09-18","PRICE":666.00,"CURRENCY":"EUR","PLANETYPE":"A380-800","SEATSMAX":475,"SEATSOCC":145,"PAYMENTSUM":110043.18,"SEATSMAX_B":30,"SEATSOCC_B":10,"SEATSMAX_F":20,"SEATSOCC_F":5},{"CARRID":"LH","CONNID":402,"FLDATE":"2021-10-20","PRICE":666.00,"CURRENCY":"EUR","PLANETYPE":"A380-800","SEATSMAX":475,"SEATSOCC":101,"PAYMENTSUM":78248.34,"SEATSMAX_B":30,"SEATSOCC_B":7,"SEATSMAX_F":20,"SEATSOCC_F":4},{"CARRID":"LH","CONNID":402,"FLDATE":"2021-11-21","PRICE":666.00,"CURRENCY":"EUR","PLANETYPE":"A380-800","SEATSMAX":475,"SEATSOCC":11,"PAYMENTSUM":9890.10,"SEATSMAX_B":30,"SEATSOCC_B":1,"SEATSMAX_F":20,"SEATSOCC_F":1},{"CARRID":"LH","CONNID":402,"FLDATE":"2021-12-23","PRICE":666.00,"CURRENCY":"EUR","PLANETYPE":"A380-800","SEATSMAX":475,"SEATSOCC":43,"PAYMENTSUM":33966.00,"SEATSMAX_B":30,"SEATSOCC_B":3,"SEATSMAX_F":20,"SEATSOCC_F":2},{"CARRID":"LH","CONNID":402,"FLDATE":"2022-01-24","PRICE":666.00,"CURRENCY":"EUR","PLANETYPE":"A380-800","SEATSMAX":475,"SEATSOCC":11,"PAYMENTSUM":9690.30,"SEATSMAX_B":30,"SEATSOCC_B":1,"SEATSMAX_F":20,"SEATSOCC_F":1},{"CARRID":"LH","CONNID":2402,"FLDATE":"2021-01-10","PRICE":242.00,"CURRENCY":"EUR","PLANETYPE":"A380-800","SEATSMAX":475,"SEATSOCC":461,"PAYMENTSUM":128753.68,"SEATSMAX_B":30,"SEATSOCC_B":29,"SEATSMAX_F":20,"SEATSOCC_F":19},{"CARRID":"LH","CONNID":2402,"FLDATE":"2021-02-11","PRICE":242.00,"CURRENCY":"EUR","PLANETYPE":"A380-800","SEATSMAX":475,"SEATSOCC":458,"PAYMENTSUM":129165.08,"SEATSMAX_B":30,"SEATSOCC_B":28,"SEATSMAX_F":20,"SEATSOCC_F":20},{"CARRID":"LH","CONNID":2402,"FLDATE":"2021-03-15","PRICE":242.00,"CURRENCY":"EUR","PLANETYPE":"A380-800","SEATSMAX":475,"SEATSOCC":459,"PAYMENTSUM":128485.06,"SEATSMAX_B":30,"SEATSOCC_B":29,"SEATSMAX_F":20,"SEATSOCC_F":19},{"CARRID":"LH","CONNID":2402,"FLDATE":"2021-04-16","PRICE":242.00,"CURRENCY":"EUR","PLANETYPE":"A380-800","SEATSMAX":475,"SEATSOCC":458,"PAYMENTSUM":129140.88,"SEATSMAX_B":30,"SEATSOCC_B":30,"SEATSMAX_F":20,"SEATSOCC_F":19},{"CARRID":"LH","CONNID":2402,"FLDATE":"2021-05-18","PRICE":242.00,"CURRENCY":"EUR","PLANETYPE":"A380-800","SEATSMAX":475,"SEATSOCC":451,"PAYMENTSUM":127534.00,"SEATSMAX_B":30,"SEATSOCC_B":29,"SEATSMAX_F":20,"SEATSOCC_F":20},{"CARRID":"LH","CONNID":2402,"FLDATE":"2021-05-28","PRICE":242.00,"CURRENCY":"EUR","PLANETYPE":"A380-800","SEATSMAX":475,"SEATSOCC":461,"PAYMENTSUM":129378.04,"SEATSMAX_B":30,"SEATSOCC_B":29,"SEATSMAX_F":20,"SEATSOCC_F":19},{"CARRID":"LH","CONNID":2402,"FLDATE":"2021-06-19","PRICE":242.00,"CURRENCY":"EUR","PLANETYPE":"A380-800","SEATSMAX":475,"SEATSOCC":456,"PAYMENTSUM":127025.80,"SEATSMAX_B":30,"SEATSOCC_B":27,"SEATSMAX_F":20,"SEATSOCC_F":20},{"CARRID":"LH","CONNID":2402,"FLDATE":"2021-06-28","PRICE":242.00,"CURRENCY":"EUR","PLANETYPE":"A380-800","SEATSMAX":475,"SEATSOCC":455,"PAYMENTSUM":128698.02,"SEATSMAX_B":30,"SEATSOCC_B":29,"SEATSMAX_F":20,"SEATSOCC_F":19},{"CARRID":"LH","CONNID":2402,"FLDATE":"2021-07-21","PRICE":242.00,"CURRENCY":"EUR","PLANETYPE":"A380-800","SEATSMAX":475,"SEATSOCC":460,"PAYMENTSUM":129278.82,"SEATSMAX_B":30,"SEATSOCC_B":28,"SEATSMAX_F":20,"SEATSOCC_F":20},{"CARRID":"LH","CONNID":2402,"FLDATE":"2021-08-22","PRICE":242.00,"CURRENCY":"EUR","PLANETYPE":"A380-800","SEATSMAX":475,"SEATSOCC":459,"PAYMENTSUM":128690.76,"SEATSMAX_B":30,"SEATSOCC_B":29,"SEATSMAX_F":20,"SEATSOCC_F":19},{"CARRID":"LH","CONNID":2402,"FLDATE":"2021-09-23","PRICE":242.00,"CURRENCY":"EUR","PLANETYPE":"A380-800","SEATSMAX":475,"SEATSOCC":244,"PAYMENTSUM":68861.10,"SEATSMAX_B":30,"SEATSOCC_B":16,"SEATSMAX_F":20,"SEATSOCC_F":11},{"CARRID":"LH","CONNID":2402,"FLDATE":"2021-10-25","PRICE":242.00,"CURRENCY":"EUR","PLANETYPE":"A380-800","SEATSMAX":475,"SEATSOCC":235,"PAYMENTSUM":65843.36,"SEATSMAX_B":30,"SEATSOCC_B":15,"SEATSMAX_F":20,"SEATSOCC_F":10},{"CARRID":"LH","CONNID":2402,"FLDATE":"2021-11-26","PRICE":242.00,"CURRENCY":"EUR","PLANETYPE":"A380-800","SEATSMAX":475,"SEATSOCC":73,"PAYMENTSUM":20659.54,"SEATSMAX_B":30,"SEATSOCC_B":5,"SEATSMAX_F":20,"SEATSOCC_F":3},{"CARRID":"LH","CONNID":2402,"FLDATE":"2021-12-28","PRICE":242.00,"CURRENCY":"EUR","PLANETYPE":"A380-800","SEATSMAX":475,"SEATSOCC":82,"PAYMENTSUM":22348.70,"SEATSMAX_B":30,"SEATSOCC_B":5,"SEATSMAX_F":20,"SEATSOCC_F":3},{"CARRID":"LH","CONNID":2402,"FLDATE":"2022-01-29","PRICE":242.00,"CURRENCY":"EUR","PLANETYPE":"A380-800","SEATSMAX":475,"SEATSOCC":17,"PAYMENTSUM":4931.96,"SEATSMAX_B":30,"SEATSOCC_B":1,"SEATSMAX_F":20,"SEATSOCC_F":1},{"CARRID":"LH","CONNID":2407,"FLDATE":"2021-01-10","PRICE":242.00,"CURRENCY":"EUR","PLANETYPE":"A320-200","SEATSMAX":130,"SEATSOCC":127,"PAYMENTSUM":37655.20,"SEATSMAX_B":10,"SEATSOCC_B":9,"SEATSMAX_F":8,"SEATSOCC_F":8},{"CARRID":"LH","CONNID":2407,"FLDATE":"2021-02-11","PRICE":242.00,"CURRENCY":"EUR","PLANETYPE":"A320-200","SEATSMAX":130,"SEATSOCC":118,"PAYMENTSUM":36404.06,"SEATSMAX_B":10,"SEATSOCC_B":10,"SEATSMAX_F":8,"SEATSOCC_F":8},{"CARRID":"LH","CONNID":2407,"FLDATE":"2021-03-15","PRICE":242.00,"CURRENCY":"EUR","PLANETYPE":"A320-200","SEATSMAX":130,"SEATSOCC":127,"PAYMENTSUM":38192.44,"SEATSMAX_B":10,"SEATSOCC_B":10,"SEATSMAX_F":8,"SEATSOCC_F":8},{"CARRID":"LH","CONNID":2407,"FLDATE":"2021-04-16","PRICE":242.00,"CURRENCY":"EUR","PLANETYPE":"A320-200","SEATSMAX":130,"SEATSOCC":125,"PAYMENTSUM":37444.66,"SEATSMAX_B":10,"SEATSOCC_B":10,"SEATSMAX_F":8,"SEATSOCC_F":7},{"CARRID":"LH","CONNID":2407,"FLDATE":"2021-05-18","PRICE":242.00,"CURRENCY":"EUR","PLANETYPE":"A320-200","SEATSMAX":130,"SEATSOCC":124,"PAYMENTSUM":37367.22,"SEATSMAX_B":10,"SEATSOCC_B":10,"SEATSMAX_F":8,"SEATSOCC_F":8},{"CARRID":"LH","CONNID":2407,"FLDATE":"2021-05-28","PRICE":242.00,"CURRENCY":"EUR","PLANETYPE":"A320-200","SEATSMAX":130,"SEATSOCC":122,"PAYMENTSUM":36592.82,"SEATSMAX_B":10,"SEATSOCC_B":9,"SEATSMAX_F":8,"SEATSOCC_F":8},{"CARRID":"LH","CONNID":2407,"FLDATE":"2021-06-19","PRICE":242.00,"CURRENCY":"EUR","PLANETYPE":"A320-200","SEATSMAX":130,"SEATSOCC":128,"PAYMENTSUM":36624.28,"SEATSMAX_B":10,"SEATSOCC_B":10,"SEATSMAX_F":8,"SEATSOCC_F":6},{"CARRID":"LH","CONNID":2407,"FLDATE":"2021-06-28","PRICE":242.00,"CURRENCY":"EUR","PLANETYPE":"A320-200","SEATSMAX":130,"SEATSOCC":125,"PAYMENTSUM":37381.74,"SEATSMAX_B":10,"SEATSOCC_B":10,"SEATSMAX_F":8,"SEATSOCC_F":7},{"CARRID":"LH","CONNID":2407,"FLDATE":"2021-07-21","PRICE":242.00,"CURRENCY":"EUR","PLANETYPE":"A320-200","SEATSMAX":130,"SEATSOCC":125,"PAYMENTSUM":37190.56,"SEATSMAX_B":10,"SEATSOCC_B":9,"SEATSMAX_F":8,"SEATSOCC_F":8},{"CARRID":"LH","CONNID":2407,"FLDATE":"2021-08-22","PRICE":242.00,"CURRENCY":"EUR","PLANETYPE":"A320-200","SEATSMAX":130,"SEATSOCC":124,"PAYMENTSUM":37173.62,"SEATSMAX_B":10,"SEATSOCC_B":9,"SEATSMAX_F":8,"SEATSOCC_F":8},{"CARRID":"LH","CONNID":2407,"FLDATE":"2021-09-23","PRICE":242.00,"CURRENCY":"EUR","PLANETYPE":"A320-200","SEATSMAX":130,"SEATSMAX_B":10,"SEATSMAX_F":8},{"CARRID":"LH","CONNID":2407,"FLDATE":"2021-10-25","PRICE":242.00,"CURRENCY":"EUR","PLANETYPE":"A320-200","SEATSMAX":130,"SEATSOCC":59,"PAYMENTSUM":18188.72,"SEATSMAX_B":10,"SEATSOCC_B":5,"SEATSMAX_F":8,"SEATSOCC_F":4},{"CARRID":"LH","CONNID":2407,"FLDATE":"2021-11-26","PRICE":242.00,"CURRENCY":"EUR","PLANETYPE":"A320-200","SEATSMAX":130,"SEATSOCC":38,"PAYMENTSUM":11156.20,"SEATSMAX_B":10,"SEATSOCC_B":3,"SEATSMAX_F":8,"SEATSOCC_F":2},{"CARRID":"LH","CONNID":2407,"FLDATE":"2021-12-28","PRICE":242.00,"CURRENCY":"EUR","PLANETYPE":"A320-200","SEATSMAX":130,"SEATSMAX_B":10,"SEATSMAX_F":8},{"CARRID":"LH","CONNID":2407,"FLDATE":"2022-01-29","PRICE":242.00,"CURRENCY":"EUR","PLANETYPE":"A320-200","SEATSMAX":130,"SEATSOCC":4,"PAYMENTSUM":907.50,"SEATSMAX_B":10,"SEATSMAX_F":8},{"CARRID":"QF","CONNID":5,"FLDATE":"2021-01-09","PRICE":788.64,"CURRENCY":"AUD","PLANETYPE":"A340-600","SEATSMAX":330,"SEATSOCC":318,"PAYMENTSUM":317932.52,"SEATSMAX_B":30,"SEATSOCC_B":29,"SEATSMAX_F":20,"SEATSOCC_F":20},{"CARRID":"QF","CONNID":5,"FLDATE":"2021-02-10","PRICE":788.64,"CURRENCY":"AUD","PLANETYPE":"A340-600","SEATSMAX":330,"SEATSOCC":320,"PAYMENTSUM":316686.43,"SEATSMAX_B":30,"SEATSOCC_B":29,"SEATSMAX_F":20,"SEATSOCC_F":19},{"CARRID":"QF","CONNID":5,"FLDATE":"2021-03-14","PRICE":788.64,"CURRENCY":"AUD","PLANETYPE":"A340-600","SEATSMAX":330,"SEATSOCC":318,"PAYMENTSUM":319801.68,"SEATSMAX_B":30,"SEATSOCC_B":30,"SEATSMAX_F":20,"SEATSOCC_F":20},{"CARRID":"QF","CONNID":5,"FLDATE":"2021-04-15","PRICE":788.64,"CURRENCY":"AUD","PLANETYPE":"A340-600","SEATSMAX":330,"SEATSOCC":311,"PAYMENTSUM":309541.39,"SEATSMAX_B":30,"SEATSOCC_B":28,"SEATSMAX_F":20,"SEATSOCC_F":19},{"CARRID":"QF","CONNID":5,"FLDATE":"2021-05-17","PRICE":788.64,"CURRENCY":"AUD","PLANETYPE":"A340-600","SEATSMAX":330,"SEATSOCC":321,"PAYMENTSUM":317459.32,"SEATSMAX_B":30,"SEATSOCC_B":30,"SEATSMAX_F":20,"SEATSOCC_F":18},{"CARRID":"QF","CONNID":5,"FLDATE":"2021-06-18","PRICE":788.64,"CURRENCY":"AUD","PLANETYPE":"A340-600","SEATSMAX":330,"SEATSOCC":311,"PAYMENTSUM":309099.81,"SEATSMAX_B":30,"SEATSOCC_B":29,"SEATSMAX_F":20,"SEATSOCC_F":18},{"CARRID":"QF","CONNID":5,"FLDATE":"2021-07-20","PRICE":788.64,"CURRENCY":"AUD","PLANETYPE":"A340-600","SEATSMAX":330,"SEATSOCC":311,"PAYMENTSUM":307758.99,"SEATSMAX_B":30,"SEATSOCC_B":28,"SEATSMAX_F":20,"SEATSOCC_F":19},{"CARRID":"QF","CONNID":5,"FLDATE":"2021-08-21","PRICE":788.64,"CURRENCY":"AUD","PLANETYPE":"A340-600","SEATSMAX":330,"SEATSOCC":320,"PAYMENTSUM":316765.27,"SEATSMAX_B":30,"SEATSOCC_B":29,"SEATSMAX_F":20,"SEATSOCC_F":19},{"CARRID":"QF","CONNID":5,"FLDATE":"2021-09-22","PRICE":788.64,"CURRENCY":"AUD","PLANETYPE":"A340-600","SEATSMAX":330,"SEATSOCC":76,"PAYMENTSUM":76379.78,"SEATSMAX_B":30,"SEATSOCC_B":7,"SEATSMAX_F":20,"SEATSOCC_F":5},{"CARRID":"QF","CONNID":5,"FLDATE":"2021-10-24","PRICE":788.64,"CURRENCY":"AUD","PLANETYPE":"A340-600","SEATSMAX":330,"SEATSOCC":5,"PAYMENTSUM":3430.57,"SEATSMAX_B":30,"SEATSMAX_F":20},{"CARRID":"QF","CONNID":5,"FLDATE":"2021-11-25","PRICE":788.64,"CURRENCY":"AUD","PLANETYPE":"A340-600","SEATSMAX":330,"SEATSMAX_B":30,"SEATSMAX_F":20},{"CARRID":"QF","CONNID":5,"FLDATE":"2021-12-27","PRICE":788.64,"CURRENCY":"AUD","PLANETYPE":"A340-600","SEATSMAX":330,"SEATSOCC":8,"PAYMENTSUM":9187.65,"SEATSMAX_B":30,"SEATSOCC_B":1,"SEATSMAX_F":20,"SEATSOCC_F":1},{"CARRID":"QF","CONNID":5,"FLDATE":"2022-01-28","PRICE":788.64,"CURRENCY":"AUD","PLANETYPE":"A340-600","SEATSMAX":330,"SEATSOCC":20,"PAYMENTSUM":19755.46,"SEATSMAX_B":30,"SEATSOCC_B":2,"SEATSMAX_F":20,"SEATSOCC_F":1},{"CARRID":"QF","CONNID":6,"FLDATE":"2021-01-07","PRICE":788.64,"CURRENCY":"AUD","PLANETYPE":"767-200","SEATSMAX":260,"SEATSOCC":248,"PAYMENTSUM":234920.27,"SEATSMAX_B":21,"SEATSOCC_B":20,"SEATSMAX_F":11,"SEATSOCC_F":11},{"CARRID":"QF","CONNID":6,"FLDATE":"2021-02-08","PRICE":788.64,"CURRENCY":"AUD","PLANETYPE":"767-200","SEATSMAX":260,"SEATSOCC":252,"PAYMENTSUM":235708.82,"SEATSMAX_B":21,"SEATSOCC_B":20,"SEATSMAX_F":11,"SEATSOCC_F":10},{"CARRID":"QF","CONNID":6,"FLDATE":"2021-03-12","PRICE":788.64,"CURRENCY":"AUD","PLANETYPE":"767-200","SEATSMAX":260,"SEATSOCC":245,"PAYMENTSUM":228066.98,"SEATSMAX_B":21,"SEATSOCC_B":19,"SEATSMAX_F":11,"SEATSOCC_F":10},{"CARRID":"QF","CONNID":6,"FLDATE":"2021-04-13","PRICE":788.64,"CURRENCY":"AUD","PLANETYPE":"767-200","SEATSMAX":260,"SEATSOCC":249,"PAYMENTSUM":234257.82,"SEATSMAX_B":21,"SEATSOCC_B":19,"SEATSMAX_F":11,"SEATSOCC_F":11},{"CARRID":"QF","CONNID":6,"FLDATE":"2021-05-15","PRICE":788.64,"CURRENCY":"AUD","PLANETYPE":"767-200","SEATSMAX":260,"SEATSOCC":246,"PAYMENTSUM":225898.16,"SEATSMAX_B":21,"SEATSOCC_B":18,"SEATSMAX_F":11,"SEATSOCC_F":10},{"CARRID":"QF","CONNID":6,"FLDATE":"2021-06-16","PRICE":788.64,"CURRENCY":"AUD","PLANETYPE":"767-200","SEATSMAX":260,"SEATSOCC":253,"PAYMENTSUM":234352.39,"SEATSMAX_B":21,"SEATSOCC_B":19,"SEATSMAX_F":11,"SEATSOCC_F":10},{"CARRID":"QF","CONNID":6,"FLDATE":"2021-07-18","PRICE":788.64,"CURRENCY":"AUD","PLANETYPE":"767-200","SEATSMAX":260,"SEATSOCC":252,"PAYMENTSUM":235440.63,"SEATSMAX_B":21,"SEATSOCC_B":19,"SEATSMAX_F":11,"SEATSOCC_F":11},{"CARRID":"QF","CONNID":6,"FLDATE":"2021-08-19","PRICE":788.64,"CURRENCY":"AUD","PLANETYPE":"767-200","SEATSMAX":260,"SEATSOCC":251,"PAYMENTSUM":235685.27,"SEATSMAX_B":21,"SEATSOCC_B":20,"SEATSMAX_F":11,"SEATSOCC_F":11},{"CARRID":"QF","CONNID":6,"FLDATE":"2021-09-20","PRICE":788.64,"CURRENCY":"AUD","PLANETYPE":"767-200","SEATSMAX":260,"SEATSOCC":171,"PAYMENTSUM":159833.77,"SEATSMAX_B":21,"SEATSOCC_B":14,"SEATSMAX_F":11,"SEATSOCC_F":7},{"CARRID":"QF","CONNID":6,"FLDATE":"2021-10-22","PRICE":788.64,"CURRENCY":"AUD","PLANETYPE":"767-200","SEATSMAX":260,"SEATSOCC":5,"PAYMENTSUM":3824.91,"SEATSMAX_B":21,"SEATSMAX_F":11},{"CARRID":"QF","CONNID":6,"FLDATE":"2021-11-23","PRICE":788.64,"CURRENCY":"AUD","PLANETYPE":"767-200","SEATSMAX":260,"SEATSOCC":61,"PAYMENTSUM":58730.06,"SEATSMAX_B":21,"SEATSOCC_B":5,"SEATSMAX_F":11,"SEATSOCC_F":3},{"CARRID":"QF","CONNID":6,"FLDATE":"2021-12-25","PRICE":788.64,"CURRENCY":"AUD","PLANETYPE":"767-200","SEATSMAX":260,"SEATSOCC":22,"PAYMENTSUM":19715.99,"SEATSMAX_B":21,"SEATSOCC_B":1,"SEATSMAX_F":11,"SEATSOCC_F":1},{"CARRID":"QF","CONNID":6,"FLDATE":"2022-01-26","PRICE":788.64,"CURRENCY":"AUD","PLANETYPE":"767-200","SEATSMAX":260,"SEATSOCC":16,"PAYMENTSUM":15930.56,"SEATSMAX_B":21,"SEATSOCC_B":1,"SEATSMAX_F":11,"SEATSOCC_F":1},{"CARRID":"SQ","CONNID":2,"FLDATE":"2021-01-08","PRICE":2320.04,"CURRENCY":"SGD","PLANETYPE":"A380-800","SEATSMAX":475,"SEATSOCC":475,"PAYMENTSUM":1277669.58,"SEATSMAX_B":30,"SEATSOCC_B":30,"SEATSMAX_F":20,"SEATSOCC_F":20},{"CARRID":"SQ","CONNID":2,"FLDATE":"2021-02-09","PRICE":2320.04,"CURRENCY":"SGD","PLANETYPE":"A380-800","SEATSMAX":475,"SEATSOCC":467,"PAYMENTSUM":1253007.47,"SEATSMAX_B":30,"SEATSOCC_B":29,"SEATSMAX_F":20,"SEATSOCC_F":20},{"CARRID":"SQ","CONNID":2,"FLDATE":"2021-03-13","PRICE":2320.04,"CURRENCY":"SGD","PLANETYPE":"A380-800","SEATSMAX":475,"SEATSOCC":467,"PAYMENTSUM":1257833.30,"SEATSMAX_B":30,"SEATSOCC_B":29,"SEATSMAX_F":20,"SEATSOCC_F":20},{"CARRID":"SQ","CONNID":2,"FLDATE":"2021-04-14","PRICE":2320.04,"CURRENCY":"SGD","PLANETYPE":"A380-800","SEATSMAX":475,"SEATSOCC":469,"PAYMENTSUM":1264909.31,"SEATSMAX_B":30,"SEATSOCC_B":30,"SEATSMAX_F":20,"SEATSOCC_F":20},{"CARRID":"SQ","CONNID":2,"FLDATE":"2021-05-16","PRICE":2320.04,"CURRENCY":"SGD","PLANETYPE":"A380-800","SEATSMAX":475,"SEATSOCC":475,"PAYMENTSUM":1280940.81,"SEATSMAX_B":30,"SEATSOCC_B":30,"SEATSMAX_F":20,"SEATSOCC_F":20},{"CARRID":"SQ","CONNID":2,"FLDATE":"2021-06-17","PRICE":2320.04,"CURRENCY":"SGD","PLANETYPE":"A380-800","SEATSMAX":475,"SEATSOCC":475,"PAYMENTSUM":1278203.20,"SEATSMAX_B":30,"SEATSOCC_B":30,"SEATSMAX_F":20,"SEATSOCC_F":20},{"CARRID":"SQ","CONNID":2,"FLDATE":"2021-07-19","PRICE":2320.04,"CURRENCY":"SGD","PLANETYPE":"A380-800","SEATSMAX":475,"SEATSOCC":466,"PAYMENTSUM":1251754.68,"SEATSMAX_B":30,"SEATSOCC_B":29,"SEATSMAX_F":20,"SEATSOCC_F":20},{"CARRID":"SQ","CONNID":2,"FLDATE":"2021-08-20","PRICE":2320.04,"CURRENCY":"SGD","PLANETYPE":"A380-800","SEATSMAX":475,"SEATSOCC":466,"PAYMENTSUM":1251290.75,"SEATSMAX_B":30,"SEATSOCC_B":29,"SEATSMAX_F":20,"SEATSOCC_F":20},{"CARRID":"SQ","CONNID":2,"FLDATE":"2021-09-21","PRICE":2320.04,"CURRENCY":"SGD","PLANETYPE":"A380-800","SEATSMAX":475,"SEATSOCC":30,"PAYMENTSUM":79763.01,"SEATSMAX_B":30,"SEATSOCC_B":2,"SEATSMAX_F":20,"SEATSOCC_F":1},{"CARRID":"SQ","CONNID":2,"FLDATE":"2021-10-23","PRICE":2320.04,"CURRENCY":"SGD","PLANETYPE":"A380-800","SEATSMAX":475,"SEATSOCC":206,"PAYMENTSUM":553144.07,"SEATSMAX_B":30,"SEATSOCC_B":13,"SEATSMAX_F":20,"SEATSOCC_F":9},{"CARRID":"SQ","CONNID":2,"FLDATE":"2021-11-24","PRICE":2320.04,"CURRENCY":"SGD","PLANETYPE":"A380-800","SEATSMAX":475,"SEATSOCC":56,"PAYMENTSUM":150686.64,"SEATSMAX_B":30,"SEATSOCC_B":4,"SEATSMAX_F":20,"SEATSOCC_F":2},{"CARRID":"SQ","CONNID":2,"FLDATE":"2021-12-26","PRICE":2320.04,"CURRENCY":"SGD","PLANETYPE":"A380-800","SEATSMAX":475,"SEATSMAX_B":30,"SEATSMAX_F":20},{"CARRID":"SQ","CONNID":2,"FLDATE":"2022-01-27","PRICE":2320.04,"CURRENCY":"SGD","PLANETYPE":"A380-800","SEATSMAX":475,"SEATSOCC":15,"PAYMENTSUM":42108.73,"SEATSMAX_B":30,"SEATSOCC_B":1,"SEATSMAX_F":20,"SEATSOCC_F":1},{"CARRID":"SQ","CONNID":15,"FLDATE":"2021-01-07","PRICE":2320.04,"CURRENCY":"SGD","PLANETYPE":"A380-800","SEATSMAX":475,"SEATSOCC":465,"PAYMENTSUM":1262357.38,"SEATSMAX_B":30,"SEATSOCC_B":29,"SEATSMAX_F":20,"SEATSOCC_F":20},{"CARRID":"SQ","CONNID":15,"FLDATE":"2021-02-08","PRICE":2320.04,"CURRENCY":"SGD","PLANETYPE":"A380-800","SEATSMAX":475,"SEATSOCC":473,"PAYMENTSUM":1270616.56,"SEATSMAX_B":30,"SEATSOCC_B":30,"SEATSMAX_F":20,"SEATSOCC_F":20},{"CARRID":"SQ","CONNID":15,"FLDATE":"2021-03-12","PRICE":2320.04,"CURRENCY":"SGD","PLANETYPE":"A380-800","SEATSMAX":475,"SEATSOCC":475,"PAYMENTSUM":1277182.29,"SEATSMAX_B":30,"SEATSOCC_B":30,"SEATSMAX_F":20,"SEATSOCC_F":20},{"CARRID":"SQ","CONNID":15,"FLDATE":"2021-04-13","PRICE":2320.04,"CURRENCY":"SGD","PLANETYPE":"A380-800","SEATSMAX":475,"SEATSOCC":475,"PAYMENTSUM":1274143.02,"SEATSMAX_B":30,"SEATSOCC_B":30,"SEATSMAX_F":20,"SEATSOCC_F":20},{"CARRID":"SQ","CONNID":15,"FLDATE":"2021-05-15","PRICE":2320.04,"CURRENCY":"SGD","PLANETYPE":"A380-800","SEATSMAX":475,"SEATSOCC":474,"PAYMENTSUM":1273934.24,"SEATSMAX_B":30,"SEATSOCC_B":30,"SEATSMAX_F":20,"SEATSOCC_F":20},{"CARRID":"SQ","CONNID":15,"FLDATE":"2021-06-16","PRICE":2320.04,"CURRENCY":"SGD","PLANETYPE":"A380-800","SEATSMAX":475,"SEATSOCC":470,"PAYMENTSUM":1268226.86,"SEATSMAX_B":30,"SEATSOCC_B":30,"SEATSMAX_F":20,"SEATSOCC_F":20},{"CARRID":"SQ","CONNID":15,"FLDATE":"2021-07-18","PRICE":2320.04,"CURRENCY":"SGD","PLANETYPE":"A380-800","SEATSMAX":475,"SEATSOCC":475,"PAYMENTSUM":1273887.76,"SEATSMAX_B":30,"SEATSOCC_B":30,"SEATSMAX_F":20,"SEATSOCC_F":20},{"CARRID":"SQ","CONNID":15,"FLDATE":"2021-08-19","PRICE":2320.04,"CURRENCY":"SGD","PLANETYPE":"A380-800","SEATSMAX":475,"SEATSOCC":465,"PAYMENTSUM":1253587.50,"SEATSMAX_B":30,"SEATSOCC_B":29,"SEATSMAX_F":20,"SEATSOCC_F":20},{"CARRID":"SQ","CONNID":15,"FLDATE":"2021-09-20","PRICE":2320.04,"CURRENCY":"SGD","PLANETYPE":"A380-800","SEATSMAX":475,"SEATSOCC":282,"PAYMENTSUM":762713.34,"SEATSMAX_B":30,"SEATSOCC_B":18,"SEATSMAX_F":20,"SEATSOCC_F":12},{"CARRID":"SQ","CONNID":15,"FLDATE":"2021-10-22","PRICE":2320.04,"CURRENCY":"SGD","PLANETYPE":"A380-800","SEATSMAX":475,"SEATSOCC":65,"PAYMENTSUM":174188.60,"SEATSMAX_B":30,"SEATSOCC_B":4,"SEATSMAX_F":20,"SEATSOCC_F":3},{"CARRID":"SQ","CONNID":15,"FLDATE":"2021-11-23","PRICE":2320.04,"CURRENCY":"SGD","PLANETYPE":"A380-800","SEATSMAX":475,"SEATSOCC":83,"PAYMENTSUM":218292.58,"SEATSMAX_B":30,"SEATSOCC_B":5,"SEATSMAX_F":20,"SEATSOCC_F":3},{"CARRID":"SQ","CONNID":15,"FLDATE":"2021-12-25","PRICE":2320.04,"CURRENCY":"SGD","PLANETYPE":"A380-800","SEATSMAX":475,"SEATSOCC":90,"PAYMENTSUM":243743.44,"SEATSMAX_B":30,"SEATSOCC_B":6,"SEATSMAX_F":20,"SEATSOCC_F":4},{"CARRID":"SQ","CONNID":15,"FLDATE":"2022-01-26","PRICE":2320.04,"CURRENCY":"SGD","PLANETYPE":"A380-800","SEATSMAX":475,"SEATSMAX_B":30,"SEATSMAX_F":20},{"CARRID":"SQ","CONNID":158,"FLDATE":"2021-01-06","PRICE":494.79,"CURRENCY":"SGD","PLANETYPE":"A320-200","SEATSMAX":130,"SEATSOCC":130,"PAYMENTSUM":79784.76,"SEATSMAX_B":10,"SEATSOCC_B":10,"SEATSMAX_F":8,"SEATSOCC_F":8},{"CARRID":"SQ","CONNID":158,"FLDATE":"2021-02-07","PRICE":494.79,"CURRENCY":"SGD","PLANETYPE":"A320-200","SEATSMAX":130,"SEATSOCC":128,"PAYMENTSUM":78770.45,"SEATSMAX_B":10,"SEATSOCC_B":10,"SEATSMAX_F":8,"SEATSOCC_F":8},{"CARRID":"SQ","CONNID":158,"FLDATE":"2021-03-11","PRICE":494.79,"CURRENCY":"SGD","PLANETYPE":"A320-200","SEATSMAX":130,"SEATSOCC":127,"PAYMENTSUM":79141.55,"SEATSMAX_B":10,"SEATSOCC_B":10,"SEATSMAX_F":8,"SEATSOCC_F":8},{"CARRID":"SQ","CONNID":158,"FLDATE":"2021-04-12","PRICE":494.79,"CURRENCY":"SGD","PLANETYPE":"A320-200","SEATSMAX":130,"SEATSOCC":130,"PAYMENTSUM":79700.64,"SEATSMAX_B":10,"SEATSOCC_B":10,"SEATSMAX_F":8,"SEATSOCC_F":8},{"CARRID":"SQ","CONNID":158,"FLDATE":"2021-05-14","PRICE":494.79,"CURRENCY":"SGD","PLANETYPE":"A320-200","SEATSMAX":130,"SEATSOCC":126,"PAYMENTSUM":77449.37,"SEATSMAX_B":10,"SEATSOCC_B":10,"SEATSMAX_F":8,"SEATSOCC_F":8},{"CARRID":"SQ","CONNID":158,"FLDATE":"2021-06-15","PRICE":494.79,"CURRENCY":"SGD","PLANETYPE":"A320-200","SEATSMAX":130,"SEATSOCC":130,"PAYMENTSUM":80279.56,"SEATSMAX_B":10,"SEATSOCC_B":10,"SEATSMAX_F":8,"SEATSOCC_F":8},{"CARRID":"SQ","CONNID":158,"FLDATE":"2021-07-17","PRICE":494.79,"CURRENCY":"SGD","PLANETYPE":"A320-200","SEATSMAX":130,"SEATSOCC":130,"PAYMENTSUM":80393.38,"SEATSMAX_B":10,"SEATSOCC_B":10,"SEATSMAX_F":8,"SEATSOCC_F":8},{"CARRID":"SQ","CONNID":158,"FLDATE":"2021-08-18","PRICE":494.79,"CURRENCY":"SGD","PLANETYPE":"A320-200","SEATSMAX":130,"SEATSOCC":130,"PAYMENTSUM":80616.02,"SEATSMAX_B":10,"SEATSOCC_B":10,"SEATSMAX_F":8,"SEATSOCC_F":8},{"CARRID":"SQ","CONNID":158,"FLDATE":"2021-09-19","PRICE":494.79,"CURRENCY":"SGD","PLANETYPE":"A320-200","SEATSMAX":130,"SEATSOCC":27,"PAYMENTSUM":16956.43,"SEATSMAX_B":10,"SEATSOCC_B":2,"SEATSMAX_F":8,"SEATSOCC_F":2},{"CARRID":"SQ","CONNID":158,"FLDATE":"2021-10-21","PRICE":494.79,"CURRENCY":"SGD","PLANETYPE":"A320-200","SEATSMAX":130,"SEATSOCC":25,"PAYMENTSUM":15857.99,"SEATSMAX_B":10,"SEATSOCC_B":2,"SEATSMAX_F":8,"SEATSOCC_F":2},{"CARRID":"SQ","CONNID":158,"FLDATE":"2021-11-22","PRICE":494.79,"CURRENCY":"SGD","PLANETYPE":"A320-200","SEATSMAX":130,"SEATSOCC":25,"PAYMENTSUM":16105.39,"SEATSMAX_B":10,"SEATSOCC_B":2,"SEATSMAX_F":8,"SEATSOCC_F":2},{"CARRID":"SQ","CONNID":158,"FLDATE":"2021-12-24","PRICE":494.79,"CURRENCY":"SGD","PLANETYPE":"A320-200","SEATSMAX":130,"SEATSOCC":39,"PAYMENTSUM":23299.63,"SEATSMAX_B":10,"SEATSOCC_B":3,"SEATSMAX_F":8,"SEATSOCC_F":2},{"CARRID":"SQ","CONNID":158,"FLDATE":"2022-01-25","PRICE":494.79,"CURRENCY":"SGD","PLANETYPE":"A320-200","SEATSMAX":130,"SEATSOCC":16,"PAYMENTSUM":9460.37,"SEATSMAX_B":10,"SEATSOCC_B":1,"SEATSMAX_F":8,"SEATSOCC_F":1},{"CARRID":"SQ","CONNID":988,"FLDATE":"2021-01-08","PRICE":910.15,"CURRENCY":"SGD","PLANETYPE":"A340-600","SEATSMAX":330,"SEATSOCC":321,"PAYMENTSUM":366226.73,"SEATSMAX_B":30,"SEATSOCC_B":29,"SEATSMAX_F":20,"SEATSOCC_F":19},{"CARRID":"SQ","CONNID":988,"FLDATE":"2021-02-09","PRICE":910.15,"CURRENCY":"SGD","PLANETYPE":"A340-600","SEATSMAX":330,"SEATSOCC":330,"PAYMENTSUM":378786.81,"SEATSMAX_B":30,"SEATSOCC_B":30,"SEATSMAX_F":20,"SEATSOCC_F":20},{"CARRID":"SQ","CONNID":988,"FLDATE":"2021-03-13","PRICE":910.15,"CURRENCY":"SGD","PLANETYPE":"A340-600","SEATSMAX":330,"SEATSOCC":324,"PAYMENTSUM":372688.76,"SEATSMAX_B":30,"SEATSOCC_B":29,"SEATSMAX_F":20,"SEATSOCC_F":20},{"CARRID":"SQ","CONNID":988,"FLDATE":"2021-04-14","PRICE":910.15,"CURRENCY":"SGD","PLANETYPE":"A340-600","SEATSMAX":330,"SEATSOCC":330,"PAYMENTSUM":379878.89,"SEATSMAX_B":30,"SEATSOCC_B":30,"SEATSMAX_F":20,"SEATSOCC_F":20},{"CARRID":"SQ","CONNID":988,"FLDATE":"2021-05-16","PRICE":910.15,"CURRENCY":"SGD","PLANETYPE":"A340-600","SEATSMAX":330,"SEATSOCC":330,"PAYMENTSUM":378295.27,"SEATSMAX_B":30,"SEATSOCC_B":30,"SEATSMAX_F":20,"SEATSOCC_F":20},{"CARRID":"SQ","CONNID":988,"FLDATE":"2021-06-17","PRICE":910.15,"CURRENCY":"SGD","PLANETYPE":"A340-600","SEATSMAX":330,"SEATSOCC":329,"PAYMENTSUM":378340.72,"SEATSMAX_B":30,"SEATSOCC_B":30,"SEATSMAX_F":20,"SEATSOCC_F":20},{"CARRID":"SQ","CONNID":988,"FLDATE":"2021-07-19","PRICE":910.15,"CURRENCY":"SGD","PLANETYPE":"A340-600","SEATSMAX":330,"SEATSOCC":330,"PAYMENTSUM":379751.48,"SEATSMAX_B":30,"SEATSOCC_B":30,"SEATSMAX_F":20,"SEATSOCC_F":20},{"CARRID":"SQ","CONNID":988,"FLDATE":"2021-08-20","PRICE":910.15,"CURRENCY":"SGD","PLANETYPE":"A340-600","SEATSMAX":330,"SEATSOCC":330,"PAYMENTSUM":380661.56,"SEATSMAX_B":30,"SEATSOCC_B":30,"SEATSMAX_F":20,"SEATSOCC_F":20},{"CARRID":"SQ","CONNID":988,"FLDATE":"2021-09-21","PRICE":910.15,"CURRENCY":"SGD","PLANETYPE":"A340-600","SEATSMAX":330,"SEATSOCC":66,"PAYMENTSUM":74668.82,"SEATSMAX_B":30,"SEATSOCC_B":6,"SEATSMAX_F":20,"SEATSOCC_F":4},{"CARRID":"SQ","CONNID":988,"FLDATE":"2021-10-23","PRICE":910.15,"CURRENCY":"SGD","PLANETYPE":"A340-600","SEATSMAX":330,"SEATSOCC":87,"PAYMENTSUM":98988.05,"SEATSMAX_B":30,"SEATSOCC_B":8,"SEATSMAX_F":20,"SEATSOCC_F":5},{"CARRID":"SQ","CONNID":988,"FLDATE":"2021-11-24","PRICE":910.15,"CURRENCY":"SGD","PLANETYPE":"A340-600","SEATSMAX":330,"SEATSOCC":2,"PAYMENTSUM":1729.29,"SEATSMAX_B":30,"SEATSMAX_F":20},{"CARRID":"SQ","CONNID":988,"FLDATE":"2021-12-26","PRICE":910.15,"CURRENCY":"SGD","PLANETYPE":"A340-600","SEATSMAX":330,"SEATSOCC":60,"PAYMENTSUM":68579.91,"SEATSMAX_B":30,"SEATSOCC_B":5,"SEATSMAX_F":20,"SEATSOCC_F":4},{"CARRID":"SQ","CONNID":988,"FLDATE":"2022-01-27","PRICE":910.15,"CURRENCY":"SGD","PLANETYPE":"A340-600","SEATSMAX":330,"SEATSOCC":4,"PAYMENTSUM":3367.56,"SEATSMAX_B":30,"SEATSMAX_F":20},{"CARRID":"UA","CONNID":941,"FLDATE":"2021-01-08","PRICE":879.82,"CURRENCY":"USD","PLANETYPE":"767-200","SEATSMAX":260,"SEATSOCC":250,"PAYMENTSUM":264843.88,"SEATSMAX_B":21,"SEATSOCC_B":21,"SEATSMAX_F":11,"SEATSOCC_F":11},{"CARRID":"UA","CONNID":941,"FLDATE":"2021-02-09","PRICE":879.82,"CURRENCY":"USD","PLANETYPE":"767-200","SEATSMAX":260,"SEATSOCC":244,"PAYMENTSUM":258280.41,"SEATSMAX_B":21,"SEATSOCC_B":20,"SEATSMAX_F":11,"SEATSOCC_F":11},{"CARRID":"UA","CONNID":941,"FLDATE":"2021-03-13","PRICE":879.82,"CURRENCY":"USD","PLANETYPE":"767-200","SEATSMAX":260,"SEATSOCC":249,"PAYMENTSUM":262749.94,"SEATSMAX_B":21,"SEATSOCC_B":21,"SEATSMAX_F":11,"SEATSOCC_F":11},{"CARRID":"UA","CONNID":941,"FLDATE":"2021-04-14","PRICE":879.82,"CURRENCY":"USD","PLANETYPE":"767-200","SEATSMAX":260,"SEATSOCC":245,"PAYMENTSUM":255790.54,"SEATSMAX_B":21,"SEATSOCC_B":20,"SEATSMAX_F":11,"SEATSOCC_F":10},{"CARRID":"UA","CONNID":941,"FLDATE":"2021-05-16","PRICE":879.82,"CURRENCY":"USD","PLANETYPE":"767-200","SEATSMAX":260,"SEATSOCC":243,"PAYMENTSUM":254101.28,"SEATSMAX_B":21,"SEATSOCC_B":20,"SEATSMAX_F":11,"SEATSOCC_F":10},{"CARRID":"UA","CONNID":941,"FLDATE":"2021-05-28","PRICE":879.82,"CURRENCY":"USD","PLANETYPE":"767-200","SEATSMAX":260,"SEATSOCC":249,"PAYMENTSUM":262556.33,"SEATSMAX_B":21,"SEATSOCC_B":20,"SEATSMAX_F":11,"SEATSOCC_F":11},{"CARRID":"UA","CONNID":941,"FLDATE":"2021-06-17","PRICE":879.82,"CURRENCY":"USD","PLANETYPE":"767-200","SEATSMAX":260,"SEATSOCC":252,"PAYMENTSUM":264122.41,"SEATSMAX_B":21,"SEATSOCC_B":20,"SEATSMAX_F":11,"SEATSOCC_F":11},{"CARRID":"UA","CONNID":941,"FLDATE":"2021-06-28","PRICE":879.82,"CURRENCY":"USD","PLANETYPE":"767-200","SEATSMAX":260,"SEATSOCC":251,"PAYMENTSUM":260409.61,"SEATSMAX_B":21,"SEATSOCC_B":20,"SEATSMAX_F":11,"SEATSOCC_F":10},{"CARRID":"UA","CONNID":941,"FLDATE":"2021-07-19","PRICE":879.82,"CURRENCY":"USD","PLANETYPE":"767-200","SEATSMAX":260,"SEATSOCC":244,"PAYMENTSUM":257778.88,"SEATSMAX_B":21,"SEATSOCC_B":19,"SEATSMAX_F":11,"SEATSOCC_F":11},{"CARRID":"UA","CONNID":941,"FLDATE":"2021-08-20","PRICE":879.82,"CURRENCY":"USD","PLANETYPE":"767-200","SEATSMAX":260,"SEATSOCC":252,"PAYMENTSUM":266937.79,"SEATSMAX_B":21,"SEATSOCC_B":20,"SEATSMAX_F":11,"SEATSOCC_F":11},{"CARRID":"UA","CONNID":941,"FLDATE":"2021-09-21","PRICE":879.82,"CURRENCY":"USD","PLANETYPE":"767-200","SEATSMAX":260,"SEATSOCC":154,"PAYMENTSUM":161939.95,"SEATSMAX_B":21,"SEATSOCC_B":12,"SEATSMAX_F":11,"SEATSOCC_F":7},{"CARRID":"UA","CONNID":941,"FLDATE":"2021-10-23","PRICE":879.82,"CURRENCY":"USD","PLANETYPE":"767-200","SEATSMAX":260,"SEATSOCC":23,"PAYMENTSUM":25162.87,"SEATSMAX_B":21,"SEATSOCC_B":2,"SEATSMAX_F":11,"SEATSOCC_F":1},{"CARRID":"UA","CONNID":941,"FLDATE":"2021-11-24","PRICE":879.82,"CURRENCY":"USD","PLANETYPE":"767-200","SEATSMAX":260,"SEATSOCC":30,"PAYMENTSUM":29817.16,"SEATSMAX_B":21,"SEATSOCC_B":2,"SEATSMAX_F":11,"SEATSOCC_F":1},{"CARRID":"UA","CONNID":941,"FLDATE":"2021-12-26","PRICE":879.82,"CURRENCY":"USD","PLANETYPE":"767-200","SEATSMAX":260,"SEATSMAX_B":21,"SEATSMAX_F":11},{"CARRID":"UA","CONNID":941,"FLDATE":"2022-01-27","PRICE":879.82,"CURRENCY":"USD","PLANETYPE":"767-200","SEATSMAX":260,"SEATSOCC":13,"PAYMENTSUM":14297.11,"SEATSMAX_B":21,"SEATSOCC_B":1,"SEATSMAX_F":11,"SEATSOCC_F":1},{"CARRID":"UA","CONNID":3504,"FLDATE":"2021-01-09","PRICE":879.82,"CURRENCY":"USD","PLANETYPE":"A380-800","SEATSMAX":475,"SEATSOCC":453,"PAYMENTSUM":461545.61,"SEATSMAX_B":30,"SEATSOCC_B":29,"SEATSMAX_F":20,"SEATSOCC_F":19},{"CARRID":"UA","CONNID":3504,"FLDATE":"2021-02-10","PRICE":879.82,"CURRENCY":"USD","PLANETYPE":"A380-800","SEATSMAX":475,"SEATSOCC":455,"PAYMENTSUM":463164.51,"SEATSMAX_B":30,"SEATSOCC_B":30,"SEATSMAX_F":20,"SEATSOCC_F":19},{"CARRID":"UA","CONNID":3504,"FLDATE":"2021-03-14","PRICE":879.82,"CURRENCY":"USD","PLANETYPE":"A380-800","SEATSMAX":475,"SEATSOCC":459,"PAYMENTSUM":472868.79,"SEATSMAX_B":30,"SEATSOCC_B":30,"SEATSMAX_F":20,"SEATSOCC_F":20},{"CARRID":"UA","CONNID":3504,"FLDATE":"2021-04-15","PRICE":879.82,"CURRENCY":"USD","PLANETYPE":"A380-800","SEATSMAX":475,"SEATSOCC":455,"PAYMENTSUM":465346.39,"SEATSMAX_B":30,"SEATSOCC_B":28,"SEATSMAX_F":20,"SEATSOCC_F":20},{"CARRID":"UA","CONNID":3504,"FLDATE":"2021-05-17","PRICE":879.82,"CURRENCY":"USD","PLANETYPE":"A380-800","SEATSMAX":475,"SEATSOCC":461,"PAYMENTSUM":467519.58,"SEATSMAX_B":30,"SEATSOCC_B":27,"SEATSMAX_F":20,"SEATSOCC_F":20},{"CARRID":"UA","CONNID":3504,"FLDATE":"2021-05-28","PRICE":879.82,"CURRENCY":"USD","PLANETYPE":"A380-800","SEATSMAX":475,"SEATSOCC":452,"PAYMENTSUM":458633.35,"SEATSMAX_B":30,"SEATSOCC_B":28,"SEATSMAX_F":20,"SEATSOCC_F":18},{"CARRID":"UA","CONNID":3504,"FLDATE":"2021-06-18","PRICE":879.82,"CURRENCY":"USD","PLANETYPE":"A380-800","SEATSMAX":475,"SEATSOCC":453,"PAYMENTSUM":465425.58,"SEATSMAX_B":30,"SEATSOCC_B":29,"SEATSMAX_F":20,"SEATSOCC_F":20},{"CARRID":"UA","CONNID":3504,"FLDATE":"2021-06-28","PRICE":879.82,"CURRENCY":"USD","PLANETYPE":"A380-800","SEATSMAX":475,"SEATSOCC":459,"PAYMENTSUM":466727.75,"SEATSMAX_B":30,"SEATSOCC_B":29,"SEATSMAX_F":20,"SEATSOCC_F":19},{"CARRID":"UA","CONNID":3504,"FLDATE":"2021-07-20","PRICE":879.82,"CURRENCY":"USD","PLANETYPE":"A380-800","SEATSMAX":475,"SEATSOCC":457,"PAYMENTSUM":471769.08,"SEATSMAX_B":30,"SEATSOCC_B":30,"SEATSMAX_F":20,"SEATSOCC_F":20},{"CARRID":"UA","CONNID":3504,"FLDATE":"2021-08-21","PRICE":879.82,"CURRENCY":"USD","PLANETYPE":"A380-800","SEATSMAX":475,"SEATSOCC":459,"PAYMENTSUM":470106.26,"SEATSMAX_B":30,"SEATSOCC_B":30,"SEATSMAX_F":20,"SEATSOCC_F":20},{"CARRID":"UA","CONNID":3504,"FLDATE":"2021-09-22","PRICE":879.82,"CURRENCY":"USD","PLANETYPE":"A380-800","SEATSMAX":475,"SEATSOCC":170,"PAYMENTSUM":173711.96,"SEATSMAX_B":30,"SEATSOCC_B":11,"SEATSMAX_F":20,"SEATSOCC_F":7},{"CARRID":"UA","CONNID":3504,"FLDATE":"2021-10-24","PRICE":879.82,"CURRENCY":"USD","PLANETYPE":"A380-800","SEATSMAX":475,"SEATSOCC":24,"PAYMENTSUM":24854.97,"SEATSMAX_B":30,"SEATSOCC_B":2,"SEATSMAX_F":20,"SEATSOCC_F":1},{"CARRID":"UA","CONNID":3504,"FLDATE":"2021-11-25","PRICE":879.82,"CURRENCY":"USD","PLANETYPE":"A380-800","SEATSMAX":475,"SEATSOCC":31,"PAYMENTSUM":30969.72,"SEATSMAX_B":30,"SEATSOCC_B":2,"SEATSMAX_F":20,"SEATSOCC_F":1},{"CARRID":"UA","CONNID":3504,"FLDATE":"2021-12-27","PRICE":879.82,"CURRENCY":"USD","PLANETYPE":"A380-800","SEATSMAX":475,"SEATSMAX_B":30,"SEATSMAX_F":20},{"CARRID":"UA","CONNID":3504,"FLDATE":"2022-01-28","PRICE":879.82,"CURRENCY":"USD","PLANETYPE":"A380-800","SEATSMAX":475,"SEATSOCC":5,"PAYMENTSUM":4047.18,"SEATSMAX_B":30,"SEATSMAX_F":20},{"CARRID":"UA","CONNID":3516,"FLDATE":"2021-01-06","PRICE":611.01,"CURRENCY":"USD","PLANETYPE":"A380-800","SEATSMAX":475,"SEATSOCC":462,"PAYMENTSUM":326750.23,"SEATSMAX_B":30,"SEATSOCC_B":30,"SEATSMAX_F":20,"SEATSOCC_F":18},{"CARRID":"UA","CONNID":3516,"FLDATE":"2021-02-07","PRICE":611.01,"CURRENCY":"USD","PLANETYPE":"A380-800","SEATSMAX":475,"SEATSOCC":459,"PAYMENTSUM":323475.23,"SEATSMAX_B":30,"SEATSOCC_B":28,"SEATSMAX_F":20,"SEATSOCC_F":19},{"CARRID":"UA","CONNID":3516,"FLDATE":"2021-03-11","PRICE":611.01,"CURRENCY":"USD","PLANETYPE":"A380-800","SEATSMAX":475,"SEATSOCC":460,"PAYMENTSUM":327391.80,"SEATSMAX_B":30,"SEATSOCC_B":29,"SEATSMAX_F":20,"SEATSOCC_F":20},{"CARRID":"UA","CONNID":3516,"FLDATE":"2021-04-12","PRICE":611.01,"CURRENCY":"USD","PLANETYPE":"A380-800","SEATSMAX":475,"SEATSOCC":459,"PAYMENTSUM":323463.04,"SEATSMAX_B":30,"SEATSOCC_B":28,"SEATSMAX_F":20,"SEATSOCC_F":20},{"CARRID":"UA","CONNID":3516,"FLDATE":"2021-05-14","PRICE":611.01,"CURRENCY":"USD","PLANETYPE":"A380-800","SEATSMAX":475,"SEATSOCC":459,"PAYMENTSUM":324990.53,"SEATSMAX_B":30,"SEATSOCC_B":29,"SEATSMAX_F":20,"SEATSOCC_F":19},{"CARRID":"UA","CONNID":3516,"FLDATE":"2021-05-28","PRICE":611.01,"CURRENCY":"USD","PLANETYPE":"A380-800","SEATSMAX":475,"SEATSOCC":453,"PAYMENTSUM":324043.47,"SEATSMAX_B":30,"SEATSOCC_B":30,"SEATSMAX_F":20,"SEATSOCC_F":20},{"CARRID":"UA","CONNID":3516,"FLDATE":"2021-06-15","PRICE":611.01,"CURRENCY":"USD","PLANETYPE":"A380-800","SEATSMAX":475,"SEATSOCC":455,"PAYMENTSUM":325204.39,"SEATSMAX_B":30,"SEATSOCC_B":30,"SEATSMAX_F":20,"SEATSOCC_F":20},{"CARRID":"UA","CONNID":3516,"FLDATE":"2021-06-28","PRICE":611.01,"CURRENCY":"USD","PLANETYPE":"A380-800","SEATSMAX":475,"SEATSOCC":456,"PAYMENTSUM":323322.46,"SEATSMAX_B":30,"SEATSOCC_B":30,"SEATSMAX_F":20,"SEATSOCC_F":18},{"CARRID":"UA","CONNID":3516,"FLDATE":"2021-07-17","PRICE":611.01,"CURRENCY":"USD","PLANETYPE":"A380-800","SEATSMAX":475,"SEATSOCC":461,"PAYMENTSUM":326878.52,"SEATSMAX_B":30,"SEATSOCC_B":28,"SEATSMAX_F":20,"SEATSOCC_F":19},{"CARRID":"UA","CONNID":3516,"FLDATE":"2021-08-18","PRICE":611.01,"CURRENCY":"USD","PLANETYPE":"A380-800","SEATSMAX":475,"SEATSOCC":460,"PAYMENTSUM":326957.96,"SEATSMAX_B":30,"SEATSOCC_B":29,"SEATSMAX_F":20,"SEATSOCC_F":19},{"CARRID":"UA","CONNID":3516,"FLDATE":"2021-09-19","PRICE":611.01,"CURRENCY":"USD","PLANETYPE":"A380-800","SEATSMAX":475,"SEATSOCC":18,"PAYMENTSUM":13497.22,"SEATSMAX_B":30,"SEATSOCC_B":1,"SEATSMAX_F":20,"SEATSOCC_F":1},{"CARRID":"UA","CONNID":3516,"FLDATE":"2021-10-21","PRICE":611.01,"CURRENCY":"USD","PLANETYPE":"A380-800","SEATSMAX":475,"SEATSOCC":59,"PAYMENTSUM":42068.09,"SEATSMAX_B":30,"SEATSOCC_B":3,"SEATSMAX_F":20,"SEATSOCC_F":3},{"CARRID":"UA","CONNID":3516,"FLDATE":"2021-11-22","PRICE":611.01,"CURRENCY":"USD","PLANETYPE":"A380-800","SEATSMAX":475,"SEATSOCC":71,"PAYMENTSUM":49895.14,"SEATSMAX_B":30,"SEATSOCC_B":4,"SEATSMAX_F":20,"SEATSOCC_F":3},{"CARRID":"UA","CONNID":3516,"FLDATE":"2021-12-24","PRICE":611.01,"CURRENCY":"USD","PLANETYPE":"A380-800","SEATSMAX":475,"SEATSOCC":105,"PAYMENTSUM":75038.25,"SEATSMAX_B":30,"SEATSOCC_B":7,"SEATSMAX_F":20,"SEATSOCC_F":5},{"CARRID":"UA","CONNID":3516,"FLDATE":"2022-01-25","PRICE":611.01,"CURRENCY":"USD","PLANETYPE":"A380-800","SEATSMAX":475,"SEATSOCC":15,"PAYMENTSUM":11267.04,"SEATSMAX_B":30,"SEATSOCC_B":1,"SEATSMAX_F":20,"SEATSOCC_F":1},{"CARRID":"UA","CONNID":3517,"FLDATE":"2021-01-05","PRICE":611.01,"CURRENCY":"USD","PLANETYPE":"747-400","SEATSMAX":385,"SEATSOCC":371,"PAYMENTSUM":278602.60,"SEATSMAX_B":31,"SEATSOCC_B":31,"SEATSMAX_F":21,"SEATSOCC_F":20},{"CARRID":"UA","CONNID":3517,"FLDATE":"2021-02-06","PRICE":611.01,"CURRENCY":"USD","PLANETYPE":"747-400","SEATSMAX":385,"SEATSOCC":364,"PAYMENTSUM":276714.55,"SEATSMAX_B":31,"SEATSOCC_B":30,"SEATSMAX_F":21,"SEATSOCC_F":21},{"CARRID":"UA","CONNID":3517,"FLDATE":"2021-03-10","PRICE":611.01,"CURRENCY":"USD","PLANETYPE":"747-400","SEATSMAX":385,"SEATSOCC":368,"PAYMENTSUM":275394.77,"SEATSMAX_B":31,"SEATSOCC_B":30,"SEATSMAX_F":21,"SEATSOCC_F":19},{"CARRID":"UA","CONNID":3517,"FLDATE":"2021-04-11","PRICE":611.01,"CURRENCY":"USD","PLANETYPE":"747-400","SEATSMAX":385,"SEATSOCC":366,"PAYMENTSUM":279421.32,"SEATSMAX_B":31,"SEATSOCC_B":31,"SEATSMAX_F":21,"SEATSOCC_F":21},{"CARRID":"UA","CONNID":3517,"FLDATE":"2021-05-13","PRICE":611.01,"CURRENCY":"USD","PLANETYPE":"747-400","SEATSMAX":385,"SEATSOCC":374,"PAYMENTSUM":277704.42,"SEATSMAX_B":31,"SEATSOCC_B":29,"SEATSMAX_F":21,"SEATSOCC_F":20},{"CARRID":"UA","CONNID":3517,"FLDATE":"2021-05-28","PRICE":611.01,"CURRENCY":"USD","PLANETYPE":"747-400","SEATSMAX":385,"SEATSOCC":371,"PAYMENTSUM":278376.54,"SEATSMAX_B":31,"SEATSOCC_B":30,"SEATSMAX_F":21,"SEATSOCC_F":21},{"CARRID":"UA","CONNID":3517,"FLDATE":"2021-06-14","PRICE":611.01,"CURRENCY":"USD","PLANETYPE":"747-400","SEATSMAX":385,"SEATSOCC":371,"PAYMENTSUM":279592.40,"SEATSMAX_B":31,"SEATSOCC_B":30,"SEATSMAX_F":21,"SEATSOCC_F":20},{"CARRID":"UA","CONNID":3517,"FLDATE":"2021-06-28","PRICE":611.01,"CURRENCY":"USD","PLANETYPE":"747-400","SEATSMAX":385,"SEATSOCC":372,"PAYMENTSUM":278755.34,"SEATSMAX_B":31,"SEATSOCC_B":30,"SEATSMAX_F":21,"SEATSOCC_F":20},{"CARRID":"UA","CONNID":3517,"FLDATE":"2021-07-16","PRICE":611.01,"CURRENCY":"USD","PLANETYPE":"747-400","SEATSMAX":385,"SEATSOCC":374,"PAYMENTSUM":279506.90,"SEATSMAX_B":31,"SEATSOCC_B":29,"SEATSMAX_F":21,"SEATSOCC_F":21},{"CARRID":"UA","CONNID":3517,"FLDATE":"2021-08-17","PRICE":611.01,"CURRENCY":"USD","PLANETYPE":"747-400","SEATSMAX":385,"SEATSOCC":368,"PAYMENTSUM":277741.07,"SEATSMAX_B":31,"SEATSOCC_B":30,"SEATSMAX_F":21,"SEATSOCC_F":21},{"CARRID":"UA","CONNID":3517,"FLDATE":"2021-09-18","PRICE":611.01,"CURRENCY":"USD","PLANETYPE":"747-400","SEATSMAX":385,"SEATSOCC":209,"PAYMENTSUM":156088.85,"SEATSMAX_B":31,"SEATSOCC_B":17,"SEATSMAX_F":21,"SEATSOCC_F":12},{"CARRID":"UA","CONNID":3517,"FLDATE":"2021-10-20","PRICE":611.01,"CURRENCY":"USD","PLANETYPE":"747-400","SEATSMAX":385,"SEATSOCC":160,"PAYMENTSUM":121316.18,"SEATSMAX_B":31,"SEATSOCC_B":13,"SEATSMAX_F":21,"SEATSOCC_F":9},{"CARRID":"UA","CONNID":3517,"FLDATE":"2021-11-21","PRICE":611.01,"CURRENCY":"USD","PLANETYPE":"747-400","SEATSMAX":385,"SEATSOCC":64,"PAYMENTSUM":49076.38,"SEATSMAX_B":31,"SEATSOCC_B":5,"SEATSMAX_F":21,"SEATSOCC_F":4},{"CARRID":"UA","CONNID":3517,"FLDATE":"2021-12-23","PRICE":611.01,"CURRENCY":"USD","PLANETYPE":"747-400","SEATSMAX":385,"SEATSOCC":37,"PAYMENTSUM":26139.04,"SEATSMAX_B":31,"SEATSOCC_B":3,"SEATSMAX_F":21,"SEATSOCC_F":1},{"CARRID":"UA","CONNID":3517,"FLDATE":"2022-01-24","PRICE":611.01,"CURRENCY":"USD","PLANETYPE":"747-400","SEATSMAX":385,"SEATSOCC":49,"PAYMENTSUM":36061.85,"SEATSMAX_B":31,"SEATSOCC_B":4,"SEATSMAX_F":21,"SEATSOCC_F":2}]