[{"CARRID":"AA","MEALNUMBER":1,"SPRACHE":"D","TEXT":"SEASONAL SALAD"},{"CARRID":"AA","MEALNUMBER":2,"SPRACHE":"D","TEXT":"NICE SALAD"},{"CARRID":"AA","MEALNUMBER":3,"SPRACHE":"D","TEXT":"PARIS SALAD"},{"CARRID":"AA","MEALNUMBER":4,"SPRACHE":"D","TEXT":"HAMBURG SALAD WITH FRESH SHRIMPS"},{"CARRID":"AA","MEALNUMBER":5,"SPRACHE":"D","TEXT":"QUAIL"},{"CARRID":"AA","MEALNUMBER":6,"SPRACHE":"D","TEXT":"DUCK ON LETTUCE"},{"CARRID":"AA","MEALNUMBER":7,"SPRACHE":"3","TEXT":"CARPACCIO"},{"CARRID":"AA","MEALNUMBER":7,"SPRACHE":"D","TEXT":"CARPACCIO"},{"CARRID":"AA","MEALNUMBER":7,"SPRACHE":"E","TEXT":"CARPACCIO"},{"CARRID":"AA","MEALNUMBER":8,"SPRACHE":"3","TEXT":"WIENER SCHNITZEL"},{"CARRID":"AA","MEALNUMBER":8,"SPRACHE":"D","TEXT":"WIENER SCHNITZEL"},{"CARRID":"AA","MEALNUMBER":8,"SPRACHE":"E","TEXT":"WIENER SCHNITZEL"},{"CARRID":"AA","MEALNUMBER":9,"SPRACHE":"D","TEXT":"PORK SCHNITZEL"},{"CARRID":"AA","MEALNUMBER":10,"SPRACHE":"D","TEXT":"SCHNITZEL WITH PEPPER SAUCE"},{"CARRID":"AA","MEALNUMBER":11,"SPRACHE":"D","TEXT":"CHICKEN AND FRENCH FRIES"},{"CARRID":"AA","MEALNUMBER":12,"SPRACHE":"D","TEXT":"TURKEY STEAK"},{"CARRID":"AA","MEALNUMBER":13,"SPRACHE":"D","TEXT":"BAVARIAN DUCK"},{"CARRID":"AA","MEALNUMBER":14,"SPRACHE":"D","TEXT":"KNUCKLE OF PORK"},{"CARRID":"AA","MEALNUMBER":15,"SPRACHE":"D","TEXT":"FILLET OF BEEF"},{"CARRID":"AA","MEALNUMBER":16,"SPRACHE":"D","TEXT":"TROUT AU BLEU"},{"CARRID":"AA","MEALNUMBER":17,"SPRACHE":"D","TEXT":"TROUT MEUNIERE"},{"CARRID":"AA","MEALNUMBER":18,"SPRACHE":"D","TEXT":"MONKFISH"},{"CARRID":"AA","MEALNUMBER":19,"SPRACHE":"D","TEXT":"SOLE"},{"CARRID":"AA","MEALNUMBER":20,"SPRACHE":"D","TEXT":"MINI FRIED SOLE"},{"CARRID":"AA","MEALNUMBER":21,"SPRACHE":"D","TEXT":"SALMON IN A BEARNAISE SAUCE"},{"CARRID":"AA","MEALNUMBER":22,"SPRACHE":"D","TEXT":"SALMON LASAGNE"},{"CARRID":"AA","MEALNUMBER":23,"SPRACHE":"D","TEXT":"CHOCOLATE ICE CREAM"},{"CARRID":"AA","MEALNUMBER":24,"SPRACHE":"D","TEXT":"VANILLA ICE CREAM"},{"CARRID":"AA","MEALNUMBER":25,"SPRACHE":"D","TEXT":"VANILLA ICE CREAM WITH HOT CHERRIES"},{"CARRID":"AA","MEALNUMBER":26,"SPRACHE":"D","TEXT":"VANILLA ICE CREAM WITH HOT RASPBERRIES"},{"CARRID":"AA","MEALNUMBER":27,"SPRACHE":"D","TEXT":"APPLE STRUDEL"},{"CARRID":"AA","MEALNUMBER":28,"SPRACHE":"D","TEXT":"RASPBERRY SORBET"},{"CARRID":"AA","MEALNUMBER":29,"SPRACHE":"D","TEXT":"STRAWBERRY SORBET"},{"CARRID":"AB","MEALNUMBER":1,"SPRACHE":"D","TEXT":"SEASONAL SALAD"},{"CARRID":"AB","MEALNUMBER":2,"SPRACHE":"D","TEXT":"NICE SALAD"},{"CARRID":"AB","MEALNUMBER":3,"SPRACHE":"D","TEXT":"PARIS SALAD"},{"CARRID":"AB","MEALNUMBER":4,"SPRACHE":"D","TEXT":"HAMBURG SALAD WITH FRESH SHRIMPS"},{"CARRID":"AB","MEALNUMBER":5,"SPRACHE":"D","TEXT":"QUAIL"},{"CARRID":"AB","MEALNUMBER":6,"SPRACHE":"D","TEXT":"DUCK ON LETTUCE"},{"CARRID":"AB","MEALNUMBER":7,"SPRACHE":"3","TEXT":"CARPACCIO"},{"CARRID":"AB","MEALNUMBER":7,"SPRACHE":"D","TEXT":"CARPACCIO"},{"CARRID":"AB","MEALNUMBER":7,"SPRACHE":"E","TEXT":"CARPACCIO"},{"CARRID":"AB","MEALNUMBER":8,"SPRACHE":"3","TEXT":"WIENER SCHNITZEL"},{"CARRID":"AB","MEALNUMBER":8,"SPRACHE":"D","TEXT":"WIENER SCHNITZEL"},{"CARRID":"AB","MEALNUMBER":8,"SPRACHE":"E","TEXT":"WIENER SCHNITZEL"},{"CARRID":"AB","MEALNUMBER":9,"SPRACHE":"D","TEXT":"PORK SCHNITZEL"},{"CARRID":"AB","MEALNUMBER":10,"SPRACHE":"D","TEXT":"SCHNITZEL WITH PEPPER SAUCE"},{"CARRID":"AB","MEALNUMBER":11,"SPRACHE":"D","TEXT":"CHICKEN AND FRENCH FRIES"},{"CARRID":"AB","MEALNUMBER":12,"SPRACHE":"D","TEXT":"TURKEY STEAK"},{"CARRID":"AB","MEALNUMBER":13,"SPRACHE":"D","TEXT":"BAVARIAN DUCK"},{"CARRID":"AB","MEALNUMBER":14,"SPRACHE":"D","TEXT":"KNUCKLE OF PORK"},{"CARRID":"AB","MEALNUMBER":15,"SPRACHE":"D","TEXT":"FILLET OF BEEF"},{"CARRID":"AB","MEALNUMBER":16,"SPRACHE":"D","TEXT":"TROUT AU BLEU"},{"CARRID":"AB","MEALNUMBER":17,"SPRACHE":"D","TEXT":"TROUT MEUNIERE"},{"CARRID":"AB","MEALNUMBER":18,"SPRACHE":"D","TEXT":"MONKFISH"},{"CARRID":"AB","MEALNUMBER":19,"SPRACHE":"D","TEXT":"SOLE"},{"CARRID":"AB","MEALNUMBER":20,"SPRACHE":"D","TEXT":"MINI FRIED SOLE"},{"CARRID":"AB","MEALNUMBER":21,"SPRACHE":"D","TEXT":"SALMON IN A BEARNAISE SAUCE"},{"CARRID":"AB","MEALNUMBER":22,"SPRACHE":"D","TEXT":"SALMON LASAGNE"},{"CARRID":"AB","MEALNUMBER":23,"SPRACHE":"D","TEXT":"CHOCOLATE ICE CREAM"},{"CARRID":"AB","MEALNUMBER":24,"SPRACHE":"D","TEXT":"VANILLA ICE CREAM"},{"CARRID":"AB","MEALNUMBER":25,"SPRACHE":"D","TEXT":"VANILLA ICE CREAM WITH HOT CHERRIES"},{"CARRID":"AB","MEALNUMBER":26,"SPRACHE":"D","TEXT":"VANILLA ICE CREAM WITH HOT RASPBERRIES"},{"CARRID":"AB","MEALNUMBER":27,"SPRACHE":"D","TEXT":"APPLE STRUDEL"},{"CARRID":"AB","MEALNUMBER":28,"SPRACHE":"D","TEXT":"RASPBERRY SORBET"},{"CARRID":"AB","MEALNUMBER":29,"SPRACHE":"D","TEXT":"STRAWBERRY SORBET"},{"CARRID":"AC","MEALNUMBER":1,"SPRACHE":"D","TEXT":"SEASONAL SALAD"},{"CARRID":"AC","MEALNUMBER":2,"SPRACHE":"D","TEXT":"NICE SALAD"},{"CARRID":"AC","MEALNUMBER":3,"SPRACHE":"D","TEXT":"PARIS SALAD"},{"CARRID":"AC","MEALNUMBER":4,"SPRACHE":"D","TEXT":"HAMBURG SALAD WITH FRESH SHRIMPS"},{"CARRID":"AC","MEALNUMBER":5,"SPRACHE":"D","TEXT":"QUAIL"},{"CARRID":"AC","MEALNUMBER":6,"SPRACHE":"D","TEXT":"DUCK ON LETTUCE"},{"CARRID":"AC","MEALNUMBER":7,"SPRACHE":"3","TEXT":"CARPACCIO"},{"CARRID":"AC","MEALNUMBER":7,"SPRACHE":"D","TEXT":"CARPACCIO"},{"CARRID":"AC","MEALNUMBER":7,"SPRACHE":"E","TEXT":"CARPACCIO"},{"CARRID":"AC","MEALNUMBER":8,"SPRACHE":"3","TEXT":"WIENER SCHNITZEL"},{"CARRID":"AC","MEALNUMBER":8,"SPRACHE":"D","TEXT":"WIENER SCHNITZEL"},{"CARRID":"AC","MEALNUMBER":8,"SPRACHE":"E","TEXT":"WIENER SCHNITZEL"},{"CARRID":"AC","MEALNUMBER":9,"SPRACHE":"D","TEXT":"PORK SCHNITZEL"},{"CARRID":"AC","MEALNUMBER":10,"SPRACHE":"D","TEXT":"SCHNITZEL WITH PEPPER SAUCE"},{"CARRID":"AC","MEALNUMBER":11,"SPRACHE":"D","TEXT":"CHICKEN AND FRENCH FRIES"},{"CARRID":"AC","MEALNUMBER":12,"SPRACHE":"D","TEXT":"TURKEY STEAK"},{"CARRID":"AC","MEALNUMBER":13,"SPRACHE":"D","TEXT":"BAVARIAN DUCK"},{"CARRID":"AC","MEALNUMBER":14,"SPRACHE":"D","TEXT":"KNUCKLE OF PORK"},{"CARRID":"AC","MEALNUMBER":15,"SPRACHE":"D","TEXT":"FILLET OF BEEF"},{"CARRID":"AC","MEALNUMBER":16,"SPRACHE":"D","TEXT":"TROUT AU BLEU"},{"CARRID":"AC","MEALNUMBER":17,"SPRACHE":"D","TEXT":"TROUT MEUNIERE"},{"CARRID":"AC","MEALNUMBER":18,"SPRACHE":"D","TEXT":"MONKFISH"},{"CARRID":"AC","MEALNUMBER":19,"SPRACHE":"D","TEXT":"SOLE"},{"CARRID":"AC","MEALNUMBER":20,"SPRACHE":"D","TEXT":"MINI FRIED SOLE"},{"CARRID":"AC","MEALNUMBER":21,"SPRACHE":"D","TEXT":"SALMON IN A BEARNAISE SAUCE"},{"CARRID":"AC","MEALNUMBER":22,"SPRACHE":"D","TEXT":"SALMON LASAGNE"},{"CARRID":"AC","MEALNUMBER":23,"SPRACHE":"D","TEXT":"CHOCOLATE ICE CREAM"},{"CARRID":"AC","MEALNUMBER":24,"SPRACHE":"D","TEXT":"VANILLA ICE CREAM"},{"CARRID":"AC","MEALNUMBER":25,"SPRACHE":"D","TEXT":"VANILLA ICE CREAM WITH HOT CHERRIES"},{"CARRID":"AC","MEALNUMBER":26,"SPRACHE":"D","TEXT":"VANILLA ICE CREAM WITH HOT RASPBERRIES"},{"CARRID":"AC","MEALNUMBER":27,"SPRACHE":"D","TEXT":"APPLE STRUDEL"},{"CARRID":"AC","MEALNUMBER":28,"SPRACHE":"D","TEXT":"RASPBERRY SORBET"},{"CARRID":"AC","MEALNUMBER":29,"SPRACHE":"D","TEXT":"STRAWBERRY SORBET"},{"CARRID":"AF","MEALNUMBER":1,"SPRACHE":"D","TEXT":"SEASONAL SALAD"},{"CARRID":"AF","MEALNUMBER":2,"SPRACHE":"D","TEXT":"NICE SALAD"},{"CARRID":"AF","MEALNUMBER":3,"SPRACHE":"D","TEXT":"PARIS SALAD"},{"CARRID":"AF","MEALNUMBER":4,"SPRACHE":"D","TEXT":"HAMBURG SALAD WITH FRESH SHRIMPS"},{"CARRID":"AF","MEALNUMBER":5,"SPRACHE":"D","TEXT":"QUAIL"},{"CARRID":"AF","MEALNUMBER":6,"SPRACHE":"D","TEXT":"DUCK ON LETTUCE"},{"CARRID":"AF","MEALNUMBER":7,"SPRACHE":"3","TEXT":"CARPACCIO"},{"CARRID":"AF","MEALNUMBER":7,"SPRACHE":"D","TEXT":"CARPACCIO"},{"CARRID":"AF","MEALNUMBER":7,"SPRACHE":"E","TEXT":"CARPACCIO"},{"CARRID":"AF","MEALNUMBER":8,"SPRACHE":"3","TEXT":"WIENER SCHNITZEL"},{"CARRID":"AF","MEALNUMBER":8,"SPRACHE":"D","TEXT":"WIENER SCHNITZEL"},{"CARRID":"AF","MEALNUMBER":8,"SPRACHE":"E","TEXT":"WIENER SCHNITZEL"},{"CARRID":"AF","MEALNUMBER":9,"SPRACHE":"D","TEXT":"PORK SCHNITZEL"},{"CARRID":"AF","MEALNUMBER":10,"SPRACHE":"D","TEXT":"SCHNITZEL WITH PEPPER SAUCE"},{"CARRID":"AF","MEALNUMBER":11,"SPRACHE":"D","TEXT":"CHICKEN AND FRENCH FRIES"},{"CARRID":"AF","MEALNUMBER":12,"SPRACHE":"D","TEXT":"TURKEY STEAK"},{"CARRID":"AF","MEALNUMBER":13,"SPRACHE":"D","TEXT":"BAVARIAN DUCK"},{"CARRID":"AF","MEALNUMBER":14,"SPRACHE":"D","TEXT":"KNUCKLE OF PORK"},{"CARRID":"AF","MEALNUMBER":15,"SPRACHE":"D","TEXT":"FILLET OF BEEF"},{"CARRID":"AF","MEALNUMBER":16,"SPRACHE":"D","TEXT":"TROUT AU BLEU"},{"CARRID":"AF","MEALNUMBER":17,"SPRACHE":"D","TEXT":"TROUT MEUNIERE"},{"CARRID":"AF","MEALNUMBER":18,"SPRACHE":"D","TEXT":"MONKFISH"},{"CARRID":"AF","MEALNUMBER":19,"SPRACHE":"D","TEXT":"SOLE"},{"CARRID":"AF","MEALNUMBER":20,"SPRACHE":"D","TEXT":"MINI FRIED SOLE"},{"CARRID":"AF","MEALNUMBER":21,"SPRACHE":"D","TEXT":"SALMON IN A BEARNAISE SAUCE"},{"CARRID":"AF","MEALNUMBER":22,"SPRACHE":"D","TEXT":"SALMON LASAGNE"},{"CARRID":"AF","MEALNUMBER":23,"SPRACHE":"D","TEXT":"CHOCOLATE ICE CREAM"},{"CARRID":"AF","MEALNUMBER":24,"SPRACHE":"D","TEXT":"VANILLA ICE CREAM"},{"CARRID":"AF","MEALNUMBER":25,"SPRACHE":"D","TEXT":"VANILLA ICE CREAM WITH HOT CHERRIES"},{"CARRID":"AF","MEALNUMBER":26,"SPRACHE":"D","TEXT":"VANILLA ICE CREAM WITH HOT RASPBERRIES"},{"CARRID":"AF","MEALNUMBER":27,"SPRACHE":"D","TEXT":"APPLE STRUDEL"},{"CARRID":"AF","MEALNUMBER":28,"SPRACHE":"D","TEXT":"RASPBERRY SORBET"},{"CARRID":"AF","MEALNUMBER":29,"SPRACHE":"D","TEXT":"STRAWBERRY SORBET"},{"CARRID":"AZ","MEALNUMBER":1,"SPRACHE":"D","TEXT":"SEASONAL SALAD"},{"CARRID":"AZ","MEALNUMBER":2,"SPRACHE":"D","TEXT":"NICE SALAD"},{"CARRID":"AZ","MEALNUMBER":3,"SPRACHE":"D","TEXT":"PARIS SALAD"},{"CARRID":"AZ","MEALNUMBER":4,"SPRACHE":"D","TEXT":"HAMBURG SALAD WITH FRESH SHRIMPS"},{"CARRID":"AZ","MEALNUMBER":5,"SPRACHE":"D","TEXT":"QUAIL"},{"CARRID":"AZ","MEALNUMBER":6,"SPRACHE":"D","TEXT":"DUCK ON LETTUCE"},{"CARRID":"AZ","MEALNUMBER":7,"SPRACHE":"3","TEXT":"CARPACCIO"},{"CARRID":"AZ","MEALNUMBER":7,"SPRACHE":"D","TEXT":"CARPACCIO"},{"CARRID":"AZ","MEALNUMBER":7,"SPRACHE":"E","TEXT":"CARPACCIO"},{"CARRID":"AZ","MEALNUMBER":8,"SPRACHE":"3","TEXT":"WIENER SCHNITZEL"},{"CARRID":"AZ","MEALNUMBER":8,"SPRACHE":"D","TEXT":"WIENER SCHNITZEL"},{"CARRID":"AZ","MEALNUMBER":8,"SPRACHE":"E","TEXT":"WIENER SCHNITZEL"},{"CARRID":"AZ","MEALNUMBER":9,"SPRACHE":"D","TEXT":"PORK SCHNITZEL"},{"CARRID":"AZ","MEALNUMBER":10,"SPRACHE":"D","TEXT":"SCHNITZEL WITH PEPPER SAUCE"},{"CARRID":"AZ","MEALNUMBER":11,"SPRACHE":"D","TEXT":"CHICKEN AND FRENCH FRIES"},{"CARRID":"AZ","MEALNUMBER":12,"SPRACHE":"D","TEXT":"TURKEY STEAK"},{"CARRID":"AZ","MEALNUMBER":13,"SPRACHE":"D","TEXT":"BAVARIAN DUCK"},{"CARRID":"AZ","MEALNUMBER":14,"SPRACHE":"D","TEXT":"KNUCKLE OF PORK"},{"CARRID":"AZ","MEALNUMBER":15,"SPRACHE":"D","TEXT":"FILLET OF BEEF"},{"CARRID":"AZ","MEALNUMBER":16,"SPRACHE":"D","TEXT":"TROUT AU BLEU"},{"CARRID":"AZ","MEALNUMBER":17,"SPRACHE":"D","TEXT":"TROUT MEUNIERE"},{"CARRID":"AZ","MEALNUMBER":18,"SPRACHE":"D","TEXT":"MONKFISH"},{"CARRID":"AZ","MEALNUMBER":19,"SPRACHE":"D","TEXT":"SOLE"},{"CARRID":"AZ","MEALNUMBER":20,"SPRACHE":"D","TEXT":"MINI FRIED SOLE"},{"CARRID":"AZ","MEALNUMBER":21,"SPRACHE":"D","TEXT":"SALMON IN A BEARNAISE SAUCE"},{"CARRID":"AZ","MEALNUMBER":22,"SPRACHE":"D","TEXT":"SALMON LASAGNE"},{"CARRID":"AZ","MEALNUMBER":23,"SPRACHE":"D","TEXT":"CHOCOLATE ICE CREAM"},{"CARRID":"AZ","MEALNUMBER":24,"SPRACHE":"D","TEXT":"VANILLA ICE CREAM"},{"CARRID":"AZ","MEALNUMBER":25,"SPRACHE":"D","TEXT":"VANILLA ICE CREAM WITH HOT CHERRIES"},{"CARRID":"AZ","MEALNUMBER":26,"SPRACHE":"D","TEXT":"VANILLA ICE CREAM WITH HOT RASPBERRIES"},{"CARRID":"AZ","MEALNUMBER":27,"SPRACHE":"D","TEXT":"APPLE STRUDEL"},{"CARRID":"AZ","MEALNUMBER":28,"SPRACHE":"D","TEXT":"RASPBERRY SORBET"},{"CARRID":"AZ","MEALNUMBER":29,"SPRACHE":"D","TEXT":"STRAWBERRY SORBET"},{"CARRID":"BA","MEALNUMBER":1,"SPRACHE":"D","TEXT":"SEASONAL SALAD"},{"CARRID":"BA","MEALNUMBER":2,"SPRACHE":"D","TEXT":"NICE SALAD"},{"CARRID":"BA","MEALNUMBER":3,"SPRACHE":"D","TEXT":"PARIS SALAD"},{"CARRID":"BA","MEALNUMBER":4,"SPRACHE":"D","TEXT":"HAMBURG SALAD WITH FRESH SHRIMPS"},{"CARRID":"BA","MEALNUMBER":5,"SPRACHE":"D","TEXT":"QUAIL"},{"CARRID":"BA","MEALNUMBER":6,"SPRACHE":"D","TEXT":"DUCK ON LETTUCE"},{"CARRID":"BA","MEALNUMBER":7,"SPRACHE":"3","TEXT":"CARPACCIO"},{"CARRID":"BA","MEALNUMBER":7,"SPRACHE":"D","TEXT":"CARPACCIO"},{"CARRID":"BA","MEALNUMBER":7,"SPRACHE":"E","TEXT":"CARPACCIO"},{"CARRID":"BA","MEALNUMBER":8,"SPRACHE":"3","TEXT":"WIENER SCHNITZEL"},{"CARRID":"BA","MEALNUMBER":8,"SPRACHE":"D","TEXT":"WIENER SCHNITZEL"},{"CARRID":"BA","MEALNUMBER":8,"SPRACHE":"E","TEXT":"WIENER SCHNITZEL"},{"CARRID":"BA","MEALNUMBER":9,"SPRACHE":"D","TEXT":"PORK SCHNITZEL"},{"CARRID":"BA","MEALNUMBER":10,"SPRACHE":"D","TEXT":"SCHNITZEL WITH PEPPER SAUCE"},{"CARRID":"BA","MEALNUMBER":11,"SPRACHE":"D","TEXT":"CHICKEN AND FRENCH FRIES"},{"CARRID":"BA","MEALNUMBER":12,"SPRACHE":"D","TEXT":"TURKEY STEAK"},{"CARRID":"BA","MEALNUMBER":13,"SPRACHE":"D","TEXT":"BAVARIAN DUCK"},{"CARRID":"BA","MEALNUMBER":14,"SPRACHE":"D","TEXT":"KNUCKLE OF PORK"},{"CARRID":"BA","MEALNUMBER":15,"SPRACHE":"D","TEXT":"FILLET OF BEEF"},{"CARRID":"BA","MEALNUMBER":16,"SPRACHE":"D","TEXT":"TROUT AU BLEU"},{"CARRID":"BA","MEALNUMBER":17,"SPRACHE":"D","TEXT":"TROUT MEUNIERE"},{"CARRID":"BA","MEALNUMBER":18,"SPRACHE":"D","TEXT":"MONKFISH"},{"CARRID":"BA","MEALNUMBER":19,"SPRACHE":"D","TEXT":"SOLE"},{"CARRID":"BA","MEALNUMBER":20,"SPRACHE":"D","TEXT":"MINI FRIED SOLE"},{"CARRID":"BA","MEALNUMBER":21,"SPRACHE":"D","TEXT":"SALMON IN A BEARNAISE SAUCE"},{"CARRID":"BA","MEALNUMBER":22,"SPRACHE":"D","TEXT":"SALMON LASAGNE"},{"CARRID":"BA","MEALNUMBER":23,"SPRACHE":"D","TEXT":"CHOCOLATE ICE CREAM"},{"CARRID":"BA","MEALNUMBER":24,"SPRACHE":"D","TEXT":"VANILLA ICE CREAM"},{"CARRID":"BA","MEALNUMBER":25,"SPRACHE":"D","TEXT":"VANILLA ICE CREAM WITH HOT CHERRIES"},{"CARRID":"BA","MEALNUMBER":26,"SPRACHE":"D","TEXT":"VANILLA ICE CREAM WITH HOT RASPBERRIES"},{"CARRID":"BA","MEALNUMBER":27,"SPRACHE":"D","TEXT":"APPLE STRUDEL"},{"CARRID":"BA","MEALNUMBER":28,"SPRACHE":"D","TEXT":"RASPBERRY SORBET"},{"CARRID":"BA","MEALNUMBER":29,"SPRACHE":"D","TEXT":"STRAWBERRY SORBET"},{"CARRID":"CO","MEALNUMBER":1,"SPRACHE":"D","TEXT":"SEASONAL SALAD"},{"CARRID":"CO","MEALNUMBER":2,"SPRACHE":"D","TEXT":"NICE SALAD"},{"CARRID":"CO","MEALNUMBER":3,"SPRACHE":"D","TEXT":"PARIS SALAD"},{"CARRID":"CO","MEALNUMBER":4,"SPRACHE":"D","TEXT":"HAMBURG SALAD WITH FRESH SHRIMPS"},{"CARRID":"CO","MEALNUMBER":5,"SPRACHE":"D","TEXT":"QUAIL"},{"CARRID":"CO","MEALNUMBER":6,"SPRACHE":"D","TEXT":"DUCK ON LETTUCE"},{"CARRID":"CO","MEALNUMBER":7,"SPRACHE":"3","TEXT":"CARPACCIO"},{"CARRID":"CO","MEALNUMBER":7,"SPRACHE":"D","TEXT":"CARPACCIO"},{"CARRID":"CO","MEALNUMBER":7,"SPRACHE":"E","TEXT":"CARPACCIO"},{"CARRID":"CO","MEALNUMBER":8,"SPRACHE":"3","TEXT":"WIENER SCHNITZEL"},{"CARRID":"CO","MEALNUMBER":8,"SPRACHE":"D","TEXT":"WIENER SCHNITZEL"},{"CARRID":"CO","MEALNUMBER":8,"SPRACHE":"E","TEXT":"WIENER SCHNITZEL"},{"CARRID":"CO","MEALNUMBER":9,"SPRACHE":"D","TEXT":"PORK SCHNITZEL"},{"CARRID":"CO","MEALNUMBER":10,"SPRACHE":"D","TEXT":"SCHNITZEL WITH PEPPER SAUCE"},{"CARRID":"CO","MEALNUMBER":11,"SPRACHE":"D","TEXT":"CHICKEN AND FRENCH FRIES"},{"CARRID":"CO","MEALNUMBER":12,"SPRACHE":"D","TEXT":"TURKEY STEAK"},{"CARRID":"CO","MEALNUMBER":13,"SPRACHE":"D","TEXT":"BAVARIAN DUCK"},{"CARRID":"CO","MEALNUMBER":14,"SPRACHE":"D","TEXT":"KNUCKLE OF PORK"},{"CARRID":"CO","MEALNUMBER":15,"SPRACHE":"D","TEXT":"FILLET OF BEEF"},{"CARRID":"CO","MEALNUMBER":16,"SPRACHE":"D","TEXT":"TROUT AU BLEU"},{"CARRID":"CO","MEALNUMBER":17,"SPRACHE":"D","TEXT":"TROUT MEUNIERE"},{"CARRID":"CO","MEALNUMBER":18,"SPRACHE":"D","TEXT":"MONKFISH"},{"CARRID":"CO","MEALNUMBER":19,"SPRACHE":"D","TEXT":"SOLE"},{"CARRID":"CO","MEALNUMBER":20,"SPRACHE":"D","TEXT":"MINI FRIED SOLE"},{"CARRID":"CO","MEALNUMBER":21,"SPRACHE":"D","TEXT":"SALMON IN A BEARNAISE SAUCE"},{"CARRID":"CO","MEALNUMBER":22,"SPRACHE":"D","TEXT":"SALMON LASAGNE"},{"CARRID":"CO","MEALNUMBER":23,"SPRACHE":"D","TEXT":"CHOCOLATE ICE CREAM"},{"CARRID":"CO","MEALNUMBER":24,"SPRACHE":"D","TEXT":"VANILLA ICE CREAM"},{"CARRID":"CO","MEALNUMBER":25,"SPRACHE":"D","TEXT":"VANILLA ICE CREAM WITH HOT CHERRIES"},{"CARRID":"CO","MEALNUMBER":26,"SPRACHE":"D","TEXT":"VANILLA ICE CREAM WITH HOT RASPBERRIES"},{"CARRID":"CO","MEALNUMBER":27,"SPRACHE":"D","TEXT":"APPLE STRUDEL"},{"CARRID":"CO","MEALNUMBER":28,"SPRACHE":"D","TEXT":"RASPBERRY SORBET"},{"CARRID":"CO","MEALNUMBER":29,"SPRACHE":"D","TEXT":"STRAWBERRY SORBET"},{"CARRID":"DL","MEALNUMBER":1,"SPRACHE":"D","TEXT":"SEASONAL SALAD"},{"CARRID":"DL","MEALNUMBER":2,"SPRACHE":"D","TEXT":"NICE SALAD"},{"CARRID":"DL","MEALNUMBER":3,"SPRACHE":"D","TEXT":"PARIS SALAD"},{"CARRID":"DL","MEALNUMBER":4,"SPRACHE":"D","TEXT":"HAMBURG SALAD WITH FRESH SHRIMPS"},{"CARRID":"DL","MEALNUMBER":5,"SPRACHE":"D","TEXT":"QUAIL"},{"CARRID":"DL","MEALNUMBER":6,"SPRACHE":"D","TEXT":"DUCK ON LETTUCE"},{"CARRID":"DL","MEALNUMBER":7,"SPRACHE":"3","TEXT":"CARPACCIO"},{"CARRID":"DL","MEALNUMBER":7,"SPRACHE":"D","TEXT":"CARPACCIO"},{"CARRID":"DL","MEALNUMBER":7,"SPRACHE":"E","TEXT":"CARPACCIO"},{"CARRID":"DL","MEALNUMBER":8,"SPRACHE":"3","TEXT":"WIENER SCHNITZEL"},{"CARRID":"DL","MEALNUMBER":8,"SPRACHE":"D","TEXT":"WIENER SCHNITZEL"},{"CARRID":"DL","MEALNUMBER":8,"SPRACHE":"E","TEXT":"WIENER SCHNITZEL"},{"CARRID":"DL","MEALNUMBER":9,"SPRACHE":"D","TEXT":"PORK SCHNITZEL"},{"CARRID":"DL","MEALNUMBER":10,"SPRACHE":"D","TEXT":"SCHNITZEL WITH PEPPER SAUCE"},{"CARRID":"DL","MEALNUMBER":11,"SPRACHE":"D","TEXT":"CHICKEN AND FRENCH FRIES"},{"CARRID":"DL","MEALNUMBER":12,"SPRACHE":"D","TEXT":"TURKEY STEAK"},{"CARRID":"DL","MEALNUMBER":13,"SPRACHE":"D","TEXT":"BAVARIAN DUCK"},{"CARRID":"DL","MEALNUMBER":14,"SPRACHE":"D","TEXT":"KNUCKLE OF PORK"},{"CARRID":"DL","MEALNUMBER":15,"SPRACHE":"D","TEXT":"FILLET OF BEEF"},{"CARRID":"DL","MEALNUMBER":16,"SPRACHE":"D","TEXT":"TROUT AU BLEU"},{"CARRID":"DL","MEALNUMBER":17,"SPRACHE":"D","TEXT":"TROUT MEUNIERE"},{"CARRID":"DL","MEALNUMBER":18,"SPRACHE":"D","TEXT":"MONKFISH"},{"CARRID":"DL","MEALNUMBER":19,"SPRACHE":"D","TEXT":"SOLE"},{"CARRID":"DL","MEALNUMBER":20,"SPRACHE":"D","TEXT":"MINI FRIED SOLE"},{"CARRID":"DL","MEALNUMBER":21,"SPRACHE":"D","TEXT":"SALMON IN A BEARNAISE SAUCE"},{"CARRID":"DL","MEALNUMBER":22,"SPRACHE":"D","TEXT":"SALMON LASAGNE"},{"CARRID":"DL","MEALNUMBER":23,"SPRACHE":"D","TEXT":"CHOCOLATE ICE CREAM"},{"CARRID":"DL","MEALNUMBER":24,"SPRACHE":"D","TEXT":"VANILLA ICE CREAM"},{"CARRID":"DL","MEALNUMBER":25,"SPRACHE":"D","TEXT":"VANILLA ICE CREAM WITH HOT CHERRIES"},{"CARRID":"DL","MEALNUMBER":26,"SPRACHE":"D","TEXT":"VANILLA ICE CREAM WITH HOT RASPBERRIES"},{"CARRID":"DL","MEALNUMBER":27,"SPRACHE":"D","TEXT":"APPLE STRUDEL"},{"CARRID":"DL","MEALNUMBER":28,"SPRACHE":"D","TEXT":"RASPBERRY SORBET"},{"CARRID":"DL","MEALNUMBER":29,"SPRACHE":"D","TEXT":"STRAWBERRY SORBET"},{"CARRID":"FJ","MEALNUMBER":1,"SPRACHE":"D","TEXT":"SEASONAL SALAD"},{"CARRID":"FJ","MEALNUMBER":2,"SPRACHE":"D","TEXT":"NICE SALAD"},{"CARRID":"FJ","MEALNUMBER":3,"SPRACHE":"D","TEXT":"PARIS SALAD"},{"CARRID":"FJ","MEALNUMBER":4,"SPRACHE":"D","TEXT":"HAMBURG SALAD WITH FRESH SHRIMPS"},{"CARRID":"FJ","MEALNUMBER":5,"SPRACHE":"D","TEXT":"QUAIL"},{"CARRID":"FJ","MEALNUMBER":6,"SPRACHE":"D","TEXT":"DUCK ON LETTUCE"},{"CARRID":"FJ","MEALNUMBER":7,"SPRACHE":"3","TEXT":"CARPACCIO"},{"CARRID":"FJ","MEALNUMBER":7,"SPRACHE":"D","TEXT":"CARPACCIO"},{"CARRID":"FJ","MEALNUMBER":7,"SPRACHE":"E","TEXT":"CARPACCIO"},{"CARRID":"FJ","MEALNUMBER":8,"SPRACHE":"3","TEXT":"WIENER SCHNITZEL"},{"CARRID":"FJ","MEALNUMBER":8,"SPRACHE":"D","TEXT":"WIENER SCHNITZEL"},{"CARRID":"FJ","MEALNUMBER":8,"SPRACHE":"E","TEXT":"WIENER SCHNITZEL"},{"CARRID":"FJ","MEALNUMBER":9,"SPRACHE":"D","TEXT":"PORK SCHNITZEL"},{"CARRID":"FJ","MEALNUMBER":10,"SPRACHE":"D","TEXT":"SCHNITZEL WITH PEPPER SAUCE"},{"CARRID":"FJ","MEALNUMBER":11,"SPRACHE":"D","TEXT":"CHICKEN AND FRENCH FRIES"},{"CARRID":"FJ","MEALNUMBER":12,"SPRACHE":"D","TEXT":"TURKEY STEAK"},{"CARRID":"FJ","MEALNUMBER":13,"SPRACHE":"D","TEXT":"BAVARIAN DUCK"},{"CARRID":"FJ","MEALNUMBER":14,"SPRACHE":"D","TEXT":"KNUCKLE OF PORK"},{"CARRID":"FJ","MEALNUMBER":15,"SPRACHE":"D","TEXT":"FILLET OF BEEF"},{"CARRID":"FJ","MEALNUMBER":16,"SPRACHE":"D","TEXT":"TROUT AU BLEU"},{"CARRID":"FJ","MEALNUMBER":17,"SPRACHE":"D","TEXT":"TROUT MEUNIERE"},{"CARRID":"FJ","MEALNUMBER":18,"SPRACHE":"D","TEXT":"MONKFISH"},{"CARRID":"FJ","MEALNUMBER":19,"SPRACHE":"D","TEXT":"SOLE"},{"CARRID":"FJ","MEALNUMBER":20,"SPRACHE":"D","TEXT":"MINI FRIED SOLE"},{"CARRID":"FJ","MEALNUMBER":21,"SPRACHE":"D","TEXT":"SALMON IN A BEARNAISE SAUCE"},{"CARRID":"FJ","MEALNUMBER":22,"SPRACHE":"D","TEXT":"SALMON LASAGNE"},{"CARRID":"FJ","MEALNUMBER":23,"SPRACHE":"D","TEXT":"CHOCOLATE ICE CREAM"},{"CARRID":"FJ","MEALNUMBER":24,"SPRACHE":"D","TEXT":"VANILLA ICE CREAM"},{"CARRID":"FJ","MEALNUMBER":25,"SPRACHE":"D","TEXT":"VANILLA ICE CREAM WITH HOT CHERRIES"},{"CARRID":"FJ","MEALNUMBER":26,"SPRACHE":"D","TEXT":"VANILLA ICE CREAM WITH HOT RASPBERRIES"},{"CARRID":"FJ","MEALNUMBER":27,"SPRACHE":"D","TEXT":"APPLE STRUDEL"},{"CARRID":"FJ","MEALNUMBER":28,"SPRACHE":"D","TEXT":"RASPBERRY SORBET"},{"CARRID":"FJ","MEALNUMBER":29,"SPRACHE":"D","TEXT":"STRAWBERRY SORBET"},{"CARRID":"JL","MEALNUMBER":1,"SPRACHE":"D","TEXT":"SEASONAL SALAD"},{"CARRID":"JL","MEALNUMBER":2,"SPRACHE":"D","TEXT":"NICE SALAD"},{"CARRID":"JL","MEALNUMBER":3,"SPRACHE":"D","TEXT":"PARIS SALAD"},{"CARRID":"JL","MEALNUMBER":4,"SPRACHE":"D","TEXT":"HAMBURG SALAD WITH FRESH SHRIMPS"},{"CARRID":"JL","MEALNUMBER":5,"SPRACHE":"D","TEXT":"QUAIL"},{"CARRID":"JL","MEALNUMBER":6,"SPRACHE":"D","TEXT":"DUCK ON LETTUCE"},{"CARRID":"JL","MEALNUMBER":7,"SPRACHE":"3","TEXT":"CARPACCIO"},{"CARRID":"JL","MEALNUMBER":7,"SPRACHE":"D","TEXT":"CARPACCIO"},{"CARRID":"JL","MEALNUMBER":7,"SPRACHE":"E","TEXT":"CARPACCIO"},{"CARRID":"JL","MEALNUMBER":8,"SPRACHE":"3","TEXT":"WIENER SCHNITZEL"},{"CARRID":"JL","MEALNUMBER":8,"SPRACHE":"D","TEXT":"WIENER SCHNITZEL"},{"CARRID":"JL","MEALNUMBER":8,"SPRACHE":"E","TEXT":"WIENER SCHNITZEL"},{"CARRID":"JL","MEALNUMBER":9,"SPRACHE":"D","TEXT":"PORK SCHNITZEL"},{"CARRID":"JL","MEALNUMBER":10,"SPRACHE":"D","TEXT":"SCHNITZEL WITH PEPPER SAUCE"},{"CARRID":"JL","MEALNUMBER":11,"SPRACHE":"D","TEXT":"CHICKEN AND FRENCH FRIES"},{"CARRID":"JL","MEALNUMBER":12,"SPRACHE":"D","TEXT":"TURKEY STEAK"},{"CARRID":"JL","MEALNUMBER":13,"SPRACHE":"D","TEXT":"BAVARIAN DUCK"},{"CARRID":"JL","MEALNUMBER":14,"SPRACHE":"D","TEXT":"KNUCKLE OF PORK"},{"CARRID":"JL","MEALNUMBER":15,"SPRACHE":"D","TEXT":"FILLET OF BEEF"},{"CARRID":"JL","MEALNUMBER":16,"SPRACHE":"D","TEXT":"TROUT AU BLEU"},{"CARRID":"JL","MEALNUMBER":17,"SPRACHE":"D","TEXT":"TROUT MEUNIERE"},{"CARRID":"JL","MEALNUMBER":18,"SPRACHE":"D","TEXT":"MONKFISH"},{"CARRID":"JL","MEALNUMBER":19,"SPRACHE":"D","TEXT":"SOLE"},{"CARRID":"JL","MEALNUMBER":20,"SPRACHE":"D","TEXT":"MINI FRIED SOLE"},{"CARRID":"JL","MEALNUMBER":21,"SPRACHE":"D","TEXT":"SALMON IN A BEARNAISE SAUCE"},{"CARRID":"JL","MEALNUMBER":22,"SPRACHE":"D","TEXT":"SALMON LASAGNE"},{"CARRID":"JL","MEALNUMBER":23,"SPRACHE":"D","TEXT":"CHOCOLATE ICE CREAM"},{"CARRID":"JL","MEALNUMBER":24,"SPRACHE":"D","TEXT":"VANILLA ICE CREAM"},{"CARRID":"JL","MEALNUMBER":25,"SPRACHE":"D","TEXT":"VANILLA ICE CREAM WITH HOT CHERRIES"},{"CARRID":"JL","MEALNUMBER":26,"SPRACHE":"D","TEXT":"VANILLA ICE CREAM WITH HOT RASPBERRIES"},{"CARRID":"JL","MEALNUMBER":27,"SPRACHE":"D","TEXT":"APPLE STRUDEL"},{"CARRID":"JL","MEALNUMBER":28,"SPRACHE":"D","TEXT":"RASPBERRY SORBET"},{"CARRID":"JL","MEALNUMBER":29,"SPRACHE":"D","TEXT":"STRAWBERRY SORBET"},{"CARRID":"LH","MEALNUMBER":1,"SPRACHE":"D","TEXT":"SEASONAL SALAD"},{"CARRID":"LH","MEALNUMBER":2,"SPRACHE":"D","TEXT":"NICE SALAD"},{"CARRID":"LH","MEALNUMBER":3,"SPRACHE":"D","TEXT":"PARIS SALAD"},{"CARRID":"LH","MEALNUMBER":4,"SPRACHE":"D","TEXT":"HAMBURG SALAD WITH FRESH SHRIMPS"},{"CARRID":"LH","MEALNUMBER":5,"SPRACHE":"D","TEXT":"QUAIL"},{"CARRID":"LH","MEALNUMBER":6,"SPRACHE":"D","TEXT":"DUCK ON LETTUCE"},{"CARRID":"LH","MEALNUMBER":7,"SPRACHE":"3","TEXT":"CARPACCIO"},{"CARRID":"LH","MEALNUMBER":7,"SPRACHE":"D","TEXT":"CARPACCIO"},{"CARRID":"LH","MEALNUMBER":7,"SPRACHE":"E","TEXT":"CARPACCIO"},{"CARRID":"LH","MEALNUMBER":8,"SPRACHE":"3","TEXT":"WIENER SCHNITZEL"},{"CARRID":"LH","MEALNUMBER":8,"SPRACHE":"D","TEXT":"WIENER SCHNITZEL"},{"CARRID":"LH","MEALNUMBER":8,"SPRACHE":"E","TEXT":"WIENER SCHNITZEL"},{"CARRID":"LH","MEALNUMBER":9,"SPRACHE":"D","TEXT":"PORK SCHNITZEL"},{"CARRID":"LH","MEALNUMBER":10,"SPRACHE":"D","TEXT":"SCHNITZEL WITH PEPPER SAUCE"},{"CARRID":"LH","MEALNUMBER":11,"SPRACHE":"D","TEXT":"CHICKEN AND FRENCH FRIES"},{"CARRID":"LH","MEALNUMBER":12,"SPRACHE":"D","TEXT":"TURKEY STEAK"},{"CARRID":"LH","MEALNUMBER":13,"SPRACHE":"D","TEXT":"BAVARIAN DUCK"},{"CARRID":"LH","MEALNUMBER":14,"SPRACHE":"D","TEXT":"KNUCKLE OF PORK"},{"CARRID":"LH","MEALNUMBER":15,"SPRACHE":"D","TEXT":"FILLET OF BEEF"},{"CARRID":"LH","MEALNUMBER":16,"SPRACHE":"D","TEXT":"TROUT AU BLEU"},{"CARRID":"LH","MEALNUMBER":17,"SPRACHE":"D","TEXT":"TROUT MEUNIERE"},{"CARRID":"LH","MEALNUMBER":18,"SPRACHE":"D","TEXT":"MONKFISH"},{"CARRID":"LH","MEALNUMBER":19,"SPRACHE":"D","TEXT":"SOLE"},{"CARRID":"LH","MEALNUMBER":20,"SPRACHE":"D","TEXT":"MINI FRIED SOLE"},{"CARRID":"LH","MEALNUMBER":21,"SPRACHE":"D","TEXT":"SALMON IN A BEARNAISE SAUCE"},{"CARRID":"LH","MEALNUMBER":22,"SPRACHE":"D","TEXT":"SALMON LASAGNE"},{"CARRID":"LH","MEALNUMBER":23,"SPRACHE":"D","TEXT":"CHOCOLATE ICE CREAM"},{"CARRID":"LH","MEALNUMBER":24,"SPRACHE":"D","TEXT":"VANILLA ICE CREAM"},{"CARRID":"LH","MEALNUMBER":25,"SPRACHE":"D","TEXT":"VANILLA ICE CREAM WITH HOT CHERRIES"},{"CARRID":"LH","MEALNUMBER":26,"SPRACHE":"D","TEXT":"VANILLA ICE CREAM WITH HOT RASPBERRIES"},{"CARRID":"LH","MEALNUMBER":27,"SPRACHE":"D","TEXT":"APPLE STRUDEL"},{"CARRID":"LH","MEALNUMBER":28,"SPRACHE":"D","TEXT":"RASPBERRY SORBET"},{"CARRID":"LH","MEALNUMBER":29,"SPRACHE":"D","TEXT":"STRAWBERRY SORBET"},{"CARRID":"NG","MEALNUMBER":1,"SPRACHE":"D","TEXT":"SEASONAL SALAD"},{"CARRID":"NG","MEALNUMBER":2,"SPRACHE":"D","TEXT":"NICE SALAD"},{"CARRID":"NG","MEALNUMBER":3,"SPRACHE":"D","TEXT":"PARIS SALAD"},{"CARRID":"NG","MEALNUMBER":4,"SPRACHE":"D","TEXT":"HAMBURG SALAD WITH FRESH SHRIMPS"},{"CARRID":"NG","MEALNUMBER":5,"SPRACHE":"D","TEXT":"QUAIL"},{"CARRID":"NG","MEALNUMBER":6,"SPRACHE":"D","TEXT":"DUCK ON LETTUCE"},{"CARRID":"NG","MEALNUMBER":7,"SPRACHE":"3","TEXT":"CARPACCIO"},{"CARRID":"NG","MEALNUMBER":7,"SPRACHE":"D","TEXT":"CARPACCIO"},{"CARRID":"NG","MEALNUMBER":7,"SPRACHE":"E","TEXT":"CARPACCIO"},{"CARRID":"NG","MEALNUMBER":8,"SPRACHE":"3","TEXT":"WIENER SCHNITZEL"},{"CARRID":"NG","MEALNUMBER":8,"SPRACHE":"D","TEXT":"WIENER SCHNITZEL"},{"CARRID":"NG","MEALNUMBER":8,"SPRACHE":"E","TEXT":"WIENER SCHNITZEL"},{"CARRID":"NG","MEALNUMBER":9,"SPRACHE":"D","TEXT":"PORK SCHNITZEL"},{"CARRID":"NG","MEALNUMBER":10,"SPRACHE":"D","TEXT":"SCHNITZEL WITH PEPPER SAUCE"},{"CARRID":"NG","MEALNUMBER":11,"SPRACHE":"D","TEXT":"CHICKEN AND FRENCH FRIES"},{"CARRID":"NG","MEALNUMBER":12,"SPRACHE":"D","TEXT":"TURKEY STEAK"},{"CARRID":"NG","MEALNUMBER":13,"SPRACHE":"D","TEXT":"BAVARIAN DUCK"},{"CARRID":"NG","MEALNUMBER":14,"SPRACHE":"D","TEXT":"KNUCKLE OF PORK"},{"CARRID":"NG","MEALNUMBER":15,"SPRACHE":"D","TEXT":"FILLET OF BEEF"},{"CARRID":"NG","MEALNUMBER":16,"SPRACHE":"D","TEXT":"TROUT AU BLEU"},{"CARRID":"NG","MEALNUMBER":17,"SPRACHE":"D","TEXT":"TROUT MEUNIERE"},{"CARRID":"NG","MEALNUMBER":18,"SPRACHE":"D","TEXT":"MONKFISH"},{"CARRID":"NG","MEALNUMBER":19,"SPRACHE":"D","TEXT":"SOLE"},{"CARRID":"NG","MEALNUMBER":20,"SPRACHE":"D","TEXT":"MINI FRIED SOLE"},{"CARRID":"NG","MEALNUMBER":21,"SPRACHE":"D","TEXT":"SALMON IN A BEARNAISE SAUCE"},{"CARRID":"NG","MEALNUMBER":22,"SPRACHE":"D","TEXT":"SALMON LASAGNE"},{"CARRID":"NG","MEALNUMBER":23,"SPRACHE":"D","TEXT":"CHOCOLATE ICE CREAM"},{"CARRID":"NG","MEALNUMBER":24,"SPRACHE":"D","TEXT":"VANILLA ICE CREAM"},{"CARRID":"NG","MEALNUMBER":25,"SPRACHE":"D","TEXT":"VANILLA ICE CREAM WITH HOT CHERRIES"},{"CARRID":"NG","MEALNUMBER":26,"SPRACHE":"D","TEXT":"VANILLA ICE CREAM WITH HOT RASPBERRIES"},{"CARRID":"NG","MEALNUMBER":27,"SPRACHE":"D","TEXT":"APPLE STRUDEL"},{"CARRID":"NG","MEALNUMBER":28,"SPRACHE":"D","TEXT":"RASPBERRY SORBET"},{"CARRID":"NG","MEALNUMBER":29,"SPRACHE":"D","TEXT":"STRAWBERRY SORBET"},{"CARRID":"NW","MEALNUMBER":1,"SPRACHE":"D","TEXT":"SEASONAL SALAD"},{"CARRID":"NW","MEALNUMBER":2,"SPRACHE":"D","TEXT":"NICE SALAD"},{"CARRID":"NW","MEALNUMBER":3,"SPRACHE":"D","TEXT":"PARIS SALAD"},{"CARRID":"NW","MEALNUMBER":4,"SPRACHE":"D","TEXT":"HAMBURG SALAD WITH FRESH SHRIMPS"},{"CARRID":"NW","MEALNUMBER":5,"SPRACHE":"D","TEXT":"QUAIL"},{"CARRID":"NW","MEALNUMBER":6,"SPRACHE":"D","TEXT":"DUCK ON LETTUCE"},{"CARRID":"NW","MEALNUMBER":7,"SPRACHE":"3","TEXT":"CARPACCIO"},{"CARRID":"NW","MEALNUMBER":7,"SPRACHE":"D","TEXT":"CARPACCIO"},{"CARRID":"NW","MEALNUMBER":7,"SPRACHE":"E","TEXT":"CARPACCIO"},{"CARRID":"NW","MEALNUMBER":8,"SPRACHE":"3","TEXT":"WIENER SCHNITZEL"},{"CARRID":"NW","MEALNUMBER":8,"SPRACHE":"D","TEXT":"WIENER SCHNITZEL"},{"CARRID":"NW","MEALNUMBER":8,"SPRACHE":"E","TEXT":"WIENER SCHNITZEL"},{"CARRID":"NW","MEALNUMBER":9,"SPRACHE":"D","TEXT":"PORK SCHNITZEL"},{"CARRID":"NW","MEALNUMBER":10,"SPRACHE":"D","TEXT":"SCHNITZEL WITH PEPPER SAUCE"},{"CARRID":"NW","MEALNUMBER":11,"SPRACHE":"D","TEXT":"CHICKEN AND FRENCH FRIES"},{"CARRID":"NW","MEALNUMBER":12,"SPRACHE":"D","TEXT":"TURKEY STEAK"},{"CARRID":"NW","MEALNUMBER":13,"SPRACHE":"D","TEXT":"BAVARIAN DUCK"},{"CARRID":"NW","MEALNUMBER":14,"SPRACHE":"D","TEXT":"KNUCKLE OF PORK"},{"CARRID":"NW","MEALNUMBER":15,"SPRACHE":"D","TEXT":"FILLET OF BEEF"},{"CARRID":"NW","MEALNUMBER":16,"SPRACHE":"D","TEXT":"TROUT AU BLEU"},{"CARRID":"NW","MEALNUMBER":17,"SPRACHE":"D","TEXT":"TROUT MEUNIERE"},{"CARRID":"NW","MEALNUMBER":18,"SPRACHE":"D","TEXT":"MONKFISH"},{"CARRID":"NW","MEALNUMBER":19,"SPRACHE":"D","TEXT":"SOLE"},{"CARRID":"NW","MEALNUMBER":20,"SPRACHE":"D","TEXT":"MINI FRIED SOLE"},{"CARRID":"NW","MEALNUMBER":21,"SPRACHE":"D","TEXT":"SALMON IN A BEARNAISE SAUCE"},{"CARRID":"NW","MEALNUMBER":22,"SPRACHE":"D","TEXT":"SALMON LASAGNE"},{"CARRID":"NW","MEALNUMBER":23,"SPRACHE":"D","TEXT":"CHOCOLATE ICE CREAM"},{"CARRID":"NW","MEALNUMBER":24,"SPRACHE":"D","TEXT":"VANILLA ICE CREAM"},{"CARRID":"NW","MEALNUMBER":25,"SPRACHE":"D","TEXT":"VANILLA ICE CREAM WITH HOT CHERRIES"},{"CARRID":"NW","MEALNUMBER":26,"SPRACHE":"D","TEXT":"VANILLA ICE CREAM WITH HOT RASPBERRIES"},{"CARRID":"NW","MEALNUMBER":27,"SPRACHE":"D","TEXT":"APPLE STRUDEL"},{"CARRID":"NW","MEALNUMBER":28,"SPRACHE":"D","TEXT":"RASPBERRY SORBET"},{"CARRID":"NW","MEALNUMBER":29,"SPRACHE":"D","TEXT":"STRAWBERRY SORBET"},{"CARRID":"QF","MEALNUMBER":1,"SPRACHE":"D","TEXT":"SEASONAL SALAD"},{"CARRID":"QF","MEALNUMBER":2,"SPRACHE":"D","TEXT":"NICE SALAD"},{"CARRID":"QF","MEALNUMBER":3,"SPRACHE":"D","TEXT":"PARIS SALAD"},{"CARRID":"QF","MEALNUMBER":4,"SPRACHE":"D","TEXT":"HAMBURG SALAD WITH FRESH SHRIMPS"},{"CARRID":"QF","MEALNUMBER":5,"SPRACHE":"D","TEXT":"QUAIL"},{"CARRID":"QF","MEALNUMBER":6,"SPRACHE":"D","TEXT":"DUCK ON LETTUCE"},{"CARRID":"QF","MEALNUMBER":7,"SPRACHE":"3","TEXT":"CARPACCIO"},{"CARRID":"QF","MEALNUMBER":7,"SPRACHE":"D","TEXT":"CARPACCIO"},{"CARRID":"QF","MEALNUMBER":7,"SPRACHE":"E","TEXT":"CARPACCIO"},{"CARRID":"QF","MEALNUMBER":8,"SPRACHE":"3","TEXT":"WIENER SCHNITZEL"},{"CARRID":"QF","MEALNUMBER":8,"SPRACHE":"D","TEXT":"WIENER SCHNITZEL"},{"CARRID":"QF","MEALNUMBER":8,"SPRACHE":"E","TEXT":"WIENER SCHNITZEL"},{"CARRID":"QF","MEALNUMBER":9,"SPRACHE":"D","TEXT":"PORK SCHNITZEL"},{"CARRID":"QF","MEALNUMBER":10,"SPRACHE":"D","TEXT":"SCHNITZEL WITH PEPPER SAUCE"},{"CARRID":"QF","MEALNUMBER":11,"SPRACHE":"D","TEXT":"CHICKEN AND FRENCH FRIES"},{"CARRID":"QF","MEALNUMBER":12,"SPRACHE":"D","TEXT":"TURKEY STEAK"},{"CARRID":"QF","MEALNUMBER":13,"SPRACHE":"D","TEXT":"BAVARIAN DUCK"},{"CARRID":"QF","MEALNUMBER":14,"SPRACHE":"D","TEXT":"KNUCKLE OF PORK"},{"CARRID":"QF","MEALNUMBER":15,"SPRACHE":"D","TEXT":"FILLET OF BEEF"},{"CARRID":"QF","MEALNUMBER":16,"SPRACHE":"D","TEXT":"TROUT AU BLEU"},{"CARRID":"QF","MEALNUMBER":17,"SPRACHE":"D","TEXT":"TROUT MEUNIERE"},{"CARRID":"QF","MEALNUMBER":18,"SPRACHE":"D","TEXT":"MONKFISH"},{"CARRID":"QF","MEALNUMBER":19,"SPRACHE":"D","TEXT":"SOLE"},{"CARRID":"QF","MEALNUMBER":20,"SPRACHE":"D","TEXT":"MINI FRIED SOLE"},{"CARRID":"QF","MEALNUMBER":21,"SPRACHE":"D","TEXT":"SALMON IN A BEARNAISE SAUCE"},{"CARRID":"QF","MEALNUMBER":22,"SPRACHE":"D","TEXT":"SALMON LASAGNE"},{"CARRID":"QF","MEALNUMBER":23,"SPRACHE":"D","TEXT":"CHOCOLATE ICE CREAM"},{"CARRID":"QF","MEALNUMBER":24,"SPRACHE":"D","TEXT":"VANILLA ICE CREAM"},{"CARRID":"QF","MEALNUMBER":25,"SPRACHE":"D","TEXT":"VANILLA ICE CREAM WITH HOT CHERRIES"},{"CARRID":"QF","MEALNUMBER":26,"SPRACHE":"D","TEXT":"VANILLA ICE CREAM WITH HOT RASPBERRIES"},{"CARRID":"QF","MEALNUMBER":27,"SPRACHE":"D","TEXT":"APPLE STRUDEL"},{"CARRID":"QF","MEALNUMBER":28,"SPRACHE":"D","TEXT":"RASPBERRY SORBET"},{"CARRID":"QF","MEALNUMBER":29,"SPRACHE":"D","TEXT":"STRAWBERRY SORBET"},{"CARRID":"SA","MEALNUMBER":1,"SPRACHE":"D","TEXT":"SEASONAL SALAD"},{"CARRID":"SA","MEALNUMBER":2,"SPRACHE":"D","TEXT":"NICE SALAD"},{"CARRID":"SA","MEALNUMBER":3,"SPRACHE":"D","TEXT":"PARIS SALAD"},{"CARRID":"SA","MEALNUMBER":4,"SPRACHE":"D","TEXT":"HAMBURG SALAD WITH FRESH SHRIMPS"},{"CARRID":"SA","MEALNUMBER":5,"SPRACHE":"D","TEXT":"QUAIL"},{"CARRID":"SA","MEALNUMBER":6,"SPRACHE":"D","TEXT":"DUCK ON LETTUCE"},{"CARRID":"SA","MEALNUMBER":7,"SPRACHE":"3","TEXT":"CARPACCIO"},{"CARRID":"SA","MEALNUMBER":7,"SPRACHE":"D","TEXT":"CARPACCIO"},{"CARRID":"SA","MEALNUMBER":7,"SPRACHE":"E","TEXT":"CARPACCIO"},{"CARRID":"SA","MEALNUMBER":8,"SPRACHE":"3","TEXT":"WIENER SCHNITZEL"},{"CARRID":"SA","MEALNUMBER":8,"SPRACHE":"D","TEXT":"WIENER SCHNITZEL"},{"CARRID":"SA","MEALNUMBER":8,"SPRACHE":"E","TEXT":"WIENER SCHNITZEL"},{"CARRID":"SA","MEALNUMBER":9,"SPRACHE":"D","TEXT":"PORK SCHNITZEL"},{"CARRID":"SA","MEALNUMBER":10,"SPRACHE":"D","TEXT":"SCHNITZEL WITH PEPPER SAUCE"},{"CARRID":"SA","MEALNUMBER":11,"SPRACHE":"D","TEXT":"CHICKEN AND FRENCH FRIES"},{"CARRID":"SA","MEALNUMBER":12,"SPRACHE":"D","TEXT":"TURKEY STEAK"},{"CARRID":"SA","MEALNUMBER":13,"SPRACHE":"D","TEXT":"BAVARIAN DUCK"},{"CARRID":"SA","MEALNUMBER":14,"SPRACHE":"D","TEXT":"KNUCKLE OF PORK"},{"CARRID":"SA","MEALNUMBER":15,"SPRACHE":"D","TEXT":"FILLET OF BEEF"},{"CARRID":"SA","MEALNUMBER":16,"SPRACHE":"D","TEXT":"TROUT AU BLEU"},{"CARRID":"SA","MEALNUMBER":17,"SPRACHE":"D","TEXT":"TROUT MEUNIERE"},{"CARRID":"SA","MEALNUMBER":18,"SPRACHE":"D","TEXT":"MONKFISH"},{"CARRID":"SA","MEALNUMBER":19,"SPRACHE":"D","TEXT":"SOLE"},{"CARRID":"SA","MEALNUMBER":20,"SPRACHE":"D","TEXT":"MINI FRIED SOLE"},{"CARRID":"SA","MEALNUMBER":21,"SPRACHE":"D","TEXT":"SALMON IN A BEARNAISE SAUCE"},{"CARRID":"SA","MEALNUMBER":22,"SPRACHE":"D","TEXT":"SALMON LASAGNE"},{"CARRID":"SA","MEALNUMBER":23,"SPRACHE":"D","TEXT":"CHOCOLATE ICE CREAM"},{"CARRID":"SA","MEALNUMBER":24,"SPRACHE":"D","TEXT":"VANILLA ICE CREAM"},{"CARRID":"SA","MEALNUMBER":25,"SPRACHE":"D","TEXT":"VANILLA ICE CREAM WITH HOT CHERRIES"},{"CARRID":"SA","MEALNUMBER":26,"SPRACHE":"D","TEXT":"VANILLA ICE CREAM WITH HOT RASPBERRIES"},{"CARRID":"SA","MEALNUMBER":27,"SPRACHE":"D","TEXT":"APPLE STRUDEL"},{"CARRID":"SA","MEALNUMBER":28,"SPRACHE":"D","TEXT":"RASPBERRY SORBET"},{"CARRID":"SA","MEALNUMBER":29,"SPRACHE":"D","TEXT":"STRAWBERRY SORBET"},{"CARRID":"SQ","MEALNUMBER":1,"SPRACHE":"D","TEXT":"SEASONAL SALAD"},{"CARRID":"SQ","MEALNUMBER":2,"SPRACHE":"D","TEXT":"NICE SALAD"},{"CARRID":"SQ","MEALNUMBER":3,"SPRACHE":"D","TEXT":"PARIS SALAD"},{"CARRID":"SQ","MEALNUMBER":4,"SPRACHE":"D","TEXT":"HAMBURG SALAD WITH FRESH SHRIMPS"},{"CARRID":"SQ","MEALNUMBER":5,"SPRACHE":"D","TEXT":"QUAIL"},{"CARRID":"SQ","MEALNUMBER":6,"SPRACHE":"D","TEXT":"DUCK ON LETTUCE"},{"CARRID":"SQ","MEALNUMBER":7,"SPRACHE":"3","TEXT":"CARPACCIO"},{"CARRID":"SQ","MEALNUMBER":7,"SPRACHE":"D","TEXT":"CARPACCIO"},{"CARRID":"SQ","MEALNUMBER":7,"SPRACHE":"E","TEXT":"CARPACCIO"},{"CARRID":"SQ","MEALNUMBER":8,"SPRACHE":"3","TEXT":"WIENER SCHNITZEL"},{"CARRID":"SQ","MEALNUMBER":8,"SPRACHE":"D","TEXT":"WIENER SCHNITZEL"},{"CARRID":"SQ","MEALNUMBER":8,"SPRACHE":"E","TEXT":"WIENER SCHNITZEL"},{"CARRID":"SQ","MEALNUMBER":9,"SPRACHE":"D","TEXT":"PORK SCHNITZEL"},{"CARRID":"SQ","MEALNUMBER":10,"SPRACHE":"D","TEXT":"SCHNITZEL WITH PEPPER SAUCE"},{"CARRID":"SQ","MEALNUMBER":11,"SPRACHE":"D","TEXT":"CHICKEN AND FRENCH FRIES"},{"CARRID":"SQ","MEALNUMBER":12,"SPRACHE":"D","TEXT":"TURKEY STEAK"},{"CARRID":"SQ","MEALNUMBER":13,"SPRACHE":"D","TEXT":"BAVARIAN DUCK"},{"CARRID":"SQ","MEALNUMBER":14,"SPRACHE":"D","TEXT":"KNUCKLE OF PORK"},{"CARRID":"SQ","MEALNUMBER":15,"SPRACHE":"D","TEXT":"FILLET OF BEEF"},{"CARRID":"SQ","MEALNUMBER":16,"SPRACHE":"D","TEXT":"TROUT AU BLEU"},{"CARRID":"SQ","MEALNUMBER":17,"SPRACHE":"D","TEXT":"TROUT MEUNIERE"},{"CARRID":"SQ","MEALNUMBER":18,"SPRACHE":"D","TEXT":"MONKFISH"},{"CARRID":"SQ","MEALNUMBER":19,"SPRACHE":"D","TEXT":"SOLE"},{"CARRID":"SQ","MEALNUMBER":20,"SPRACHE":"D","TEXT":"MINI FRIED SOLE"},{"CARRID":"SQ","MEALNUMBER":21,"SPRACHE":"D","TEXT":"SALMON IN A BEARNAISE SAUCE"},{"CARRID":"SQ","MEALNUMBER":22,"SPRACHE":"D","TEXT":"SALMON LASAGNE"},{"CARRID":"SQ","MEALNUMBER":23,"SPRACHE":"D","TEXT":"CHOCOLATE ICE CREAM"},{"CARRID":"SQ","MEALNUMBER":24,"SPRACHE":"D","TEXT":"VANILLA ICE CREAM"},{"CARRID":"SQ","MEALNUMBER":25,"SPRACHE":"D","TEXT":"VANILLA ICE CREAM WITH HOT CHERRIES"},{"CARRID":"SQ","MEALNUMBER":26,"SPRACHE":"D","TEXT":"VANILLA ICE CREAM WITH HOT RASPBERRIES"},{"CARRID":"SQ","MEALNUMBER":27,"SPRACHE":"D","TEXT":"APPLE STRUDEL"},{"CARRID":"SQ","MEALNUMBER":28,"SPRACHE":"D","TEXT":"RASPBERRY SORBET"},{"CARRID":"SQ","MEALNUMBER":29,"SPRACHE":"D","TEXT":"STRAWBERRY SORBET"},{"CARRID":"SR","MEALNUMBER":1,"SPRACHE":"D","TEXT":"SEASONAL SALAD"},{"CARRID":"SR","MEALNUMBER":2,"SPRACHE":"D","TEXT":"NICE SALAD"},{"CARRID":"SR","MEALNUMBER":3,"SPRACHE":"D","TEXT":"PARIS SALAD"},{"CARRID":"SR","MEALNUMBER":4,"SPRACHE":"D","TEXT":"HAMBURG SALAD WITH FRESH SHRIMPS"},{"CARRID":"SR","MEALNUMBER":5,"SPRACHE":"D","TEXT":"QUAIL"},{"CARRID":"SR","MEALNUMBER":6,"SPRACHE":"D","TEXT":"DUCK ON LETTUCE"},{"CARRID":"SR","MEALNUMBER":7,"SPRACHE":"3","TEXT":"CARPACCIO"},{"CARRID":"SR","MEALNUMBER":7,"SPRACHE":"D","TEXT":"CARPACCIO"},{"CARRID":"SR","MEALNUMBER":7,"SPRACHE":"E","TEXT":"CARPACCIO"},{"CARRID":"SR","MEALNUMBER":8,"SPRACHE":"3","TEXT":"WIENER SCHNITZEL"},{"CARRID":"SR","MEALNUMBER":8,"SPRACHE":"D","TEXT":"WIENER SCHNITZEL"},{"CARRID":"SR","MEALNUMBER":8,"SPRACHE":"E","TEXT":"WIENER SCHNITZEL"},{"CARRID":"SR","MEALNUMBER":9,"SPRACHE":"D","TEXT":"PORK SCHNITZEL"},{"CARRID":"SR","MEALNUMBER":10,"SPRACHE":"D","TEXT":"SCHNITZEL WITH PEPPER SAUCE"},{"CARRID":"SR","MEALNUMBER":11,"SPRACHE":"D","TEXT":"CHICKEN AND FRENCH FRIES"},{"CARRID":"SR","MEALNUMBER":12,"SPRACHE":"D","TEXT":"TURKEY STEAK"},{"CARRID":"SR","MEALNUMBER":13,"SPRACHE":"D","TEXT":"BAVARIAN DUCK"},{"CARRID":"SR","MEALNUMBER":14,"SPRACHE":"D","TEXT":"KNUCKLE OF PORK"},{"CARRID":"SR","MEALNUMBER":15,"SPRACHE":"D","TEXT":"FILLET OF BEEF"},{"CARRID":"SR","MEALNUMBER":16,"SPRACHE":"D","TEXT":"TROUT AU BLEU"},{"CARRID":"SR","MEALNUMBER":17,"SPRACHE":"D","TEXT":"TROUT MEUNIERE"},{"CARRID":"SR","MEALNUMBER":18,"SPRACHE":"D","TEXT":"MONKFISH"},{"CARRID":"SR","MEALNUMBER":19,"SPRACHE":"D","TEXT":"SOLE"},{"CARRID":"SR","MEALNUMBER":20,"SPRACHE":"D","TEXT":"MINI FRIED SOLE"},{"CARRID":"SR","MEALNUMBER":21,"SPRACHE":"D","TEXT":"SALMON IN A BEARNAISE SAUCE"},{"CARRID":"SR","MEALNUMBER":22,"SPRACHE":"D","TEXT":"SALMON LASAGNE"},{"CARRID":"SR","MEALNUMBER":23,"SPRACHE":"D","TEXT":"CHOCOLATE ICE CREAM"},{"CARRID":"SR","MEALNUMBER":24,"SPRACHE":"D","TEXT":"VANILLA ICE CREAM"},{"CARRID":"SR","MEALNUMBER":25,"SPRACHE":"D","TEXT":"VANILLA ICE CREAM WITH HOT CHERRIES"},{"CARRID":"SR","MEALNUMBER":26,"SPRACHE":"D","TEXT":"VANILLA ICE CREAM WITH HOT RASPBERRIES"},{"CARRID":"SR","MEALNUMBER":27,"SPRACHE":"D","TEXT":"APPLE STRUDEL"},{"CARRID":"SR","MEALNUMBER":28,"SPRACHE":"D","TEXT":"RASPBERRY SORBET"},{"CARRID":"SR","MEALNUMBER":29,"SPRACHE":"D","TEXT":"STRAWBERRY SORBET"},{"CARRID":"UA","MEALNUMBER":1,"SPRACHE":"D","TEXT":"SEASONAL SALAD"},{"CARRID":"UA","MEALNUMBER":2,"SPRACHE":"D","TEXT":"NICE SALAD"},{"CARRID":"UA","MEALNUMBER":3,"SPRACHE":"D","TEXT":"PARIS SALAD"},{"CARRID":"UA","MEALNUMBER":4,"SPRACHE":"D","TEXT":"HAMBURG SALAD WITH FRESH SHRIMPS"},{"CARRID":"UA","MEALNUMBER":5,"SPRACHE":"D","TEXT":"QUAIL"},{"CARRID":"UA","MEALNUMBER":6,"SPRACHE":"D","TEXT":"DUCK ON LETTUCE"},{"CARRID":"UA","MEALNUMBER":7,"SPRACHE":"3","TEXT":"CARPACCIO"},{"CARRID":"UA","MEALNUMBER":7,"SPRACHE":"D","TEXT":"CARPACCIO"},{"CARRID":"UA","MEALNUMBER":7,"SPRACHE":"E","TEXT":"CARPACCIO"},{"CARRID":"UA","MEALNUMBER":8,"SPRACHE":"3","TEXT":"WIENER SCHNITZEL"},{"CARRID":"UA","MEALNUMBER":8,"SPRACHE":"D","TEXT":"WIENER SCHNITZEL"},{"CARRID":"UA","MEALNUMBER":8,"SPRACHE":"E","TEXT":"WIENER SCHNITZEL"},{"CARRID":"UA","MEALNUMBER":9,"SPRACHE":"D","TEXT":"PORK SCHNITZEL"},{"CARRID":"UA","MEALNUMBER":10,"SPRACHE":"D","TEXT":"SCHNITZEL WITH PEPPER SAUCE"},{"CARRID":"UA","MEALNUMBER":11,"SPRACHE":"D","TEXT":"CHICKEN AND FRENCH FRIES"},{"CARRID":"UA","MEALNUMBER":12,"SPRACHE":"D","TEXT":"TURKEY STEAK"},{"CARRID":"UA","MEALNUMBER":13,"SPRACHE":"D","TEXT":"BAVARIAN DUCK"},{"CARRID":"UA","MEALNUMBER":14,"SPRACHE":"D","TEXT":"KNUCKLE OF PORK"},{"CARRID":"UA","MEALNUMBER":15,"SPRACHE":"D","TEXT":"FILLET OF BEEF"},{"CARRID":"UA","MEALNUMBER":16,"SPRACHE":"D","TEXT":"TROUT AU BLEU"},{"CARRID":"UA","MEALNUMBER":17,"SPRACHE":"D","TEXT":"TROUT MEUNIERE"},{"CARRID":"UA","MEALNUMBER":18,"SPRACHE":"D","TEXT":"MONKFISH"},{"CARRID":"UA","MEALNUMBER":19,"SPRACHE":"D","TEXT":"SOLE"},{"CARRID":"UA","MEALNUMBER":20,"SPRACHE":"D","TEXT":"MINI FRIED SOLE"},{"CARRID":"UA","MEALNUMBER":21,"SPRACHE":"D","TEXT":"SALMON IN A BEARNAISE SAUCE"},{"CARRID":"UA","MEALNUMBER":22,"SPRACHE":"D","TEXT":"SALMON LASAGNE"},{"CARRID":"UA","MEALNUMBER":23,"SPRACHE":"D","TEXT":"CHOCOLATE ICE CREAM"},{"CARRID":"UA","MEALNUMBER":24,"SPRACHE":"D","TEXT":"VANILLA ICE CREAM"},{"CARRID":"UA","MEALNUMBER":25,"SPRACHE":"D","TEXT":"VANILLA ICE CREAM WITH HOT CHERRIES"},{"CARRID":"UA","MEALNUMBER":26,"SPRACHE":"D","TEXT":"VANILLA ICE CREAM WITH HOT RASPBERRIES"},{"CARRID":"UA","MEALNUMBER":27,"SPRACHE":"D","TEXT":"APPLE STRUDEL"},{"CARRID":"UA","MEALNUMBER":28,"SPRACHE":"D","TEXT":"RASPBERRY SORBET"},{"CARRID":"UA","MEALNUMBER":29,"SPRACHE":"D","TEXT":"STRAWBERRY SORBET"}]